"CD_PROTOCOLE";"LB_PROTOCOLE_COURT";"CD_PROT_METIER";"CODE_v0_9";"CD_PROT_REF";"LB_PROTOCOLE_COMPLET";"LB_PROTOCOLE_EN";"DATE_PUBLI";"VERSION";"OBSOLETE";"PROT_AUTEUR";"URL_PERM";"URL";"URL_COMPLEMENTAIRE";"DESCRIPTION";"DESCR_CIBLE_PROT";"DESCR_OBJECTIF_PROT";"CIBLE";"ECHELLE_RESTIT";"SAISIE";"BIOLOGIE";"ABIOTIQUE";"NATURE_DONNEES";"ANALYSE_REFERENCE";"GUIDE_SINP_DONNEES";"NORME";"INDICATEUR";"CATEGORIE_PROT";"UUID";"GELE"
1;"AONFM 2009-2012";"P1";1;1;"Atlas des oiseaux nicheurs de France métropolitaine 2009-2012";;"02/2009";;"false";"LPO, SEOF, MNHN";"https://inpn.mnhn.fr/docs-web/docs/download/374404";"https://www.google.com/url?sa=t&rct=j&q=&esrc=s&source=web&cd=&ved=2ahUKEwi-y8LLsbfvAhUI2BoKHfaWBmAQFjAAegQIAhAD&url=https%3A%2F%2Fcdnfiles1.biolovision.net%2Fwww.faune-loire.org%2Fuserfiles%2FProtocoles%2FAONFMprotocole1.pdf&usg=AOvVaw0Wse2qDxrxTzCWF4pYa-S0";"Lien vers une page de présentation de l'Atlas 2009-2012 : https://www.faune-touraine.org/index.php?m_id=20007 ; autre guide méthodologique : http://files.biolovision.net/www.faune-loire.org/userfiles/Protocoles/Atlasnational-Guidemethodologiqueduparticipant-6544-3119.pdf";"Ce document présente la façon d'effectuer l'atlas (répartition spatiale : absence/présence et abondances i.e. nombre de couples) de tous les oiseaux nicheurs en France métropolitaine à partir de la présence et du statut de reproduction de l'espèce, à l'échelle d'un maillage national de 10*10 km. Ce protocole est établi pour la période de recensement 2009-2011.";"Oiseaux nicheurs de France métropolitaine répartis entre espèces diurnes et crépusculaires, espèces patrimoniales et coloniales (ardéidés, laridés, corvidés, guêpiers, etc. : renvoi à la liste dans le guide technique fourni en plus)";"Répartition spatiale harmonisée entre associations de suivi et de protection des oiseaux au niveau national ; abondances semi-quantitatives pour toutes les espèces et quantitatives pour certaines espèces patrimoniales et coloniales, référence aux cartes STOC pour certaines espèces communes (voir le protocole STOC)";"Oiseaux";"Nationale";"Pas de fiche de terrain proposée ; centralisation des données par les coordinateur.ice.s locaux";"Statut de reproduction (nicheur certain, probable, possible) basé sur les critères décrits par la méthode dans l'Atlas of European Breeding Birds (Hagemeijer & Blair, 1997), abondance des couples ; prospections par type d'habitats";"Prospections par saison pour chaque maille, durée de prospection par maille";"";;;;;"Enquêtes (ponctuelles ou continues)";"6e795f68-20e8-4d89-a2f2-357def5047f1";"false"
2;"BirdLab";"P2";2;2;"BirdLab - Observation aux mangeoires";;"2015";;"false";"Vigie-Nature, programme BirdLab : MNHN, LPO, AgroParisTech";"https://inpn.mnhn.fr/docs-web/docs/viewDoc/374409";"http://www.vigienature.fr/vigie-manip/birdlab";;"Dans le cadre du programmme Vigie-Nature, le projet Birdlab est un observatoire de science participative dont le but est de mieux appréhender le comportement des oiseaux à la mangeoire, en hiver.";"Avifaune commune (oiseaux) des jardins";"Quels sont les comportements des oiseaux à la mangeoire, diffèrent-ils d'une espèce à l'autre, d'un habitat à l'autre ? Un oiseau préfère-t-il se nourrir là où d’autres congénères sont déjà présents ou préfère-t-il s’isoler ? Comment les espèces coopèrent-elles ? Existe-t-il des comportements de compétition ou de coopération entre individus ou entre espèces ?";"Oiseaux";"Nationale";"Observation et saisie dans BirdLab , application sur smartphone réalisée par smallbang : disponible sur l'App store et Google play ; possibilité de rejoindre le réseau national d'observation des mangeoires : https://www.google.com/maps/d/u/0/viewer?ll=47.46722797766251%2C3.1965369281249423&z=7&mid=1cYJl5e6Aw7pABDOGqE_ysp5tqys";"Reconnaissance des espèces (27 espèces les plus communes de jardin),  aux deux mangeoires en temps réel";"Localisation du site";"";;;;;"Protocoles standardisés";"118b4d89-bf74-4754-b701-3b452c84c483";"false"
3;"EPOC (2017)";"P3";3;4;"Estimation des Populations d'Oiseaux Communs (EPOC - version 2017)";;"2017";"version test";"true";"Programme Vigie-Plume : MNHN, LPO";"https://inpn.mnhn.fr/docs-web/docs/download/374417";"https://gon.fr/gon/wp-content/uploads/2017/05/protocole-EPOC-GON.pdf";"Lien vers le site de présentation du protocole en cours (version 2018) : https://www.faune-france.org/index.php?m_id=20023";"En collaboration avec Vigie-Plume (MNHN), le protocole d’étude EPOC (Estimation des Populations d’Oiseaux Communs) reprenant une version simplifiée du STOC EPS (référencé au n°99 de ce catalogue), a été développé. L'objectif de cette enquête est d’appliquer une méthode simple largement réalisable à l’échelle nationale. Son application, peu contraignante pour les observateurs, permettra de récolter des données standardisées qui, associées aux données du STOC EPS traditionnel, permettront de calculer des tailles de population nationales mais aussi de préciser les tendances démographiques de l’avifaune commune.";"Avifaune commune (oiseaux)";"Estimation des effectifs et des évolutions des espèces d'oiseaux communes";"Oiseaux";"Nationale";"Saisie dans NaturaList, application sur smartphone réalisée par VisioNature : disponible sur Playstore ; ou bien sur le site https://www.faune-france.org/";"Comptage exhaustif de tous les individus de toutes les espèces détectées vues et entendues ; différenciation individu local/individu en transit";"Localisation du point d'écoute";"";;;;;"Protocoles standardisés";"afa01424-5713-43a9-8c01-011cba2fff7f";"false"
4;"EPOC (2018)";"P4";4;4;"Estimation des Populations d'Oiseaux Communs (EPOC - version 2018)";;"2018";"2018";"false";"Programme Vigie-Plume : MNHN, LPO";"https://inpn.mnhn.fr/docs-web/docs/download/374429";"https://cdnfiles1.biolovision.net/www.faune-france.org/userfiles/Comprendre/Epocprotocole.pdf";"Lien vers le site de présentation du protocole en cours (version 2018) : https://www.faune-france.org/index.php?m_id=20023";"En collaboration avec Vigie-Plume (MNHN), le protocole d’étude EPOC (Estimation des Populations d’Oiseaux Communs) reprenant une version simplifiée du STOC EPS (référencé au n°99 de ce catalogue), a été développé. L'objectif de cette enquête est d’appliquer une méthode simple largement réalisable à l’échelle nationale. Son application, peu contraignante pour les observateurs, permettra de récolter des données standardisées qui, associées aux données du STOC EPS traditionnel, permettront de calculer des tailles de population nationales mais aussi de préciser les tendances démographiques de l’avifaune commune.";"Avifaune commune (oiseaux)";"Estimation des effectifs et des évolutions des espèces d'oiseaux communes";"Oiseaux";"Nationale";"Saisie dans NaturaList, application sur smartphone réalisée par VisioNature : disponible sur Playstore ; ou bien sur le site https://www.faune-france.org/ ; tutoriel de saisie en ligne : https://www.youtube.com/watch?v=0ZJe2GebB-s";"Comptage exhaustif de tous les individus de toutes les espèces détectées ; différenciation individu local/individu en transit";"Localisation du point d'écoute";"";;;;;"Protocoles standardisés";"f45feb63-a8f6-46c5-a661-73dc06f70ff2";"false"
5;"Florilèges";"P5";5;5;"Florilèges - Prairies urbaines";;"2015";;"false";"Vigie-Nature, programme Florilèges : Plante et Cité, MNHN, CBNBP, AFB IdF, Département du 93";"https://inpn.mnhn.fr/docs-web/docs/download/374418";"http://www.vigienature.fr/fr/participez-florileges-prairies-3480";"https://www.suivis-espaces-verts.fr/le-programme-florileges-prairies";"Dans le cadre du programmme Vigie-Nature, ce protocole propose aux gestionnaires de contribuer à un effort collectif de récolte de données sur la flore des prairies (de plus de 130 m²) pour améliorer les connaissances de l’effet des pratiques de gestion sur la qualité écologique des prairies, mais également de la dynamique de l’évolution de ces milieux grâce à un suivi standardisé de la flore des prairies urbaines.";"Flore des prairies urbaines";"Suivi floristique, évolution et évaluation de la valeur écologique des prairies urbaines en lien avec les pratiques de gestion";"Plantes, mousses et fougères";"Locale (site)";"Fiches de relevé floristique et de gestion de la prairie disponibles ici : http://www.vigienature.fr/sites/vigienature/files/documents/fiche_releve-gestion-web_0.pdf; fiche de relevé sur l'historique du site prospecté : http://www.vigienature.fr/sites/vigienature/files/documents/fiche_localisation-historique-web_0.pdf ; saisie des données sur son compte Florilège (à créer): https://florileges-prairies.herokuapp.com/users/sign_in; ateliers de formation proposés ici : http://www.vigienature.fr/fr/atelier-formation-3594";"Relevé de la flore : deux clefs de détermination de la flore de la moitié nord de la France hexagonale sont proposées ici : https://www.audreymuratet.com/pdf/cle_prairies.pdf ; http://www.vigienature.fr/sites/vigienature/files/atoms/files/cle_poacees.pdf";"Histoire du site, itinéraire de culture, gestion de la prairie (fauche, paturage, semis etc.), milieux bordant la prairie, hauteur moyenne des plantes";"";"Bilans des campagnes disponibles ici : http://www.vigienature.fr/fr/resultats-bilans-3481";;;;"Protocoles standardisés";"4f675ac0-e55d-4fe9-b273-e7876aa4eb7a";"false"
6;"Florilèges - Toitures";"P6";6;6;"Florilèges - Toitures";;"2017";;"true";"Plante et Cité";"https://inpn.mnhn.fr/docs-web/docs/download/374419";"https://www.plante-et-cite.fr/files/ressource/file:1002";"Lien vers la page de présentation du protocole : https://www.plante-et-cite.fr/projet/fiche/49/florileges_toitures_observatoire/n:25 ; références bibliographiques sur les espèces/variétés floristiques des toitures : https://www.plante-et-cite.fr/ressource/fiche/446/listes_biblio";"Le programme ""Florilèges toitures"" est un dispositif de sciences participatives pour l’observation des plantes de toitures. Il vise à mieux connaître la composition végétale et la dynamique d’évolution des toitures végétalisées en France.";"Flore des toitures végétalisées : éventuellement mousses, hépatiques, lichens";"Mieux connaître la composition végétale et la dynamique d’évolution des toitures végétalisées en France, mieux connaître le comportement des différentes espèces, leur pérennité ou non, la vigilance à porter sur certains taxons lors des phases d’entretien ; mettre en place un observatoire dans le cadre d'un programme de sciences participatives ; identifier des végétaux adaptés à un usage sur toitures végétalisées extensives (plantés et spontanés) ; identifier la flore spontanée ayant un impact potentiel sur le bâti ; dégager des itinéraires techniques d'entretien (fréquence, pratiques) ; apporter des réponses par régions";"Plantes, mousses et fougères";"Nationale";"Fiche de relevé à télécharger ici (version 2017) : https://www.plante-et-cite.fr/files/ressource/file:1002 ; envoi des photos ou de l'herbier : contact Plante & Cité - Olivier Damas : toitures@florileges.info 02 41 72 17 37";"Présence, abondance, état de croissance : photo ou herbier à constituer : technique de relevé floristique présentée ici (version 2016) : https://www.plante-et-cite.fr/files/ressource/file:855 ; aide au premier relevé par un botaniste proposée (mais probablement que pour la période du projet: 2015-2018) ; liste des taxons les plus fréquents disponible ici: https://www.plante-et-cite.fr/ressource/fiche/540/flore_des_toitures_les_75_taxons_les_plus_frequents_en_france/n:25 ;";"Type d'aménagement, saison météorologique, interventions sur la toiture";"";;;;;"Protocoles standardisés";"d1855f4d-6eca-4dee-a51a-e6feb8436736";"false"
7;"IPE";"P7";7;7;"Indice de Potentialité Ecologique (IPE)";;"2020";"2020";"false";"MNHN";"https://inpn.mnhn.fr/docs-web/docs/download/358209";;"Lien vers le site de présentation du programme : http://iqe-spn.mnhn.fr/";"Ce protocole semi-standardisé de diagnostic des enjeux naturalistes, permet d’évaluer à l’échelle d’un site dans sa globalité, la biodiversité, la fonctionnalité écologique et l’efficacité des mesures d’aménagements et de gestion écologiques, dans une optique de suivi temporel. Il repose sur les mêmes critères d’évaluation que l'IQE (référencé au n°8 de ce catalogue), mais sur un seul jour d’inventaire. Il brosse à grands traits un portrait succinct du site et de ses potentialités. Il est assimilable à un pré-diagnostic. Version 2 de la méthode IQE et IPE, mise à jour en tenant compte des retours d’expériences, des différentes évolutions souhaitées et partagées dans le cadre de la communauté de pratiques et de plusieurs groupes de travail. Elle repose, comme la précédente version (Delzons & al., 2013), sur un collège d’experts de l’UMS PatriNat.";"Habitats naturels, voire certains vergers, vignes, certains champs cultivés et certaines plantations (voir la liste dans le protocole) ; flore, amphibiens, reptiles, lépidoptères rhopalocères, odonates, autres taxons éventuels, avec surtout l'avifaune, les espèces patrimoniales et les espèces indicatrices de conditions écologiques stationnelles, de stades de recolonisation, de dysfonctionnement ou encore les espèces exotiques envahissantes";"Diagnostic écologique rapide, sorte de pré-diagnostic des enjeux naturalistes, permettant d’évaluer à l’échelle d’un site dans sa globalité, la biodiversité, la fonctionnalité écologique et l’efficacité des mesures d’aménagements et de gestion écologiques, dans une optique de suivi temporel";"Multi-groupes";"Locale (site)";"Fiches de relevés données en annexe ; saisie dans un fichier excel pour le calcul de l'indice ; possibilité d'envoyer les données en ligne ici (après création d'un compte utilisateur.ice) : http://iqe-spn.mnhn.fr/tableur-excel-calcul-de-liqe/";"Inventaire systématique de chaque taxon, inventaire des habitats naturels, pourcentage de surface occupée par des Espèces Exotiques Envahissantes, place dans les continuités écologiques et la matrice paysagère";"Pourcentage de surface artificialisée dans le site, perméabilité du site";"";;;;;"Protocoles standardisés";"890f4528-c5ff-467e-b2b5-547a6aaa6144";"false"
8;"IQE";"P8";8;8;"Indice de Qualité Ecologique (IQE)";;"2020";"2020";"false";"MNHN";"https://inpn.mnhn.fr/docs-web/docs/download/358209";;"Lien vers le site de présentation du programme : http://iqe-spn.mnhn.fr/";"Ce protocole semi-standardisé de diagnostic des enjeux naturalistes permet d’évaluer à l’échelle d’un site dans sa globalité la biodiversité, la fonctionnalité écologique et l’efficacité des mesures d’aménagements et de gestion écologiques, dans une optique de suivi temporel. Il repose sur un inventaire de terrain relativement complet et permet une évaluation en profondeur de la qualité écologique. Il existe une version ""simplifiée"" de l'IQE, qui repose sur les mêmes critères d’évaluation, mais sur un seul jour d’inventaire et qui est assimilable à un pré-diagnostic (voir le protocole IPE référencé dans ce catalogue au n°7). Version 2 de la méthode IQE et IPE, mise à jour en tenant compte des retours d’expériences, des différentes évolutions souhaitées et partagées dans le cadre de la communauté de pratiques et de plusieurs groupes de travail. Elle repose, comme la précédente version (Delzons & al., 2013), sur un collège d’experts de l’UMS PatriNat.";"Habitats naturels, voire certains vergers, vignes, certains champs cultivés et certaines plantations (voir la liste dans le protocole) ; flore, avifaune, amphibiens, reptiles, lépidoptères rhopalocères, odonates, autres taxons éventuels";"Inventaire de terrain relativement complet et évaluation en profondeur de la qualité écologique d’un site dans sa globalité ; évaluation des opérations de restauration et de réaménagement écologique ; diagnostic et suivi";"Multi-groupes";"Locale (site)";"Fiches de relevés données en annexe ; saisie dans un fichier excel pour le calcul de l'indice ; possibilité d'envoyer les données en ligne ici (après création d'un compte utilisateur.ice) : http://iqe-spn.mnhn.fr/tableur-excel-calcul-de-liqe/";"Inventaire systématique de chaque taxon, inventaire des habitats naturels, pourcentage de surface occupée par des Espèces Exotiques Envahissantes, place dans les continuités écologiques et la matrice paysagère";"Pourcentage de surface artificialisée dans le site, perméabilité du site";"";;;;;"Protocoles standardisés";"9108be5e-ece6-496f-91e3-df520267f5cc";"false"
9;"ICE - IAA";"P9";9;9;"Indicateurs de changement écologique Abondance - Indice Aérien d'Abondance";;"2015";;"false";"ONCFS";"https://inpn.mnhn.fr/docs-web/docs/download/201608";"https://professionnels.ofb.fr/sites/default/files/pdf/documentation/FT-ICE-2015_complet.pdf";"Page de présentation générale des ICE : https://professionnels.ofb.fr/fr/doc-fiches-techniques/suivi-populations-dongules-leurs-habitats-indicateurs-changement-ecologique";"Les indicateurs de changement écologique (ICE) entrent dans une stratégie de gestion adaptative de la grande faune. Suivis dans la durée, ils permettent de maintenir des populations en bonne condition, dont les effectifs sont adaptés aux capacités des habitats. Contrairement aux anciennes méthodes de comptages qui tentaient d’estimer les effectifs présents, les indicateurs proposés à la suite de validations scientifiques rigoureuses, les ICE étudient les relations entre la grande faune et le compartiment végétal.
Parmi les Indicateurs de changement écologique s'intéressant à l'abondance (répertoriés aux n°9 à 15 à de ce catalogue),  ce protocole vise à suivre les variations de l’abondance relative des populations de mouflons en milieu de moyenne montagne. L’indice correspond au nombre moyen de mouflons observés sur un circuit aérien.";"Mouflon";"Evolution des populations d'une année sur l'autre";"Mammifères";"Locale (site)";"Fichier excel à remplir à partir des fiches de terrain disponibles en fin de protocole";"Identification à vue de l'espèce, du nombre d’animaux, du sexe et de la classe d’âge par groupe d'animaux (ou pour l'individu seul s'il est isolé)";"Circuit parcouru, série, conditions météorologiques (pluie, brouillard, neige, vent, beau temps), température";"";;;;;"Protocoles standardisés";"22a8e296-5055-4ce6-8950-95edaa898439";"false"
10;"ICE - IPS";"P10";10;10;"Indicateurs de changement écologique Abondance - Indice d'Abondance Pédestre";;"2015";;"false";"ONCFS";"https://inpn.mnhn.fr/docs-web/docs/download/201608";"https://professionnels.ofb.fr/sites/default/files/pdf/documentation/FT-ICE-2015_complet.pdf";"Page de présentation générale des ICE : https://professionnels.ofb.fr/fr/doc-fiches-techniques/suivi-populations-dongules-leurs-habitats-indicateurs-changement-ecologique";"Les indicateurs de changement écologique (ICE) entrent dans une stratégie de gestion adaptative de la grande faune. Suivis dans la durée, ils permettent de maintenir des populations en bonne condition, dont les effectifs sont adaptés aux capacités des habitats. Contrairement aux anciennes méthodes de comptages qui tentaient d’estimer les effectifs présents, les indicateurs proposés à la suite de validations scientifiques rigoureuses, les ICE étudient les relations entre la grande faune et le compartiment végétal.
Parmi les Indicateurs de changement écologique s'intéressant à l'abondance (répertoriés aux n°9 à 15 à de ce catalogue),  ce protocole vise à suivre les variations de l’abondance relative des populations de chamois et d’isards en milieu montagnard. L’indice correspond au nombre moyen de chamois ou d’isards (à l’exclusion des chevreaux dont la probabilité de détection est plus faible et plus variable que celle des adultes) observés par circuit.";"Chamois, Isard";"Evolution des populations d'une année sur l'autre";"Mammifères";"Locale (site)";"Fichier excel à remplir à partir des fiches de terrain disponibles en fin de protocole";"Identification à vue de l'espèce, du nombre d’animaux, du sexe et de la classe d’âge par groupe d'animaux (ou pour l'individu seul s'il est isolé)";"Circuit parcouru, série, conditions météorologiques (pluie, brouillard, neige, vent, beau temps), température";"";;;;;"Protocoles standardisés";"f52e16ed-975b-489e-bf85-b7b62032184d";"false"
11;"ICE - IKP";"P11";11;11;"Indicateurs de changement écologique Abondance - Indice Kilométrique Pédestre";;"2015";;"false";"ONCFS";"https://inpn.mnhn.fr/docs-web/docs/download/201608";"https://professionnels.ofb.fr/sites/default/files/pdf/documentation/FT-ICE-2015_complet.pdf";"Page de présentation générale des ICE : https://professionnels.ofb.fr/fr/doc-fiches-techniques/suivi-populations-dongules-leurs-habitats-indicateurs-changement-ecologique";"Les indicateurs de changement écologique (ICE) entrent dans une stratégie de gestion adaptative de la grande faune. Suivis dans la durée, ils permettent de maintenir des populations en bonne condition, dont les effectifs sont adaptés aux capacités des habitats. Contrairement aux anciennes méthodes de comptages qui tentaient d’estimer les effectifs présents, les indicateurs proposés à la suite de validations scientifiques rigoureuses, les ICE étudient les relations entre la grande faune et le compartiment végétal.
Parmi les Indicateurs de changement écologique s'intéressant à l'abondance (répertoriés aux n°9 à 15 à de ce catalogue), ce protocole vise à suivre les variations de l’abondance relative des populations de chevreuils en milieu forestier de plaine. L’indice correspond au nombre moyen de chevreuils observés par km de circuit parcouru.";"Chevreuil européen";"Evolution des variations de l’abondance relative d’une population de chevreuils";"Mammifères";"Locale (site)";"Fichier excel à remplir à partir des fiches de terrain disponibles en fin de protocole";"Identification à vue de l'espèce, du nombre d’animaux, du sexe et de la classe d’âge par groupe d'animaux (ou pour l'individu seul s'il est isolé)";"Circuit parcouru, série, conditions météorologiques (pluie, brouillard, neige, vent, beau temps), température";"";;;;;"Protocoles standardisés";"d381faa4-ac60-4ef5-a900-a3e066edb0f2";"false"
12;"ICE - IKV";"P12";12;12;"Indicateurs de changement écologique Abondance - Indice Kilométrique Voiture";;"2015";;"false";"ONCFS";"https://inpn.mnhn.fr/docs-web/docs/download/201608";"https://professionnels.ofb.fr/sites/default/files/pdf/documentation/FT-ICE-2015_complet.pdf";"Page de présentation générale des ICE : https://professionnels.ofb.fr/fr/doc-fiches-techniques/suivi-populations-dongules-leurs-habitats-indicateurs-changement-ecologique";"Les indicateurs de changement écologique (ICE) entrent dans une stratégie de gestion adaptative de la grande faune. Suivis dans la durée, ils permettent de maintenir des populations en bonne condition, dont les effectifs sont adaptés aux capacités des habitats. Contrairement aux anciennes méthodes de comptages qui tentaient d’estimer les effectifs présents, les indicateurs proposés à la suite de validations scientifiques rigoureuses, les ICE étudient les relations entre la grande faune et le compartiment végétal.
Parmi les Indicateurs de changement écologique s'intéressant à l'abondance (répertoriés aux n°9 à 15 à de ce catalogue), ce protocole vise à suivre les variations de l’abondance relative des populations de chevreuils en milieu forestier de plaine. L’indice correspond au nombre moyen de chevreuils observés par km de circuit parcouru.";"Chevreuil européen";"Evolution des variations de l’abondance relative d’une population de chevreuils";"Mammifères";"Locale (site)";"Fichier excel à remplir à partir des fiches de terrain disponibles en fin de protocole";"Identification à vue de l'espèce, du nombre d’animaux, du sexe et de la classe d’âge par groupe d'animaux (ou pour l'individu seul s'il est isolé)";"Circuit parcouru, série, conditions météorologiques (pluie, brouillard, neige, vent, beau temps), température";"";;;;;"Protocoles standardisés";"c79e9720-0a1e-46a0-a556-32a740843489";"false"
13;"ICE - IN";"P13";13;13;"Indicateurs de changement écologique Abondance - Indice Nocturne";;"2015";;"false";"ONCFS";"https://inpn.mnhn.fr/docs-web/docs/download/201608";"https://professionnels.ofb.fr/sites/default/files/pdf/documentation/FT-ICE-2015_complet.pdf";"Page de présentation générale des ICE : https://professionnels.ofb.fr/fr/doc-fiches-techniques/suivi-populations-dongules-leurs-habitats-indicateurs-changement-ecologique";"Les indicateurs de changement écologique (ICE) entrent dans une stratégie de gestion adaptative de la grande faune. Suivis dans la durée, ils permettent de maintenir des populations en bonne condition, dont les effectifs sont adaptés aux capacités des habitats. Contrairement aux anciennes méthodes de comptages qui tentaient d’estimer les effectifs présents, les indicateurs proposés à la suite de validations scientifiques rigoureuses, les ICE étudient les relations entre la grande faune et le compartiment végétal.Les indicateurs de changement écologique (ICE) entrent dans une stratégie de gestion adaptative de la grande faune. Suivis dans la durée, ils permettent de maintenir des populations en bonne condition, dont les effectifs sont adaptés aux capacités des habitats. Contrairement aux anciennes méthodes de comptages qui tentaient d’estimer les effectifs présents, les indicateurs proposés à la suite de validations scientifiques rigoureuses, les ICE étudient les relations entre la grande faune et le compartiment végétal.
Parmi les Indicateurs de changement écologique s'intéressant à l'abondance (répertoriés aux n°9 à 15 à de ce catalogue), ce protocole vise à suivre les variations de l’abondance relative des populations de cerfs en milieu forestier collinéen. L’indice correspond au nombre moyen de cerfs (et de groupes) observés par km de circuit parcouru.";"Cerf élaphe";"Evolution des variations de l’abondance relative d’une population de cerfs";"Mammifères";"Locale (site)";"Fichier excel à remplir à partir des fiches de terrain disponibles en fin de protocole";"Identification à vue de l'espèce, du nombre d’animaux, du sexe et de la classe d’âge par groupe d'animaux (ou pour l'individu seul s'il est isolé)";"Circuit parcouru, série, conditions météorologiques (pluie, brouillard, neige, vent, beau temps), température";"";;;;;"Protocoles standardisés";"181fb0a3-58ec-4efe-804c-bbf6a45ef244";"false"
14;"ICE - IPA";"P14";14;14;"Indicateurs de changement écologique Abondance - Indice Ponctuel d'Abondance";;"2015";;"false";"ONCFS";"https://inpn.mnhn.fr/docs-web/docs/download/201608";"https://professionnels.ofb.fr/sites/default/files/pdf/documentation/FT-ICE-2015_complet.pdf";"Page de présentation générale des ICE : https://professionnels.ofb.fr/fr/doc-fiches-techniques/suivi-populations-dongules-leurs-habitats-indicateurs-changement-ecologique";"Les indicateurs de changement écologique (ICE) entrent dans une stratégie de gestion adaptative de la grande faune. Suivis dans la durée, ils permettent de maintenir des populations en bonne condition, dont les effectifs sont adaptés aux capacités des habitats. Contrairement aux anciennes méthodes de comptages qui tentaient d’estimer les effectifs présents, les indicateurs proposés à la suite de validations scientifiques rigoureuses, les ICE étudient les relations entre la grande faune et le compartiment végétal.
Parmi les Indicateurs de changement écologique s'intéressant à l'abondance (répertoriés aux n°9 à 15 à de ce catalogue),  ce protocole vise à suivre les variations de l’abondance relative des populations de mouflons en milieu montagnard. L’indice correspond au nombre moyen de mouflons observés par secteur.";"Mouflon";"Evolution des variations de l’abondance relative d’une population de mouflons";"Mammifères";"Locale (site)";"Fichier excel à remplir à partir des fiches de terrain disponibles en fin de protocole";"Identification à vue de l'espèce, du nombre d’animaux, du sexe et de la classe d’âge par groupe d'animaux (ou pour l'individu seul s'il est isolé)";"Circuit parcouru, série, conditions météorologiques (pluie, brouillard, neige, vent, beau temps), température";"";;;;;"Protocoles standardisés";"f215b4ad-7c59-42bc-97fa-43d7cca9e6dd";"false"
15;"ICE - TGp";"P15";15;15;"Indicateurs de changement écologique Abondance - Taille des Groupes";;"2015";;"false";"ONCFS";"https://inpn.mnhn.fr/docs-web/docs/download/201608";"https://professionnels.ofb.fr/sites/default/files/pdf/documentation/FT-ICE-2015_complet.pdf";"Page de présentation générale des ICE : https://professionnels.ofb.fr/fr/doc-fiches-techniques/suivi-populations-dongules-leurs-habitats-indicateurs-changement-ecologique";"Les indicateurs de changement écologique (ICE) entrent dans une stratégie de gestion adaptative de la grande faune. Suivis dans la durée, ils permettent de maintenir des populations en bonne condition, dont les effectifs sont adaptés aux capacités des habitats. Contrairement aux anciennes méthodes de comptages qui tentaient d’estimer les effectifs présents, les indicateurs proposés à la suite de validations scientifiques rigoureuses, les ICE étudient les relations entre la grande faune et le compartiment végétal.
Parmi les Indicateurs de changement écologique s'intéressant à l'abondance (répertoriés aux n°9 à 15 à de ce catalogue),  ce protocole vise à suivre les variations de l’abondance relative des populations de bouquetins en milieu montagnard pour des populations avec un faible effectif, récemment réintroduites ou en voie de colonisation. La variation de la taille moyenne des groupes (TGp) est corrélée avec celle de l’abondance relative d’une population de bouquetins en phase de colonisation. L’indicateur correspond au nombre moyen de bouquetins par groupe de mâles observés par circuit.";"Bouquetin";"Evolution de l’abondance relative d’une population de bouquetins en phase de colonisation";"Mammifères";"Locale (site)";"Fichier excel à remplir à partir des fiches de terrain disponibles en fin de protocole";"Identification à vue de l'espèce, du nombre d’animaux, du sexe et de la classe d’âge par groupe d'animaux (ou pour l'individu seul s'il est isolé)";"Circuit parcouru, série, conditions météorologiques (pluie, brouillard, neige, vent, beau temps), température";"";;;;;"Protocoles standardisés";"ed697713-7336-4da1-9846-a88963a15195";"false"
16;"Insectes et Ciel Étoilé";"P16";16;16;"Insectes et Ciel Étoilé";;"2014";"2014";"false";"Vigie-Nature, Observatoire de la Biodiversité de la Nuit : MNHN, Association Française d’Astronomie, Noé";"https://inpn.mnhn.fr/docs-web/docs/download/174548";;;"L'Observatoire de la Biodiversité de la Nuit propose un protocole qui vise à évaluer l’impact de la pollution lumineuse sur la biodiversité en couplant l'observation des étoiles à celle des insectes nocturnes par enquête participative.";"Insectes nocturnes sensibles aux trois types d'ampoules ou aux types d'allumes-cigares préconisés";"Evaluer l'impact de la pollution lumineuse sur les insectes nocturnes et observer le ciel étoilé";"Insectes et araignées";"Nationale";"Fiches de relevés proposées dans le protocole, puis saisie des données en ligne : https://bit.ly/2xoQWfB";"Identification et dénombrement (fourchettes) des espèces (ordre ou groupe) d'insectes sur le drap voire d'espèces remarquables en dehors du drap; éléments de l'environnement (pelouses, friches….)";"Distance à la source d'éclairage la plus proche (si présente), forme, couleur; température, force du vent; type d'ampoule utilisée pour attirer les insectes ; protocole d'observation des étoiles/constellation en même temps possible et recommandé";"";;;;;"Protocoles standardisés";"3198b35a-3c88-4245-b8b0-6de5d6a77c38";"false"
17;"IFN (après 2004)";"P17";17;17;"Inventaire Forestier National (IFN - après 2004)";;"2018";"2018";"false";"IGN";"https://inpn.mnhn.fr/docs-web/docs/download/409151";"https://inventaire-forestier.ign.fr/spip.php?rubrique25";"https://inpn.mnhn.fr/docs-web/docs/download/374430";"Ce protocole présente le programme d'inventaire permanent des ressources forestières nationales, indépendamment de toute question de propriété, pour connaître l’état, l’évolution dans le temps et les potentialités de la forêt française.";"Habitats forestiers, flore forestière";"Inventaire et évolution de l'état des forêts en France, aide à la prise de décision des politiques publiques possibles";"Habitats";"Nationale";"Fiches de relevés, ordinateur de poche avec application de l'IGN";"Relevés dendrologiques, floristiques, de bois mort au sol, description des peuplements";"Relevés pédologiques, conditions stationnelles";"";;"https://inpn.mnhn.fr/docs-web/docs/download/256029";;;"Protocoles standardisés";"3bfa8ac2-cf07-4589-aa47-f8f904b885a7";"false"
18;"IFN (avant 2004)";"P18";18;18;"Inventaire Forestier National (IFN - avant 2004)";;;"avant 2005";"true";"IGN";;;"Lien vers la méthodologie plus précise, utilisée depuis 2005 : https://inventaire-forestier.ign.fr/IMG/pdf/181011_methodologie.pdf";"Ce protocole présente le programme d'inventaire permanent des ressources forestières nationales, indépendamment de toute question de propriété, pour connaître l’état, l’évolution dans le temps et les potentialités de la forêt française.";"Habitats forestiers, flore forestière";"Inventaire et évolution de l'état des forêts en France, aide à la prise de décision des politiques publiques possibles";"Habitats";"Nationale";"?";"Relevés dendrologiques, floristiques, de bois mort au sol, description des peuplements";"Relevés pédologiques, conditions stationnelles";"";;;;;"Protocoles standardisés";"f568de92-9c40-4211-bd92-7eeb5059e6b6";"false"
19;"Lichens Go (2018)";"P19";19;197;"Lichens Go (version 2018)";;"2018";;"true";"Programme PartiCitae (Participation Citadine à l’observation de l’Environnement) : Sorbonne Université";"https://inpn.mnhn.fr/docs-web/docs/download/214094";"http://www.particitae.upmc.fr/fr/suivez-les-lichens/protocole-lichens-go.html";"Le lien vers le livret complet avec le protocole détaillé : www.particitae.upmc.fr/_resources/doc/livret-lichens-2020-10-complet.pdf?download=true";"Ce protocole permet d'évaluer la qualité de l’air à partir de l'observation des lichens, qui indiquent un niveau de pollution cumulé sur plusieurs années.";"Lichens poussant sur les arbres en milieu urbain";"Suivi des lichens sur les arbres en ville, évaluation de la qualité de l'air";"Champignons et lichens";"Nationale";"Fiche de relevés disponibles ici : www.particitae.upmc.fr/_resources/doc/Fiche-terrain_Lichens-Go.pdf?download=true ; interface de saisie de Lichens GO! :  http://www.particitae.upmc.fr/fr/suivez-les-lichens/saisie-de-donnees-lichens-go.html";"Espèce et circonférence des arbres concernés par le relevé, liste des espèces de lichens; livret de reconnaissance proposé ici : www.particitae.upmc.fr/_resources/doc/livret-lichens-2019-06.pdf?download=true";"Face du tronc orienté vers l'éventuel bâtiment (Nord, sud, etc.)";"";;;;;"Protocoles standardisés";"40972010-a8e0-4763-8c30-c7aa8095182c";"false"
20;"Lichens Go (test 2017)";"P20";20;197;"Lichens Go (version test 2017)";;"2017";;"true";"Programme PartiCitae (Participation Citadine à l’observation de l’Environnement) : Sorbonne Université";;;"Lien plus récent ici : http://www.particitae.upmc.fr/fr/suivez-les-lichens/protocole-lichens-go.html";"Ce protocole permet d'évaluer la qualité de l’air à partir de l'observation des lichens, qui indiquent un niveau de pollution cumulé sur plusieurs années.";"Lichens poussant sur les arbres en milieu urbain";"Suivi des lichens sur les arbres en ville, évaluation de la qualité de l'air";"Champignons et lichens";"Nationale";"Fiche de relevés disponibles ici : www.particitae.upmc.fr/_resources/doc/Fiche-terrain_Lichens-Go.pdf?download=true ; interface de saisie de Lichens GO! :  http://www.particitae.upmc.fr/fr/suivez-les-lichens/saisie-de-donnees-lichens-go.html";"Espèce et circonférence des arbres concernés par le relevé, liste des espèces de lichens; livret de reconnaissance proposé ici : www.particitae.upmc.fr/_resources/doc/livret-lichens-2019-06.pdf?download=true";"Face du tronc orienté vers l'éventuel bâtiment (Nord, sud, etc.)";"";;;;;"Protocoles standardisés";"50b07fcb-4e9a-4c0f-a8a0-fa0948987e5a";"false"
21;"IBP - méditerranéen";"P21";21;;"Indice de Biodiversité Potentielle (IBP) en région méditerranéenne";;"2012";;"true";"CNPF";"https://inpn.mnhn.fr/docs-web/docs/download/214100";"http://www.foret-mediterraneenne.org/upload/biblio/foret_med_2012_2_133-142.pdf";"Lien vers plus de documentation sur le site du CNPF : https://www.foretpriveefrancaise.com/n/realiser-des-releves-ibp/n:1978 ; lien vers la fiche de définition IBP méditerranéen : https://www.foretpriveefrancaise.com/data/ibp_def_2_9_m.pdf";"Cet Indice de Biodiversité Potentielle (IBP) vise à évaluer la biodiversité totale ou “ordinaire”, dans les nombreuses forêts pour lesquelles aucune analyse fine de la biodiversité n’est envisageable. Cet indice s'applique aux domaines méditerranéens. Pour les domaines atlantique et continental, il existe une autre version de l'IBP déclinée en quatre sous-protocoles, référencés dans ce catalogue aux n°166 à 169.";"Biodiversité des peuplements forestiers, à l’échelle du peuplement forestier (protocole étalonné pour toutes les forêts des domaines atlantique et continental, de l’étage des plaines à l’étage subalpin, quel que soit le degré d’intensification de la gestion, et pour les domaines méditerranéens)";"Diagnostic rapide et simple pour mesurer la biodiversité ordinaire des forêts ; estimation de la biodiversité taxonomique potentielle d’un peuplement ; diagnostic sur les facteurs améliorables par la gestion";"Plantes, mousses et fougères";"Locale (site)";"Fiche de mesure disponible ici : https://www.foretpriveefrancaise.com/data/ibp_def_2_9_m.pdf ; calcul de l'indice sur excel, lien ici : https://www.foretpriveefrancaise.com/data/ibp_def_2_9_m.pdf";"Description du peuplement forestier (décompte du nombre d'essences, de strates, du bois mort sur pied/au sol, de très gros bois vivant, du nombre d'arbres porteurs de dendrohabitats, surfaces en milieux ouvert), nombre de types de milieux aquatique et rocheux";"Ancienneté du peuplement";"";;;;;"Protocoles standardisés";"163ae7e1-3fca-4855-9d68-18788e27e94e";"false"
22;;"P22";22;22;"Méthode de suivi des milieux ouverts par les Rhopalocères dans les Réserves Naturelles de France  (RNF) ";;"2002";"2007";"false";"Réserves Naturelles de France (RNF)";"https://inpn.mnhn.fr/docs-web/docs/download/136598";"http://www.reserves-naturelles.org/sites/default/files/fichiers/protocole-rhopalo-200712.pdf";"Lien vers la page de présentation du protocole : http://www.reserves-naturelles.org/publications/methode-de-suivi-des-milieux-ouverts-par-les-rhopaloceres-dans-les-reserves";"Ce protocole vise à définir un cadre méthodologique permettant le suivi des peuplements des papillons de jour afin de contribuer à l'évaluation de l'état de conservation des milieux ouverts dans les Réserves Naturelles, de contribuer à évaluer l'impact des mesures de gestion et d'affiner la gestion des milieux ouverts. En plus de leur utilisation à des fins purement descrptives (liste d'espèces, zones et période de présence, etc.), les données récoltées par le biais de ce protocole ont comme principal objectif de déterminer les variations de l'abondance relative des différentes espèces dans le temps (dynamique des populations) et dans l'espace (préférence des espèces pour certains milieux et/ou modes de gestion).";"Rhopalocères, voire zygènidés, ascalaphes, Callimorpha quadripunctaria";"Suivi des peuplements des papillons de jour, évaluation de l'état de conservation des milieux ouverts, de l'impact des mesures de gestion, affinage de la gestion des milieux ouverts, suivi des variations de l'abondance relative des espèces dans le temps et dans l'espace";"Insectes et araignées";"Locale (site)";"Fiches de terrain ou enregistrement audio proposés en téléchargement ; saisie dans la base de données SERENA de RNF, saisie possible des données dans le cadre du programme STERF (voir le protocole STERF, référencé dans ce catalogue au n°100)";"Imagos à vue, habitat";"Type de gestion";"";;;;;"Protocoles standardisés";"e7e08d32-b697-442a-b3ce-73ffa6946547";"false"
25;"Nouvel atlas des oiseaux de France en hiver";"P25";25;25;"Atlas des oiseaux hivernants de France métropolitaine (2009)";;"2009";;"false";"LPO, SEOF, MNHN";"https://inpn.mnhn.fr/docs-web/docs/download/374433";"https://inpn.mnhn.fr/docs/atlas_en_hiver.pdf";"Site de l'atlas : https://www.faune-france.org/";"Ce document présente la démarche ""atlas"" qui vise à l'amélioration des connaissances quant à la répartition des oiseaux nicheurs en hiver en France métropolitaine, à des fins de conservation, d’analyse et de recherche. Les objectifs de ce nouvel atlas des oiseaux en hiver sont les suivants : fournir des cartes détaillées de la répartition actuelle des espèces ; recueillir par une méthode d’échantillonnage standardisée des données permettant d’établir des cartes de l’abondance des espèces par maille ; identifier la répartition et évaluer les effectifs des principaux dortoirs de certaines espèces pour lesquelles le territoire national représente une zone d’hivernage importante ; évaluer l’état de conservation des espèces ; suivre à long terme les populations d’oiseaux en hiver (aire de distribution, densité, etc.).";"Oiseaux nicheurs de France métropolitaine, y compris les individus de passage (migrateurs précoces/tardifs) ou occasionnel";"Fournir des cartes détaillées de la répartition actuelle des espèces, établir des cartes de l’abondance des espèces par maille, identifier la répartition et évaluer les effectifs des principaux dortoirs de certaines espèces pour lesquelles le territoire national représente une zone d’hivernage importante, évaluer l’état de conservation des espèces, suivre à long terme les populations d’oiseaux en hiver (aire de distribution, densité...)";"Oiseaux";"Nationale";"Pas de fiche de terrain proposée ; centralisation des données par les coordinateur.ice.s locaux";"Inventaire qualitatif de toutes les espèces/individus vus, entendus, y compris morts ; liste exhaustive des espèces contactées (contacts auditifs, visuels, en  vol) et nombre d’individus contactés par espèce et  selon la distance transect-oiseaux pour le maillage à 2*2 km ; comptages des dortoirs pour les espèces suivantes : Pigeon colombin Columba oenas, Pigeon ramier Columba palumbus, Etourneau sansonnet Sturnus vulgaris, Pinson du Nord Fringilla montifringilla ; milieux et habitats (description et codification de l’habitat reprenant celles établies par le programme STOC-EPS du MNHN, voir le protocole STOC EPS)";"Maille considérée, longueur du parcours,  date et heure de début et de fin du parcours";"";;;;;"Protocoles standardisés";"76116d19-d16b-4206-b290-1027cc8cd2b9";"false"
26;"OAB - Nichoirs à pollinisateurs";"P26";26;26;"Observatoire Agricole de la Biodiversité - Nichoirs à pollinisateurs";;"2013";;"false";"Vigie-Nature : OAB insectes pollinisateurs : LADYSS (CNRS), MNHN";"https://inpn.mnhn.fr/docs-web/docs/download/383244";"https://www.observatoire-agricole-biodiversite.fr/upload/attachment/60a658a28a571462676928.pdf";"Lien vers la page de présentation du protocole : https://www.observatoire-agricole-biodiversite.fr/les-protocoles/abeilles ; la page avec les outils : https://www.observatoire-agricole-biodiversite.fr/les-outils/abeilles ; autre lien de présentation de l'OAB : http://www.vigienature.fr/fr/agriculteurs";"Dans le cadre du programmme Vigie-Nature, ce protocole, destiné aux milieux agricoles, propose de mettre en place des nichoirs à pollinisateurs, puis d'identifier et de dénombrer les individus qui s'y abritent. Ce protocole permet d’avoir très facilement un aperçu de l’abondance et de la diversité des Hyménoptères solitaires. Un nichoir à pollinisateurs est constitué de cavités qui pourront servir aux abeilles solitaires pour y déposer leurs oeufs.
L’Observatoire Agricole de la Biodiversité a vocation à : renseigner une base de données permettant notamment de tracer des tendances d’évolution à long terme des populations, créer des liens avec les pratiques agricoles, sensibiliser les acteurs impliqués à une meilleure prise en compte de la biodiversité.";"Pollinisateurs : hyménoptères solitaires";"Mieux connaître la biodiversité ordinaire en milieu agricole, son évolution et les liens avec les pratiques culturales : abondance et diversité des Hyménoptères solitaires";"Insectes et araignées";"Nationale";"Fiches à remplir et envoi des données via le site Internet de l’Observatoire Agricole de la Biodiversité après s'être inscrit.e et avoir créé son espace personnel: http://observatoire-agricole-biodiversite.fr/mon-observatoire/accueil";"Nombre d'abeilles observées";"Fiche de description de la parcelle agricole (type, conduite, traitement(s), fertilisation(s), travail du sol, inter-rang, année de plantation, nombre d'unités gros bétail (UGB), fauche, paysage) ; fiche d'observations ; fiche de description spécifique à la placette nichoirs à pollinisateurs (nature de la bordure, du milieu limitrophe, description des plantes dans un rayon de 200 m autour des nichoirs, etc.).";"";;;;;"Protocoles standardisés";"5ffdf0b8-a0f4-4265-b523-5bea4ecf36e1";"false"
27;"OAB - Placettes vers de terre";"P27";27;27;"Observatoire Agricole de la Biodiversité - Placettes vers de terre";;"2013";;"false";"Vigie-Nature : OAB vers de terre : LADYSS (CNRS), MNHN, UMR EcoBio, équipe de Daniel Cluzeau, Université de Rennes 1, EcobioSoil, OPVT (Observatoire Participatif des Vers de Terre)";"https://inpn.mnhn.fr/docs-web/docs/download/383244";"https://www.observatoire-agricole-biodiversite.fr/upload/attachment/60a6586e5112b308715194.pdf";"Lien vers la page de présentation du protocole : https://www.observatoire-agricole-biodiversite.fr/les-protocoles/vers-de-terre ; la page avec les outils : https://www.observatoire-agricole-biodiversite.fr/les-outils/vers-de-terre ; autres liens utiles : http://ecobiosoil.univ-rennes1.fr/OPVT_accueil.php ; http://www.vigienature.fr/fr/agriculteurs";"Dans le cadre du programmme Vigie-Nature, ce protocole, destiné aux milieux agricoles, propose d'évaluer l'état des sols au travers du suivi des vers de terre par placettes. Les vers de terre sont de bons indicateurs de la qualité du sol. Ils sont également des acteurs indispensables de sa fertilité et de son aération.
L’Observatoire Agricole de la Biodiversité a vocation à : renseigner une  base de données permettant notamment de tracer des tendances d’évolution à long terme des populations, créer des liens avec les pratiques agricoles, sensibiliser les acteurs impliqués à une meilleure prise en compte de la biodiversité.";"Vers de terre";"Mieux connaître la biodiversité ordinaire en milieu agricole, son évolution et les liens avec les pratiques culturales, les vers de terre étant de bons indicateurs de la qualité du sol";"Autres";"Nationale";"Fiches à remplir et envoi des données via le site Internet de l’Observatoire Agricole de la Biodiversité après s'être inscrit.e et avoir créé son espace personnel: http://observatoire-agricole-biodiversite.fr/mon-observatoire/accueil";"Comptage des individus";"Fiche de description de la parcelle agricole (type, conduite, traitement(s), fertilisation(s), travail du sol, inter rang, année de plantation, nombre d'unités gros bétail (UGB), fauche, paysage) ; fiche d'observations ; fiche de description spécifique à la placette vers de terre (distance à l'arbre le plus proche, nature de la bordure, nature de la parcelle voisine / milieu limitrophe)";"";;;;;"Protocoles standardisés";"c995b40f-e0ca-4f70-8480-e5fecd954482";"false"
28;"OAB - Planches à invertébrés terrestres";"P28";28;28;"Observatoire Agricole de la Biodiversité - Planches à invertébrés terrestres";;"2013";;"false";"Vigie-Nature : OAB invertébrés terrestres : Programme Vigie-Nature : Opération escargots : Muséum national d’Histoire naturelle, Noé Conservation, LADYSS (CNRS)";"https://inpn.mnhn.fr/docs-web/docs/download/383244";"https://www.observatoire-agricole-biodiversite.fr/upload/attachment/60a6588f58bae205089633.pdf";"Lien vers la page de présentation du protocole : https://www.observatoire-agricole-biodiversite.fr/les-protocoles/invertebres ; la page avec les outils : https://www.observatoire-agricole-biodiversite.fr/les-outils/invertebres ; autres liens utiles : http://www.vigienature.fr/fr/agriculteurs , http://www.vigienature.fr/fr/operation-escargots , http://www.noeconservation.org";"Dans le cadre du programmme Vigie-Nature, ce protocole, destiné aux milieux agricoles, propose de mettre en place des planches à invertébrés afin d'identifier et dénombrer les espèces présentes. Les mollusques (limaces et escargots) offrent un éclairage complémentaire à ceux des insectes. En vivant plus longtemps (plusieurs années), mais étant beaucoup moins mobiles que les insectes volants notamment, ils réagissent différemment aux perturbations. Les carabes (coléoptères) sont des auxiliaires de culture (prédation des limaces et de leurs oeufs).
L’Observatoire Agricole de la Biodiversité a vocation à : renseigner une base de données permettant notamment de tracer des tendances d’évolution à long terme des populations, créer des liens avec les pratiques agricoles, sensibiliser les acteurs impliqués à une meilleure prise en compte de la biodiversité.";"Invertébrés terrestres : mollusques (limaces et escargots), carabes (coléoptères)";"Mieux connaître la biodiversité ordinaire en milieu agricole, son évolution et les liens avec les pratiques culturales";"Multi-groupes";"Nationale";"Fiches à remplir et envoi des données via le site Internet de l’Observatoire Agricole de la Biodiversité après s'être inscrit.e et avoir créé son espace personnel: http://observatoire-agricole-biodiversite.fr/mon-observatoire/accueil";"Nombre d'individus par groupe et par planche, présence d'œufs de limaces ou d'escargots, prise en compte d'autres groupes tels que : vers de terre, ""mille-pattes"", cloportes, araignées, fourmies, fourmillères, lézards, serpents, orvets, amphibiens, petits mammifères";"Fiche de description de la parcelle agricole (type, conduite, traitement(s), fertilisation(s), travail du sol, inter rang, année de plantation, nombre d'unités gros bétail (UGB), fauche, paysage) ; fiche d'observations ; fiche de description spécifique à la placette invertebrés terres";"";;;;;"Protocoles standardisés";"5f906d7c-cad5-408f-9b7e-d0a236e145cb";"false"
29;"OAB - Transect papillons";"P29";29;29;"Observatoire Agricole de la Biodiversité - Transect papillons";;"2013";;"false";"Vigie-Nature : Observatoires OPJ, STERF, PROPAGE : Muséum national d’Histoire naturelle, Noé Conservation, LADYSS (CNRS)";"https://inpn.mnhn.fr/docs-web/docs/download/383244";"https://www.observatoire-agricole-biodiversite.fr/upload/attachment/60a658c90a52a968907804.pdf";"Lien vers la page de présentation du protocole : https://www.observatoire-agricole-biodiversite.fr/les-protocoles/papillons ; la page avec les outils : https://www.observatoire-agricole-biodiversite.fr/les-outils/papillons ; autres liens utiles : http://www.vigienature.fr/fr/agriculteurs ; http://vigienature.mnhn.fr/propage ; http://www.noeconservation.org";"Dans le cadre du programmme Vigie-Nature, ce protocole, destiné aux milieux agricoles, propose de mettre en place des transects afin de dénombre et d'identifier les papillons.
L’Observatoire Agricole de la Biodiversité a vocation à : renseigner une base de données permettant notamment de tracer des tendances d’évolution à long terme des populations, créer des liens avec les pratiques agricoles, sensibiliser les acteurs impliqués à une meilleure prise en compte de la biodiversité.";"Papillons les plus communs";"Mieux connaître la biodiversité ordinaire en milieu agricole, son évolution et les liens avec les pratiques culturales";"Insectes et araignées";"Nationale";"Fiches à remplir et envoi des données via le site Internet de l’Observatoire Agricole de la Biodiversité après s'être inscrit.e et avoir créé son espace personnel : http://observatoire-agricole-biodiversite.fr/mon-observatoire/accueil";"Nombre de papillons observés par espèce ou groupe d’espèces";"Fiche de description de la parcelle agricole (type, conduite, traitement(s), fertilisation(s), travail du sol, inter rang, année de plantation, nombre d'unités gros bétail (UGB), fauche, paysage) ; fiche d'observations ; fiche de description spécifique au transect papillons (type de bordure, nature du milieu limitrophe, distance parcourue lors du premier passage).";"";;;;;"Protocoles standardisés";"bf7cb6db-0c80-4cb1-877a-421b83cb81be";"false"
30;"Opération Escargots - Protocole sous planche";"P30";30;30;"Observatoire de la Biodiversité des Jardins - Opération Escargots - Suivi des populations de mollusques communs dans les jardins - Protocole sous planche";;"2009";;"false";"Vigie-Nature / Observatoire de la Biodiversité des Jardins : Opération Escargots : Noé, MNHN";;"http://www.vigienature.fr/fr/operation-escargots";"Lien vers le site de Vigie-Nature Ecole : https://www.vigienature-ecole.fr/escargots";"Dans le cadre de l'Observatoire de la Biodiversité des Jardins (OBJ), cette Opération Escargot (également recensée par Vigie-Nature) vise à aider les scientifiques à améliorer les connaissances sur les escargots et limaces et à comprendre l’impact de l’urbanisation, du climat ou encore des pratiques du jardin sur ces espèces.
Le comptage des escargots sous planche peut s’effectuer dans son jardin privé. Une fois que vous avez localisé et décrit votre jardin, vous pouvez commencer les observations. Les protocoles Escargots et Limaces sont proposés aux participants de toute la France trois fois dans l'année (printemps, été, automne).";"Escargots et limaces";"Améliorer les connaissances sur les escargots et limaces et comprendre l’impact de l’urbanisation, du climat ou encore des pratiques du jardin sur ces espèces";"Escargots et autres mollusques";"Nationale";"Fiche de terrain proposée ; lien vers le site de saisie (OBJ) inopérant";"Nombre d'individus observés par espèce";"Localisation et description du jardin observé, saison, planche";"";;;;;"Protocoles standardisés";"bc4e6bc9-1b05-4d75-b0eb-c1f60ef3cbe6";"false"
31;"Opération Escargots - Protocole Inventaire";"P31";31;31;"Observatoire de la Biodiversité des Jardins - Opération Escargots  - Suivi des populations de mollusques communs dans les jardins - Protocole Inventaire";;"2014";;"false";"Vigie-Nature / Observatoire de la Biodiversité des Jardins : Opération Escargots : Noé, MNHN";;"http://www.vigienature.fr/fr/operation-escargots";"Lien vers le site de Vigie-Nature Ecole : https://www.vigienature-ecole.fr/escargots";"Dans le cadre de l'Observatoire de la Biodiversité des Jardins (OBJ), cette Opération Escargot (également recensée par Vigie-Nature) vise à aider les scientifiques à améliorer les connaissances sur les escargots et limaces et à comprendre l’impact de l’urbanisation, du climat ou encore des pratiques du jardin sur ces espèces.
Ce protocole a pour but de réaliser un inventaire des espèces présentes dans le jardin. Pour chaque inventaire, vous pouvez venir compléter la liste en plusieurs fois pendant la saison, car l’objectif est de recenser toutes les espèces présentes dans votre jardin. Vous transmettez ensuite les données finales de l’inventaire pour la saison, et recommencez un nouvel inventaire pour la saison suivante. Les protocoles Escargots et Limaces sont proposés aux participants de toute la France trois fois dans l'année (printemps, été, automne).";"Escargots et limaces";"Améliorer les connaissances sur les escargots et limaces et comprendre l’impact de l’urbanisation, du climat ou encore des pratiques du jardin sur ces espèces";"Escargots et autres mollusques";"Nationale";"Fiche de terrain proposée ; lien vers le site de saisie (OBJ) inopérant";"Espèces observées";"Localisation et description du jardin observé, saison";"";;;;;"Protocoles standardisés";"666b4e2c-943a-4a0a-af36-405541a0c09a";"false"
32;"Observatoire des Bourdons";"P32";32;32;"Observatoire de la Biodiversité des Jardins - Observatoire des Bourdons";;"2010";;"false";"Vigie-Nature / Observatoire de la Biodiversité des Jardins : Observatoire des Bourdons : Groupe associatif Estuaire, MNHN";;"https://www.sciences-participatives-au-jardin.org/edito/bourdons";"Lien vers une autre page de présentation du protocole : http://www.vigienature.fr/fr/observatoire-des-bourdons";"Dans le cadre de l'Observatoire de la Biodiversité des Jardins (OBJ), cet Observatoire des Bourdons (également recensé par Vigie-Nature) vise à aider directement les scientifiques à améliorer les connaissances sur les bourdons et à comprendre l’impact de l’urbanisation, du climat ou encore des pratiques au jardin sur ces espèces. Pour participer nul besoin d’être spécialiste, les comptages peuvent se faire dans un jardin public, privé ou sur un balcon.";"Bourdons dans les jardins publics, privés ou sur les balcons";"Améliorer les connaissances sur les bourdons et comprendre l’impact de l’urbanisation, du climat ou encore des pratiques du jardin sur ces espèces";"Insectes et araignées";"Nationale";"Fiches à remplir disponibles sur le site : https://www.sciences-participatives-au-jardin.org/pdf/fiche2019.pdf ; saisie des données après s'être inscrit.e sur le site de science participative";"Nombre maximum d'individus identifiés pendant 5 minutes d'observation, sur une semaine";"Localisation et description du jardin observé, mois d'observation.";"";;;;;"Protocoles standardisés";"2cecfaed-3cc8-4d77-a461-818b52942acd";"false"
33;"Opération Papillons";"P33";33;33;"Observatoire de la Biodiversité des Jardins - Opération Papillons";;"2006";;"false";"Vigie-Nature / Observatoire de la Biodiversité des Jardins : Opération papillons : Noé, MNHN";;"https://www.sciences-participatives-au-jardin.org/edito/papillons";"Lien vers une autre page de présentation du protocole : http://www.vigienature.fr/fr/operation-papillons";"Dans le cadre de l'Observatoire de la Biodiversité des Jardins (OBJ), cette Opération Papillon (également recensée par Vigie-Nature) vise à aider les scientifiques à améliorer les connaissances sur les papillons et à comprendre l’impact de l’urbanisation, du climat ou encore des pratiques du jardin sur ces espèces. Pour participer, c’est très simple, nul besoin d’être un spécialiste ! Le comptage des papillons peut s’effectuer dans un jardin privé, public ou sur un balcon. Une fois que vous avez localisé et décrit votre jardin, vous pouvez commencer les observations.";"Papillons dans les jardins publics, privés ou sur les balcons";"Améliorer les connaissances sur les papillons et comprendre l’impact de l’urbanisation, du climat ou encore des pratiques du jardin sur ces espèces";"Insectes et araignées";"Nationale";"Fiches à remplir disponibles sur le site ; puis saisie des données après s'être inscrit.e sur le site de science participative";"Nombre maximum d'individus identifiés pendant 5 minutes d'observation, sur une semaine ; fiches d'aide à la décision fournies ici : https://www.sciences-participatives-au-jardin.org/pdf/Fiche_identification_OBJ.pdf ; https://www.sciences-participatives-au-jardin.org/pdf/Poster-Papillons-et-Chenilles-Noe%CC%81.pdf ; https://www.sciences-participatives-au-jardin.org/pdf/Guide-papillons.pdf ; fiche d'aide aux confusions : https://www.sciences-participatives-au-jardin.org/pdf/VF%20fiche%20confusion.pdf";"Localisation et description du jardin observé, mois d'observation.";"";;;;;"Protocoles standardisés";"5e7a3dd1-8e0d-451c-96ef-97d8b31a7c74";"false"
34;"OFB";"P34";34;34;"Observatoire de la Flore de Bourgogne";;"04/2013";;"false";"CBNBP, MNHN";"https://inpn.mnhn.fr/docs-web/docs/download/374520";"http://cbnbp.mnhn.fr/cbnbp/cbnbp/telechargement/OFB_Manuel%20d'Instructions_20130419.pdf";"Lien vers le site du CBNBP : http://cbnbp.mnhn.fr/cbnbp/actions/inventaire.jsp#4";"Ce document est un manuel d'instructions de l'Observatoire de la Flore de Bourgogne (OFB), pour le suivi de placettes de relevés floristiques en Bourgogne. L’OFB comporte 179 mailles de 2x2 km réparties dans toute la région Bourgogne, au sein desquelles se trouvent un parcours de 2,5 km et huits points d’observation de la diversité locale (nommés Surfaces d’Etude - SE). En cinq ans, de 2009 à 2013, toutes les mailles seront inventoriées avec pour chaque SE et chaque parcours un passage printannier et un passage estival.
Le présent rapport a pour but de formaliser les instructions nécessaires au bon déroulement de l’OFB. Il est donc impératif de le consulter avant d’effectuer les opérations de repérage, d’implantation-réimplantation ; la réalisation de relevés de végétation ; et la saisie et le traitement des données.";"Flore de Bourgogne";"Inventaire et suivi de la flore";"Plantes, mousses et fougères";"Régionale";"Fiches de relevé proposées";"Habitats, recouvrements par strate et recouvrement total, coefficient d'abondance des espèces identifiées, indigénat";"Conditions stationnelles et environnementales";"";" ";;;;"Protocoles standardisés";"8ad6c94f-32c9-4902-ad9f-489677742700";"false"
35;"OPVT - Protocole Formol";"P35";35;35;"Observatoire Participatif des Vers de Terre - Protocole Formol";;"2010";;"false";"OPVT : Observatoire de Rennes (OSUR CNRS), Muséum national d’Histoire naturelle (CERSP, UMR 7204)";;"https://ecobiosoil.univ-rennes1.fr/page/protocole-recherche";"Lien vers la page de présentation du protocole : https://ecobiosoil.univ-rennes1.fr/OPVT_accueil.php";"L’Observatoire Participatif des Vers de Terre a pour objectifs de proposer un outil d’évaluation simplifiée de la biodiversité animale à l’aide des vers de terre, dans les sols agricoles ou naturels ; de rendre possible ces observations par divers publics à l’aide d’un protocole simplifié : agriculteurs, scolaires, naturalistes, chasseurs, jardiniers, gestionnaires de milieux naturels ou très anthropisés (sols urbains, technosols, etc.) ; d'établir progressivement des référentiels de ces macroorganismes du sol, grâce à la participation du plus grand nombre de personnes. Le protocole de recherche ""formol"" est utilisé pour prélever les vers de terre depuis les années 1960. Pour ce protocole, le sol est arrosé avec de l'eau formolée, cela irrite la peau des vers de terre qui remontent à la surface. Une fois les vers de terre sortis, il ne reste plus qu'à les fixer et à les stocker dans des piluliers de formol à 4 %. Après les arrosages, un bloc de sol de 25 cm x 25 cm x 20 cm est extrait pour trouver les vers qui ne serait pas remontés lors des arrosages. Les vers de terre seront ensuite comptés et déterminés (au niveau de l'espèce) en laboratoire.";"Vers de terre";"Inventaire des vers de terre, évaluation de la biomasse lombricienne dans des parcelles agricoles";"Autres";"Locale (site)";"Pas de fiches de terrain proposées ; envoi des échantillons de prélèvement et saisie des données après s'être inscrit.e à l'adresse suivante : https://ecobiosoil.univ-rennes1.fr/OPVT_login.php";"Inventaire exhaustif des groupes fonctionnels auxquels les vers de terre appartiennent : épigés, endogés, épi-anéciques ou anéciques stricts ; pesée individuelle (envoi d'un pillulier dans lequel sont conservés les vers de terre pour étude en laboratoire) ; aides à la détermination des vers de terre : https://ecobiosoil.univ-rennes1.fr/download/get/33/opvt-determiner-les-vers-de-terre ; https://ecobiosoil.univ-rennes1.fr/page/morphologie ; https://ecobiosoil.univ-rennes1.fr/e107_files/downloads/OPVT_Fiche-especes-VDT.03.05.2017.pdf";"Localisation de la parcelle, température, ensoleillement, pluie, vent, humidité du sol, date de dernière gelée et de dernière pluie ; type de bordure et distance, type de parcelle limitrophe, type de texture majoritaire du sol, couleur, pH, profondeur, proportion de cailloux";"";;;;;"Protocoles standardisés";"185e8002-f636-4a9b-9340-4e66d647ecd7";"false"
36;"OPVT - Protocole Moutarde";"P36";36;36;"Observatoire Participatif des Vers de Terre - Protocole Moutarde";;"02/2017";;"false";"OPVT : Observatoire de Rennes (OSUR CNRS), Muséum national d’Histoire naturelle (CERSP, UMR 7204)";"https://inpn.mnhn.fr/docs-web/docs/download/374992";"https://ecobiosoil.univ-rennes1.fr/page/protocole-participatif-moutarde";"Lien vers la page de présentation du protocole : https://ecobiosoil.univ-rennes1.fr/OPVT_accueil.php";"L’Observatoire Participatif des Vers de Terre a pour objectifs de proposer un outil d’évaluation simplifiée de la biodiversité animale à l’aide des vers de terre, dans les sols agricoles ou naturels ; de rendre possible ces observations par divers publics à l’aide d’un protocole simplifié : agriculteurs, scolaires, naturalistes, chasseurs, jardiniers, gestionnaires de milieux naturels ou très anthropisés (sols urbains, technosols, etc.); d'établir progressivement des référentiels de ces macroorganismes du sol, grâce à la participation du plus grand nombre de personnes. Dans le protocole participatif ""moutarde"", le sol est arrosé avec de l'eau moutardée, cela irrite la peau des vers de terre qui remontent à la surface. Une fois les vers de terre sortis, il ne reste plus qu'à les rincer dans de l'eau, à les déterminer et à les compter. Il peut être un outil de sensibilisation à la vie du sol, par exemple dans les écoles ou un outil de diagnostic dans les parcelles agricoles.";"Vers de terre";"Inventaire des vers de terre, outil de sensibilisation à la vie du sol, par exemple dans les écoles, outil de diagnostic dans les parcelles agricoles";"Autres";"Locale (site)";"Fiches de terrain fournies par type de milieu : espaces agricoles (prairie agricole, grandes cultures ou légumes plein champ, maraîchage, vignes et autres cultures pérennes) ou espaces urbains et naturels (pelouse ou prairie urbaine, potager ou massif ornemental, milieux naturels non boisés, zone boisée ou forêt) ; envoi des échantillons de prélèvement et saisie des données après s'être inscrit.e à l'adresse suivante : https://ecobiosoil.univ-rennes1.fr/OPVT_login.php";"Inventaire exhaustif des groupes fonctionnels auxquels les vers de terre appartiennent : épigés, endogés, épi-anéciques ou anéciques stricts ; pesée individuelle (envoi d'un pillulier dans lequel sont conservés les vers de terre pour étude en laboratoire) ; aides à la détermination des vers de terre : https://ecobiosoil.univ-rennes1.fr/download/get/33/opvt-determiner-les-vers-de-terre ; https://ecobiosoil.univ-rennes1.fr/page/morphologie ; https://ecobiosoil.univ-rennes1.fr/e107_files/downloads/OPVT_Fiche-especes-VDT.03.05.2017.pdf";"Localisation de la parcelle, température, ensoleillement, pluie, vent, humidité du sol, date de dernièe gelée et de dernière pluie ; type de bordure et distance, type de parcelle limitrophe, type de texture majoritaire du sol, couleur, pH, profondeur, proportion de cailloux";"";;;;;"Protocoles standardisés";"566a1703-2fe9-4e87-9f94-8616130e8479";"false"
37;"OPVT - Protocole Moutarde Tri Manuel";"P37";37;37;"Observatoire Participatif des Vers de Terre - Protocole Moutarde Tri Manuel";;"02/2016";;"false";"OPVT : Observatoire de Rennes (OSUR CNRS), Muséum National d’Histoire Naturelle (CERSP, UMR 7204)";"https://inpn.mnhn.fr/docs-web/docs/download/374526";"https://ecobiosoil.univ-rennes1.fr/request.php?OPVT_mode_operatoire_MTM_complet_vJS_2016_02_09.pdf";"Lien vers le site du programme participatif : https://ecobiosoil.univ-rennes1.fr/OPVT_accueil.php ; lien vers la page du protocole : https://ecobiosoil.univ-rennes1.fr/page/protocole-moutarde-tri-manuel";"L’Observatoire Participatif des Vers de Terre a pour objectifs : de proposer un outil d’évaluation simplifiée de la biodiversité animale à l’aide des vers de terre, dans les sols agricoles ou naturels ; de rendre possible ces observations par divers publics à l’aide d’un protocole simplifié : agriculteurs, scolaires, naturalistes, chasseurs, jardiniers, gestionnaires de milieux naturels ou très anthropisés (sols urbains, technosols, etc.); d'établir progressivement des référentiels de ces macroorganismes du sol, grâce à la participation du plus grand nombre de personnes. Le protocole Moutarde Tri Manuel est un protocole d'extraction des vers de terre destiné aux particuliers et aux professionnels qui permet de recueillir plus de vers de terre que le protocole Moutarde. Ainsi ce protocole permet d'obtenir une image des communautés de vers de terre vivant dans un sol plus proche de la réalité (abondance et diversité).";"Vers de terre";"Inventaire des vers de terre (abondance et diversité)";"Autres";"Locale (site)";"Fiches de terrain fournies par type de milieu : espaces agricoles (prairie agricole, grandes cultures ou légumes plein champ, maraîchage, vignes et autres cultures pérennes) ou espaces urbains et naturels (pelouse ou prairie urbaine, potager ou massif ornemental, milieux naturels non boisés, zone boisée ou forêt) ; saisie des données après s'être inscrit.e à l'adresse suivante : https://ecobiosoil.univ-rennes1.fr/OPVT_login.php";"Inventaire exhaustif des groupes fonctionnels auxquels les vers de terre appartiennent : épigés, endogés, épi-anéciques ou anéciques stricts (envoi d'un pillulier dans lequel sont conservés les vers de terre pour étude en laboratoire) ; aides à la détermination des vers de terre : https://ecobiosoil.univ-rennes1.fr/download/get/33/opvt-determiner-les-vers-de-terre ;  https://ecobiosoil.univ-rennes1.fr/page/morphologie ; https://ecobiosoil.univ-rennes1.fr/e107_files/downloads/OPVT_Fiche-especes-VDT.03.05.2017.pdf";"Localisation de la parcelle, température, ensoleillement, pluie, vent, humidité du sol, date de dernièe gelée et de dernière pluie ; type de bordure et distance, type de parcelle limitrophe, type de texture majoritaire du sol, couleur, pH, profondeur, proportion de cailloux";"";;;;;"Protocoles standardisés";"72c0f84f-467a-4d00-a061-7700d77d548f";"false"
38;"OPVT - Protocole Paniers à Vers de Terre";"P38";38;38;"Observatoire Participatif des Vers de Terre - Protocole Paniers à Vers de Terre";;"09/2015";;"false";"OPVT : Observatoire de Rennes (OSUR CNRS), Muséum National d’Histoire Naturelle (CERSP, UMR 7204)";"https://inpn.mnhn.fr/docs-web/docs/download/374591";"https://ecobiosoil.univ-rennes1.fr/page/protocole-participatif-paniers-a-vers-de-terre";"Lien vers le site de présentation du programme : https://ecobiosoil.univ-rennes1.fr/OPVT_accueil.php ; Lien vers la page de présentation du protocole avec les guides et fiches techinques: https://ecobiosoil.univ-rennes1.fr/page/protocole-participatif-paniers-a-vers-de-terre";"L’Observatoire Participatif des Vers de Terre a pour objectifs de proposer un outil d’évaluation simplifiée de la biodiversité animale à l’aide des vers de terre, dans les sols agricoles ou naturels ; de rendre possible ces observations par divers publics à l’aide d’un protocole simplifié : agriculteurs, scolaires, naturalistes, chasseurs, jardiniers, gestionnaires de milieux naturels ou très anthropisés (sols urbains, technosols, etc.); d'établir progressivement des référentiels de ces macroorganismes du sol, grâce à la participation du plus grand nombre de personnes.
Les vers de terre ingèrent et incorporent de la matière organique dans le sol pour se nourrir. Ces activités peuvent se mesurer en observant la disparition de la matière organique de surface (feuilles mortes, paille, etc.) via la formation de cabanes à vers de terre (amas organisés spatialement à la surface du sol). D’autre part, les vers de terre déposent une partie de leurs déjections à la surface du sol, appelées turricules. Le protocole ""Paniers à vers de terre"" consiste à prodiguer des paniers aux vers de terre et à suivre ce dispositif. Si vous observez régulièrement ces paniers une fois installés, vous pourrez vous rendre compte des activités de surface des vers de terre, réalisées principalement par des anéciques, et ainsi estimer le travail de ces auxiliaires silencieux ; ainsi que de leurs différentes périodes d’activité au cours d'une année.";"Vers de terre";"Estimations de l'activité des vers de terre en observant la disparition de la matière organique de surface (feuilles mortes, paille, etc.) via la formation de cabanes à vers de terre (amas organisés spatialement à la surface du sol) et la formation de turricules.";"Autres";"Locale (site)";"Fiches de terrain fournies sur la page de description du protocole ; envoi des échantillons de prélèvement possible et saisie des données après s'être inscrit.e à l'adresse suivante : https://ecobiosoil.univ-rennes1.fr/OPVT_login.php";"Schémas et photo des cabanes de vers de terre, nombre de cabanes et de turricules observés à différentes dates ; optionnel : groupes fonctionnels observés, proportion d’anéciques";"Description du paysage, distance à la limite et à l'arbre le plus proche ; localisation et description de la parcelle (conduite de la parcelle, nature, couverture, fertilisation, traitements phytosanitaires, pente), informations sur le sol (texture, couleur, profondeur).";"";;;;;"Protocoles standardisés";"ecf2e4cb-fa6f-40dc-b9f6-e3c0c6f2f34a";"false"
39;"OPVT - Protocole Test Bêche Vers de Terre";"P39";39;39;"Observatoire Participatif des Vers de Terre - Protocole Test Bêche Vers de Terre";;"04/2019";;"false";"OPVT : Observatoire de Rennes (OSUR CNRS), Muséum National d’Histoire Naturelle (CERSP, UMR 7204)";"https://inpn.mnhn.fr/docs-web/docs/download/374594";"https://ecobiosoil.univ-rennes1.fr/request.php?Protocole_TB_pas_a_pas_collaboratif_V2019_04_15_JS.pdf";"Lien vers le site de présentation du programme : https://ecobiosoil.univ-rennes1.fr/OPVT_accueil.php ; lien vers la page du protocole : https://ecobiosoil.univ-rennes1.fr/page/protocole-participatif-test-beche-vers-de-terre";"L’Observatoire Participatif des Vers de Terre a pour objectifs de proposer un outil d’évaluation simplifiée de la biodiversité animale à l’aide des vers de terre, dans les sols agricoles ou naturels ; de rendre possible ces observations par divers publics à l’aide d’un protocole simplifié : agriculteurs, scolaires, naturalistes, chasseurs, jardiniers, gestionnaires de milieux naturels ou très anthropisés (sols urbains, technosols, etc.) ; d'établir progressivement des référentiels de ces macroorganismes du sol, grâce à la participation du plus grand nombre de personnes.
Le protocole participatif ""Test Bêche Vers de Terre"" consiste à extraire 6 blocs de sol. Ceux-ci sont ensuite triés manuellement pour récupérer les vers de terre. Simple à mettre en place, il nécessite peu de matériel et est particulièrement adapté pour les observations réalisées sur de petites surfaces comme les jardins potagers ou encore les parterres de fleurs.";"Vers de terre";"Inventaire des vers de terre (abondance et diversité)";"Autres";"Locale (site)";"Fiches de terrain fournies sur la page de présentation du protocole ; envoi des échantillons de prélèvement et saisie des données après s'être inscrit.e à l'adresse suivante : https://ecobiosoil.univ-rennes1.fr/OPVT_login.php";"Inventaire exhaustif des groupes fonctionnels auxquels les vers de terre appartiennent : épigés, endogés, épi-anéciques ou anéciques stricts ; photographies des vers de terre et envoi des individus au laboratoire ; aides à la détermination des vers de terre : https://ecobiosoil.univ-rennes1.fr/download/get/33/opvt-determiner-les-vers-de-terre ;  https://ecobiosoil.univ-rennes1.fr/page/morphologie ; https://ecobiosoil.univ-rennes1.fr/e107_files/downloads/OPVT_Fiche-especes-VDT.03.05.2017.pdf";"Pratiques de gestion et descripton de la parcelle, température, ensoleillement, pluie, vent, humidité du sol, date de dernièe gelée et de dernière pluie, informations sur le sol, les bordures et milieux adjacents";"";;;;;"Protocoles standardisés";"f6cf6342-2401-42fe-b71d-85b8ce700dd7";"false"
40;"POPAmphibien ""Communauté"" (version 2014)";"P40";40;159;"POPAmphibien ""Communauté"" (version 2014)";;"2014";;"true";"SHF, CPIE, MNHN, ONF, RNF";"https://inpn.mnhn.fr/docs-web/docs/download/142449";;"http://lashf.org/popamphibien-2/";"Ce protocole de suivi à long terme (plusieurs années) des communautés d’amphibiens de France vise à estimer et comprendre les évolutions de l'état de la batrachofaune française à partir de l’estimation de l’occurrence des communautés d’amphibiens dans les sites aquatiques.";"Amphibiens";"Suivi à long terme des communautés d’amphibiens de France, estimation et compréhension des évolutions de l'état de la batrachofaune française à partir de l’estimation de l’occurrence des communautés d’amphibiens dans les sites aquatiques";"Amphibiens et reptiles";"Locale (site)";"Saisie dans le tableau excel modèle  proposé pour le protocole AMPHIBIEN Communauté; envoi des résultats aux coordinateur.ice.s régional (SHF) ou aux structures participantes pour la synthèse nationale.";"Occurrence des espèces dans les sites  aquatiques, par point découte et repérage visuel des pontes, voire pêche à l'épuisette opportuniste ou nasse. Identification des larves et des têtards.";"Description du site (unité paysagère, site aquatique, paysage environnant), photographies";"";;;;;"Protocoles standardisés";"f98e483a-4829-4780-b597-10f198b8701e";"false"
41;"POPAmphibien ""Communauté"" (version 2016)";"P41";41;159;"POPAmphibien ""Communauté"" (version 2016)";;"2016";;"true";"SHF, CPIE, ONF, RNF";"https://inpn.mnhn.fr/docs-web/docs/download/214069";"http://lashf.org/wp-content/uploads/2016/06/POPAMPHIBIEN.pdf";"Lien vers le site de présentation du programme POPAmphibien : http://lashf.org/popamphibien-2/ ;";"Le programme POPAmphibien coordonné par la Société Herpétologique de France (SHF) constitue une réponse à des besoins nationaux concernant la conservation des populations d'amphibiens. Son objectif est d'apporter à la communauté scientifique et aux acteurs de l'Environnement la vision la plus juste possible de l'état des populations et de leur évolution. Ce document présente le protocole POPAmphibien Communauté et le protocole POPAmphibien Spécifique «Tritons». Le protocole de suivi de l’occurrence des communautés d’amphibiens vise à suivre les évolutions de l'état de la batrachofaune française à partir de l’estimation de l’occurrence des communautés d’amphibiens dans les sites aquatiques. Il permet de mesurer des tendances de la dynamique des communautés d’amphibiens à l’échelle de territoires suffisamment vastes (p. ex. bassin versant, département, région, pays). A une échelle plus locale, notamment au sein d’espaces protégés (réserve naturelle, conservatoire, etc.), ce protocole peu chronophage offre aussi la possibilité d’un suivi régulier dont les résultats pourront intégrer les suivis régionaux et nationaux, tout en offrant un outil de mesure standardisé par rapport à des sites non protégés.";"Amphibiens : Grenouille agile, rousse et des champs, Crapaud commun, Salamandre tachetée, Tritons, Pélodyte ponctué, Crapaud calamite, Crapaud vert, Rainette verte et méridionale, Alyte coucheur, Grenouilles vertes, Sonneur à ventre jaune, Rainettes, autres espèces aux stades larvaires ou adultes";"Caractérisation de la dynamique temporelle des populations et communautés d’amphibiens de France, suivi de l’occurrence des communautés d’amphibiens en mesurant la variation de l’occurrence des différentes espèces au cours du temps.";"Amphibiens et reptiles";"Locale (site)";"Fiches de terrain proposées en téléchargement sur la page de présentation du protocole ; saisie des données dans le tableau excel standardisé proposé pour le programme POPAmphibien et envoyé à la SHF: popamphibienshf@gmail.com";"Présence par comptage visuel des pontes et des adultes voire par capture, stades, espèces";"Localisation et description du site (unité paysagère, site aquatique, paysage environnant) et géo-référencement de l’aire sélectionnée dans le géo-portail de l’IGN, conditions météorologiques, températures de l'air et de l'eau";"";;;;;"Protocoles standardisés";"6f253db4-4df2-4f26-9047-59afc4a7184e";"false"
42;"POPAmphibien Spécifique ""Salamandre tachetée"" (version 2016)";"P42";42;;"POPAmphibien Spécifique ""Salamandre tachetée"" (version 2016)";;"2016";;"true";"SHF, CPIE, ONF, RNF";"https://inpn.mnhn.fr/docs-web/docs/download/374596";"http://lashf.org/wp-content/uploads/2016/06/POPamphibien_specifique_Salamandre_tachetee.pdf";"Lien vers le site de présentation du programme POPAmphibien : http://lashf.org/popamphibien-2/";"Le programme POPAmphibien coordonné par la Société Herpétologique de France (SHF) constitue une réponse à des besoins nationaux concernant la conservation des populations d'amphibiens. Son objectif est d'apporter à la communauté scientifique et aux acteurs de l'Environnement la vision la plus juste possible de l'état des populations et de leur évolution. L’objectif de ce protocole est d’estimer les tendances temporelles des populations de Salamandre tachetée.";"Salamandre tachetée (Salamandra salamandra)";"Estimation des tendances temporelles des populations de Salamandre tachetée.";"Amphibiens et reptiles";"Locale (site)";"Fiches de terrain proposées en téléchargement sur la page de présentation du protocole ; saisie des données dans le tableau excel standardisé proposé pour le programme POPAmphibien et envoyé à la SHF: popamphibienshf@gmail.com";"Effectifs à vue (comptage des larves) voire par capture avec épuisettes";"Localisation et description du site (unité paysagère, site aquatique, paysage environnant) et géo-référencement de l’aire sélectionnée dans le géo-portail de l’IGN, conditions météorologiques, hydrologie, photographie des ""ambiances"" de chaque tronçon pro";"";;;;;"Protocoles standardisés";"f1c461fb-7add-4bde-aba3-10370cfeda1a";"false"
43;"POPAmphibien Spécifique ""Tritons"" (version 2016)";"P43";43;46;"POPAmphibien Spécifique ""Tritons"" (version 2016)";;"2016";;"true";"SHF, CPIE, ONF, RNF";"https://inpn.mnhn.fr/docs-web/docs/download/214069";"http://lashf.org/wp-content/uploads/2016/06/POPAMPHIBIEN.pdf";"Lien vers le site de présentation du programme POPAmphibien : http://lashf.org/popamphibien-2/";"Le programme POPAmphibien coordonné par la Société Herpétologique de France (SHF) constitue une réponse à des besoins nationaux concernant la conservation des populations d'amphibiens. Son objectif est d'apporter à la communauté scientifique et aux acteurs de l'Environnement la vision la plus juste possible de l'état des populations et de leur évolution. Ce document présente le protocole POPAmphibien Communauté et le protocole POPAmphibien Spécifique «Tritons». Le protocole de suivi de l’occurrence et de l’abondance des Tritons vise à suivre les tendances de ces populations. Ce protocole permet de suivre la dynamique des Tritons et de la Salamandre tachetée à une échelle locale (réserve naturelle, conservatoire, commune, etc.), tout en offrant un outil de mesure standardisé qui permet de comparer les différents types de gestion. Il peut être appliqué à une l’échelle de territoires plus vastes (bassin versant, périmètre Natura 2000, département, région, etc.) selon les objectifs et les moyens disponibles.";"Triton alpestre (Ichthyosaura alpestris), Triton palmé (Lissotriton helveticus), Triton ponctué (Lissotriton vulgaris), Triton crêté (Triturus cristatus), Triton marbré (Triturus marmoratus)";"Suivi de l’occurrence et de l’abondance des Tritons pour suivre les tendances de ces populations.";"Amphibiens et reptiles";"Locale (site)";"Fiches de terrain proposées en téléchargement sur la page de présentation du protocole ; saisie des données dans le tableau excel standardisé proposé pour le programme POPAmphibien et envoyé à la SHF: popamphibienshf@gmail.com";"Comptage par capture à l’aide de nasses";"Localisation et description du site (unité paysagère, site aquatique, paysage environnant) et géo-référencement de l’aire sélectionnée dans le géo-portail de l’IGN, conditions météorologiques, températures de l'air et de l'eau, effort de comptage";"";" ";;;;"Protocoles standardisés";"57e55468-901c-4558-b2f2-0a016e25f521";"false"
44;"POPAmphibien Spécifique Abondance ""Crapauds"" (version 2016)";"P44";44;160;"POPAmphibien Spécifique Abondance ""Crapauds"" (version 2016)";;"2016";;"true";"SHF, CPIE, ONF, RNF";"https://inpn.mnhn.fr/docs-web/docs/download/375819";;"Lien vers le site de présentation du programme POPAmphibien : http://lashf.org/popamphibien-2/";"Le programme POPAmphibien coordonné par la Société Herpétologique de France (SHF) constitue une réponse à des besoins nationaux concernant la conservation des populations d'amphibiens. Son objectif est d'apporter à la communauté scientifique et aux acteurs de l'Environnement la vision la plus juste possible de l'état des populations et de leur évolution. Ce protocole de suivi de l’abondance de différentes espèces d’amphibiens vise à estimer et comprendre les évolutions de l'état de la batrachofaune française à partir de l’estimation de l’abondance de certaines espèces dans les sites aquatiques.";"Crapaud commun (Bufo bufo), Crapaud calamite (Bufo calamita), Crapaud vert (Bufo viridis)";"Suivi de l’abondance pour estimer les évolutions de l'état de la batrachofaune française";"Amphibiens et reptiles";"Locale (site)";"Saisie des données via l’interface en ligne de la SHF : http://lashf.fr/saisie";"Effectifs par comptage visuel des pontes et des adultes";"Description du site (unité paysagère, site aquatique, paysage environnant), conditions météorologiques, photographies";"";;;;;"Protocoles standardisés";"3abfaea0-a869-4adb-bb07-955cdd60b6b2";"false"
45;"POPAmphibien Spécifique Abondance ""Grenouilles brunes"" (version 2016)";"P45";45;161;"POPAmphibien Spécifique Abondance ""Grenouilles brunes"" (version 2016)";;"2016";;"true";"SHF, CPIE, ONF, RNF";;;"Lien vers le site de présentation du programme POPAmphibien : http://lashf.org/popamphibien-2/";"Le programme POPAmphibien coordonné par la Société Herpétologique de France (SHF) constitue une réponse à des besoins nationaux concernant la conservation des populations d'amphibiens. Son objectif est d'apporter à la communauté scientifique et aux acteurs de l'Environnement la vision la plus juste possible de l'état des populations et de leur évolution. Ce protocole de suivi de l’abondance de différentes espèces d’amphibiens vise à estimer et comprendre les évolutions de l'état de la batrachofaune française à partir de l’estimation de l’abondance de certaines espèces dans les sites aquatiques.";"Grenouille rousse (Rana temporaria), Grenouille agile (Rana dalmatina), Grenouille des champs (Rana arvalis)";"Suivi de l’abondance pour estimer les évolutions de l'état de la batrachofaune française";"Amphibiens et reptiles";"Locale (site)";"Saisie des données via l’interface en ligne de la SHF : http://lashf.fr/saisie";"Effectifs par comptage visuel des pontes et des adultes";"Description du site (unité paysagère, site aquatique, paysage environnant), conditions météorologiques, photographies";"";;;;;"Protocoles standardisés";"28bf37f2-92ff-4ec2-8b75-57ed6fc64c31";"false"
46;"POPAmphibien Spécifique ""Triton"" (version 2020)";"P46";46;46;"POPAmphibien Spécifique ""Triton"" (version 2020)";;"2020";;"false";"SHF, RNF, ONF, CPIE, UNCPIE, UMR CEFE, UMR CEBC";"https://inpn.mnhn.fr/docs-web/docs/download/374576";"lashf.org/wp-content/uploads/2019/10/POP_Protocole_POPAmphibien_Spcifique_Triton.pdf";"Lien vers le site de présentation du programme POPAmphibien : http://lashf.org/popamphibien-2/";"Le programme POPAmphibien coordonné par la Société Herpétologique de France (SHF) constitue une réponse à des besoins nationaux concernant la conservation des populations d'amphibiens. Son objectif est d'apporter à la communauté scientifique et aux acteurs de l'Environnement la vision la plus juste possible de l'état des populations et de leur évolution. L’objectif du protocole POPAmphibien Spécifique « Triton » est de suivre les tendances des populations de tritons à partir de l’estimation de l’occurrence et de l’abondance des adultes dans les sites aquatiques. Les espèces cibles sont : le Triton alpestre (Ichthyosaura alpestris), le Triton palmé (Lissotriton helveticus), le Triton ponctué (Lissotriton vulgaris), le Triton crêté (Triturus cristatus) et le Triton marbré (Triturus marmoratus). Ce protocole standardisé permet de suivre la dynamique des populations de Tritons à une échelle locale (réserve naturelle, conservatoire, commune, etc.), tout en offrant la possibilité d’un suivi régulier dont les résultats pourront intégrer les suivis régionaux et nationaux. Il peut évidemment être appliqué à une l’échelle de territoires plus vastes (bassin versant, périmètre Natura 2000, département, région, etc.) selon les objectifs et les moyens disponibles.";"Triton alpestre (Ichthyosaura alpestris), Triton palmé (Lissotriton helveticus), Triton ponctué (Lissotriton vulgaris), Triton crêté (Triturus cristatus), Triton marbré (Triturus marmoratus)";"Suivi de l’abondance pour estimer les évolutions de l'état des populations françaises de tritons";"Amphibiens et reptiles";"Locale (site)";"Saisie des données sur une fiche disponible sur le site et à retourner à popamphibien@lashf.org : lashf.org/wp-content/uploads/2019/10/POP_Fiche_habitats_POPAmphibien.pdf";"Comptage des tritons par capture à l’aide de nasses (de type « Amphicapt », « Ortmann » ou à « vairons »)";"Description du site (catégorie paysagère, milieu aquatique, turbidité, variation du niveau d'eau, courant, végétation aquatique, rives, habitat terrestre environnant, activité humaine, site protégé), date du passage, température de l’air, température de l’eau, pluviosité, ensoleillement, vent, méthode de prospection";"";;;;;"Protocoles standardisés";"720e5682-d8f2-4075-8cb0-ee77be49d3ba";"false"
47;"POPAmphibien Spécifique Occurrence (version 2014)";"P47";47;;"POPAmphibien Spécifique Occurrence (version 2014)";;"2014";;"true";"SHF, CPIE, MNHN, ONF, RNF";;;"Lien vers le site de présentation du programme POPAmphibien : http://lashf.org/popamphibien-2/";"Ce protocole de suivi de l’occurrence des populations d’amphibiens vise à estimer et comprendre les évolutions de l'état de la batrachofaune française à partir de l’estimation de l’occurrence dans les sites aquatiques. Ce protocole a pour objectif de mesurer les tendances de l’évolution des populations d’amphibiens. Si les amphibiens n’y passent pas forcement la plupart de leur temps, le milieu aquatique reste le meilleur endroit pour détecter la plupart des espèces.";"Amphibiens";"Suivi de l’occurrence des populations d’amphibiens et mesure des tendances de l’évolution des populations d’amphibiens sur le territoire français";"Amphibiens et reptiles";"Locale (site)";"Saisie dans un tableau excel modèle censé être proposé";"Présence/absence des espèces dans l’eau";"Description du site (unité paysagère, site aquatique, paysage environnant), conditions météorologiques, photographies";"";;;;;"Protocoles standardisés";"ffee2306-9c1d-4c34-9070-26186e41b4fd";"false"
48;"POPReptile (version 2012)";"P48";48;;"POPReptile (version 2012)";;"2012";;"true";"SHF, CNRS, EPHE, ONF, MNHN Vigie-Nature";"https://inpn.mnhn.fr/docs-web/docs/download/138241";;"Lien vers la page de présentation de la version plus récente de ce protocole : http://lashf.org/popreptile/";"Ce protocole vise à établir un suivi qui permette d’évaluer « l’état de santé » des populations de reptiles dans les milieux naturels gérés et non gérés. Ce protocole doit permettre aux gestionnaires de suivre l’évolution des populations à une échelle locale et tester l’effet des pratiques de gestion sur les populations.";"Squamates (lézards et serpents)";"Suivi pour évaluer « l’état de santé» des populations de reptiles dans les milieux naturels gérés et non gérés et l’évolution des populations à une échelle locale et tester l’effet des pratiques de gestion sur les populations.";"Amphibiens et reptiles";"Locale (site)";"Fiches de terrain ""à venir"" (voir les versions ultérieures (2016) ici : http://lashf.org/project/popreptile/ ; saisie des données possibles ici : https://geonature.lashf.org/#/login après s'être inscrit.e";"Types d'habitats, typologie des milieux, typologie et comportement des espèces observées";"Identification des aires de suivi, conditions météorologiques";"";;;;;"Protocoles standardisés";"f921db0e-98aa-47c6-b2e8-1064e6ad02c2";"false"
49;"POPReptile 1 : Inventaires simples (version 2016)";"P49";49;199;"POPReptile 1 : Inventaires simples (version 2016)";;"05/2016";;"true";"SHF, CPIE, ONF et RNF";"https://inpn.mnhn.fr/docs-web/docs/download/214072";"http://lashf.org/wp-content/uploads/2016/10/POPReptile_2016_6_10.pdf";"Lien vers la page de présentation du protocole : http://lashf.org/popreptile/";"Ce protocole vise à inventorier les espèces de reptiles sur un site pour un suivi simple.";"Reptiles";"Inventaire : déterminer la présence, la probabilité de détection et le nombre de contacts réalisés";"Amphibiens et reptiles";"Locale (site)";"Fiche de terrain et formulaire de saisie (fichier excel) disponibles ici : http://lashf.org/project/popreptile/ ; saisie des données possibles ici : https://geonature.lashf.org/#/login après s'être inscrit.e";"Présence/absence des espèces, sexe, classe d'âge";"Habitats et structure du milieux au niveau du transect, voire photos des plaques et du milieu environnant, conditions météorologiques, température sur site (météociel) au retour des relevés";"";;;;;"Protocoles standardisés";"0a39ad99-a72a-4f00-a76a-39872ac7b5ed";"false"
50;"POPReptile 2 : Suivis temporels (version 2016)";"P50";50;200;"POPReptile 2 : Suivis temporels (version 2016)";;"05/2016";;"true";"SHF, CPIE, ONF et RNF";"https://inpn.mnhn.fr/docs-web/docs/download/214072";"http://lashf.org/wp-content/uploads/2016/10/POPReptile_2016_6_10.pdf";"Lien vers la page de présentation du protocole : http://lashf.org/popreptile/";"Ce protocole vise à inventorier les espèces de reptiles sur un site et suivre leur évolution dans le temps. Ce protocole est équivalent au POPReptile 1 (voir ce protocole, référencé dans ce catalogue au n°49) mais répété dans le temps (chaque année).";"Reptiles";"Inventaire et suivi : déterminer la présence, la probabilité de détection et le nombre de contacts réalisés sur plusieurs années";"Amphibiens et reptiles";"Locale (site)";"Fiche de terrain et formulaire de saisie (fichier excel) disponibles ici : http://lashf.org/project/popreptile/ ; saisie des données possibles ici : https://geonature.lashf.org/#/login après s'être inscrit.e";"Présence/absence des espèces, sexe, classe d'âge";"Habitats et structure du milieux au niveau du transect, voire photos des plaques et du milieu environnant, conditions météorologiques, température sur site (météociel) au retour des relevés";"";;;;;"Protocoles standardisés";"674c9fd4-ff11-4182-a893-c715171d0ba3";"false"
51;"POPReptile 3 : Habitats et gestion (version 2016)";"P51";51;201;"POPReptile 3 : Habitats et gestion (version 2016)";;"05/2016";;"true";"SHF, CPIE, ONF et RNF";"https://inpn.mnhn.fr/docs-web/docs/download/214072";"http://lashf.org/wp-content/uploads/2016/10/POPReptile_2016_6_10.pdf";"Lien vers la page de présentation du protocole : http://lashf.org/popreptile/";"Ce protocole vise à répondre à des questions identifiées par un.e gestionnaire : comparer l'effet de différents habitats/milieux ou des modes de gestions/des perturbations sur la présence de reptiles observés, sur un site donné.";"Reptiles";"Inventaire et suivi : comparer l’occurrence, la probabilité de détection ou l’abondance relative sur plusieurs années, au regard d'une mesure de gestion/des évolutions du milieu, ou bien déterminer les habitats favorables à l'espèce (comparaisons spatiales)";"Amphibiens et reptiles";"Locale (site)";"Fiche de terrain et formulaire de saisie (fichier excel) disponibles ici: http://lashf.org/project/popreptile/ ; saisie des données possibles ici : https://geonature.lashf.org/#/login après s'être inscrit.e";"Présence/absence des espèces, sexe, classe d'âge";"Habitats et structure du milieux au niveau du transect, voire photos des plaques et du milieu environnant, conditions météorologiques, température sur site (météociel) au retour des relevés";"";;;;;"Protocoles standardisés";"c99d3881-d193-420e-b147-9a233ff4d0f1";"false"
52;"ACROLA";"P52";52;52;"Protocole ACROLA : Connaissance de la migration du Phragmite aquatique en France : méthodologie de suivi scientifique et règlementation";;"07/2012";;"false";"CRBPO : MNHN et Bretagne Vivante – SEPNB, LPO";"https://inpn.mnhn.fr/docs-web/docs/download/374528";"https://crbpo.mnhn.fr/IMG/pdf/THEME_ACROLA-2.pdf";"Lien vers la page de présentation du protocole : https://crbpo.mnhn.fr/spip.php?article113 ; autres ressources ici : https://www.bretagne-vivante.org/France/Le-Plan-National-d-Actions-en-faveur-du-Phragmite-aquatique/Base-documentaire-et-outils-de-sensibilisation";"Le Centre de Recherche sur la Biologie des Populations d'Oiseaux (CRBPO) mène des programmes de baguage des individus à large échelle. Dans ce cadre, le ""thème ACROLA"" est dédié à l'étude du Phragmite aquatique et cherche à : estimer les effectifs en transit en France, mieux comprendre la stratégie migratoire post-nuptiale (voies, phénologie, âge ratio, temps de séjour, engraissement, etc.), caractériser l’habitat de capture (échelle locale et régionale). Il propose un protocole standardisé applicable dans la plupart des sites où l’espèce est susceptible de migrer (compris les sites continentaux à roselières).";"Phragmite aquatique (Acrocephalus paludicola)";"Estimer les effectifs en transit en France, caractériser l'habitat, comprendre les stratégies migratoires post-nuptiales ; le CRBPO n'utilise pas le thème Acrola comme outil scientifique de suivi, d'inventaire et de détection de l'espèce en migration pré-nuptiale, mais d'autres méthodes sont possibles. Par exemple, l'inventaire des sites fréquentés peut se faire aisément grâce à l'écoute à distance des oiseaux chanteurs au lever du soleil, très loquaces en migration pré-nuptiale";"Oiseaux";"Nationale";"Pas de fiche de terrain proposée ; remplir le formulaire de déclaration de station ACROLA à sa création ; puis envoyer les résultats au CRBPO avant la mi-octobre de chaque année.";"Capture et baguage des individus, données biométriques et morphologiques, puis repasse monospécifique (poste de diffusion du chant par unité de capture)";"Typologie des habitats du Phragmite aquatique ; caractérisation de la parcelle ; identification des bagueur.euse.s";"";;;;;"Protocoles standardisés";"0145bc11-9641-4b81-bf57-eefb64f47d8b";"false"
53;;"P53";53;53;"Protocole coléoptères dunes méditerranéennes";;"01/2005";" ";"false";"Office Pour les Insectes et leur Environnement du Languedoc-Roussillon (OPIE-LR) ;  DIREN-LR";"https://inpn.mnhn.fr/docs-web/docs/download/214049";"https://www.researchgate.net/publication/281524368_Les_dunes_littorales_du_Languedoc-Roussillon_Guide_methodologique_d%27evaluation_de_leur_etat_de_conservation_a_travers_l%27etude_des_corteges_specialises_de_Coleopteres";;"Le but de ce guide est de permettre aux gestionnaires de pouvoir établir un état des lieux sur les milieux dunaires littoraux, à travers l’inventaire des Coléoptères (Carabidae, Scarabaeoidea et Tenebrionidae). La réalisation de cet inventaire doit permettre d’établir un état de conservation des sites dunaires étudiés, à travers les cortèges de Coléoptères psammo-halophiles observés.";"Coléoptères (Carabidae, Scarabaeoidea et Tenebrionidae) ; Coléoptères psammo-halophiles";"Etat des lieux sur les milieux dunaires littoraux, état de conservation des sites dunaires";"Insectes et araignées";"Locale (site)";"Fiche de terrain proposée";"Liste d'espèces identifiées (clef de détermination et fiche espèce présentées dans le protocole) ; une grille peut être remplie après deux inventaires réalisés selon la méthodologie précédemment expliquée : l’opérateur.ice remplit la grille en attribuant une valeur à chaque espèce correspondant à son coefficient lorsque l’espèce est présente ou à zéro lorsque celle-ci est absente. Les valeurs s’échelonnent de 0 à 3. L'addition totale des valeurs donne l'indice, considéré comme étant un bon indicateur biologique de l’état de conservation du complexe dunaire.";"Localisation du site";"";;;;;"Protocoles standardisés";"cd00b126-1c05-4f27-8cd2-5db01caa497b";"false"
54;;"P54";54;54;"Protocole commun de suivi des Amphibiens des mares à l'aide d'Amphicapts";;"01/2013";"GM 2013-1";"false";"RNF, SHF";"https://inpn.mnhn.fr/docs-web/docs/download/214071";"www.reserves-naturelles.org/sites/default/files/fichiers/protocole_amphibiens.pdf";;"Ce protocole propose un suivi des amphibiens pertinent et reproductible permettant ainsi d'évaluer l'évolution du peuplement sur le site, d'estimer l'abondance relative des espèces d'Amphibiens, en particulier les tritons, dans les sites aquatiques. Un des objectifs de l'intégration du protocole des gestionnaires de Réserves Naturelles (RN) dans la  démarche du réseau herpétologique de la SHF est de participer à un observatoire national de suivi des amphibiens pour  dégager les tendances évolutives interannuelles de chaque espèce et ainsi pouvoir mettre en perspective les résultats obtenus localement et évaluer ""l'effet Réserve"".";"Amphibiens";"Suivi des amphibiens pertinent et reproductible permettant ainsi d'évaluer l'évolution du peuplement, à l'échelle locale, à l'aide du dispositif amphicapts. L'effet que peuvent avoir les perturbations ou les pratiques de gestion sur la capacité d’accueil en Amphibiens, sera évaluable par comparaisons interannuelles de la structure du peuplement.";"Amphibiens et reptiles";"Locale (site)";"Fiche de terrain proposée, fichier Excel disponible au téléchargement, saisie dans le logiciel SERENA du réseau des Réserves Naturelles de France";"Identification des espèces, sexe et âge (adultes, larves) ; nombre de poissons, dyptiques, libellules, sangsues ; nombre d'animalcules (fourchettes)";"Localisation du site, température atmosphérique, température minimum et maximum de l'eau, heure de pose et de retrait de l'amphicapts (dispositif d'observation des amphibiens)";"";;;;;"Protocoles standardisés";"b8984ea4-9939-407f-a6c4-89c1f7b45278";"false"
55;;"P55";55;55;"Protocole commun d'inventaire des reptiles terrestres sur les Réserves Naturelles";;"01/2013";"2013-1";"false";"RNF, SHF";"https://inpn.mnhn.fr/docs-web/docs/download/214073";"www.reserves-naturelles.org/sites/default/files/fichiers/protocole_reptiles.pdf";;"Ce protocole  permet d’évaluer la diversité et la densité des populations de reptiles terrestres dans les milieux naturels, qu'ils soient gérés ou non, de suivre l’évolution des populations à une échelle locale et de tester l’effet des pratiques de gestion sur les populations.";"Squamates (lézards et serpents)";"Suivi des populations et évaluation de l'évolution des peuplements";"Amphibiens et reptiles";"Locale (site)";"Fiche de terrain proposée, fichier Excel disponible au téléchargement, saisie dans le logiciel SERENA du réseau des Réserves Naturelles de France";"Identification et comptage des individus (prospection à vue et inspection de caches artificielles), sexe, longueur, habitat";"Localisation du site, température, couvert nuageux, vent";"";;;;;"Protocoles standardisés";"82ad1654-f305-4e12-b091-eb87ba3fdc33";"false"
56;;"P56";56;56;"Protocole d’échantillonnage des Coléoptères saproxyliques déployé dans les différents milieux forestiers par l’Office National des Forêts (ONF)";;"01/2016";;"false";"ONF";"https://inpn.mnhn.fr/docs-web/docs/download/214050";"https://www.researchgate.net/publication/311138857_Presentation_du_protocole_d'echantillonnage_des_Coleopteres_saproxyliques_deploye_dans_les_differents_milieux_forestiers_par_l'Office_National_des_Forets/download";;"Ce document présente le protocole qui propose un cadre technique minimal et standardisé aux gestionnaires d’espaces naturels forestiers et aux entomologistes. Il correspond au cadre opérationnel d’inventaire des coléoptères saproxyliques des forêts françaises.";"Coléoptères saproxyliques";"Inventaire des coléoptères par piégage répété, calcul possible d'un indicateur de la valeur patrimoniale de la forêt échantillonnée";"Insectes et araignées";"Locale (site)";"Pas de fiches de relevés proposées ; envoi des échantillons pour identification possible au laboratoire ; saisie des données possibles via le logiciel Data Fauna Flora disponible en téléchargment ici : http://zoologie.umons.ac.be/dff/";"Inventaire exhaustif des coléoptères piégés";"Pression d'échantillonnage selon la technique de Parmain (2009)";"";;;;;"Protocoles standardisés";"9e02ad54-f9ef-4eab-95b8-9e9e8ad0f9a4";"false"
57;;"P57";57;57;"Protocole de l'enquête nationale sur le Campagnol amphibie (Arvicola sapidus)";;"2008";;"false";"SFEPM";;"https://www.sfepm.org/sites/default/files/inline-files/Les_campagnols_aquatiques_en_France_SFEPM_Rigaux_2015.pdf";"Page internet de présentation de l'enquête nationale, coordonnée par la Société Française pour l'Etude et la Protection des Mammifères : https://www.sfepm.org/le-campagnol-amphibie.html";"Ce protocole d’enquête nationale permet d’estimer la distribution précise du Campagnol amphibie en France. A partir de ce référentiel, il devrait être possible d’évaluer à court ou moyen terme l’évolution de la population française. Les objectifs de cette enquête sont donc multiples : estimer l'aire réellement occupée par l'espèce en France et son niveau de fragmentation ; mettre en évidence et estimer précisément l'évolution des populations (déclin, augmentation ou stabilité) à court et moyen terme ; améliorer les connaissances sur les exigences écologiques de l'espèce dans différents écosystèmes et dans différentes régions géographiques, afin d’être en mesure de proposer des actions de conservation. L'enquête est basée sur la participation bénévole des naturalistes dans l'ensemble de l'aire de répartition française de l'espèce et sur la coordination locale par les différentes associations naturalistes et de protection de l'environnement, ou autres  organismes.";"Campagnol amphibie";"Estimation de la présence du Campagnol amphibie sur un territoire donné, évaluation de ses exigences écologiques";"Mammifères";"Nationale";"Fiches de terrain fournies dans le protocole ; les 20 fiches de renseignements et la carte du carré avec la localisation des tronçons numérotés sont à retourner aux coordinateur.ice.s locaux qui en retournent un exemplaire au/à la coordinateur.ice national.e ; outre les résultats du traitement à l'échelle nationale des informations apportées par l'enquête, celle-ci doit évidemment  permettre l'amélioration desconnaissances régionales et locales sur l'espèce ;  à ce titre, la mise en place et le suivi de l'enquête à l'échelle locale sont effectués par les différentes associations locales à qui les participants sur le terrain retournent toutes leurs données et leurs résultats ; l'enquête nationale est terminée mais il est toujours possible de fournir les données en inscrivant sa structure sur le portail de l'Observatoire National des Mammifères animé par la SFEPM : http://www.observatoire-mammiferes.fr/atlas/espece/61258";"Absence/présence de l'espèce grâce aux indices de présence ; pourcentage de végétation aquatique, caractérisation de la végétation des berges, traces et indices d'autres espèces";"Localisation des relevés, type de tronçon, profondeur et largeur";"";;;;;"Protocoles standardisés";"cffb4ade-b01e-4207-b0ce-80107c397470";"false"
58;"IcoCAM";"P58";58;58;"Protocole de l'Indicateur COmposite Coléoptères Aquatiques des Mares (IcoCAM)";;"2016";;"false";"GRETIA, MNHN";"https://inpn.mnhn.fr/docs-web/docs/download/375345";"gretia.org/index.php/publications?download=135:brochure-sur-les-coleopteres-aquatiques-des-mares-de-basse-normandie";"Lien vers la page de présentation du protocole mis en ligne : http://gretia.org/index.php/actu/81-brochure-sur-les-coleopteres-aquatiques-des-mares-de-basse-normandie";"L'Indicateur COmposite Coléoptères Aquatiques des Mares (IcoCAM) vise à évaluer les potentialités biologiques des mares via l'analyse qualitative de cortèges de coléoptères aquatiques. Il repose sur 4 indices basés issus du référentiel des mares de Basse-Normandie : l’Indice de rareté relative « Irr », la richesse spécifique, l’indice de spécialisation des communautés « CSI » et la richesse fonctionnelle « FRic ». Les 4 indices qui composent l’IcoCAM sont représentés dans l’espace par un graphique radar (répartition en 4 classes égales). Plus le graphique est déployé sur chaque axe, plus la mare présente un bon potentiel biologique. La mare étudiée est ensuite comparée graphiquement aux mares « extrêmes » du référentiel.";"Coléoptères aquatiques des mares";"Evaluation du potentiel biologique des mares, identification d'enjeux de conservation sur un territoire, adaptation des actions d'interventions envisagées sur plusieurs mares comparées entre elles";"Insectes et araignées";"Locale (site)";"Fiche de terrain proposée";"Présence/absence de coléoptères, densité relative en invertébrés, présence d'autres espèces";"Localisation et description du site, cartographie schématique de la répartition des principaux mésohabitats présents dans la mare (dessins et/ou estimation à vue), représentativité de l’interface aquatique (A) et de l’interface eau-terre (B) en %, temps";"";;;;;"Protocoles standardisés";"b0d57c57-ef55-4398-89ca-32780e288616";"false"
59;;"P59";59;59;"Protocole de recensement des collisions entre la faune sauvage et les véhicules";;"02/2015";;"false";"MNHN";"https://inpn.mnhn.fr/docs-web/docs/download/142576";"http://spn.mnhn.fr/spn_rapports/archivage_rapports/2015/SPN%202015%20-%2040%20-%20SPN_40_2015_protocole_collisions.pdf";"Lien vers la page de présentation du protocole : http://www.patrinat.fr/fr/suivi-national-des-collisions-entre-la-faune-sauvage-et-les-vehicules-6243";"Les infrastructures linéaires de transport impactent la biodiversité (mortalité, perte d’habitat, fragmentation, pollution, etc.) et la mortalité par collision avec les véhicules est un des effets directs les plus conséquents des routes sur la faune. Inventorier et analyser les données de collisions est un moyen d’identifier des zones de forte concentration de collisions et ainsi détecter des continuités écologiques non fonctionnelles. Cela permet d’agir efficacement via la mise en place de mesures de réduction des impacts. Afin de mieux connaître l’impact des routes sur la faune en France métropolitaine, l’UMS PatriNat déploie un protocole national de recensement des collisions en partenariat avec les directions interdépartementales des routes (DIR). Ce protocole a été élaboré sur la base des premières expériences menées en DIR Est et en DIR Ouest, et est mis en œuvre avec l'appui du Cerema, qui apporte son expertise et sa connaissance du terrain. L’UMS coordonne sa mise en œuvre et analyse les données de collisions. Chaque DIR participante implique ses agents d’entretien des routes : lors des patrouilles quotidiennes, les agents notent les animaux percutés sur la chaussée. Le but de ce protocole est de collecter des données qui permettent de détecter des points de conflit entre la faune sauvage et les routes. La question est de savoir si les points de collisions sont répartis de manière aléatoire ou s’ils sont agrégés spatialement le long du réseau routier étudié.";"Tous les groupes d’espèces sont inventoriés, dans la mesure du possible.";"Mieux connaître les différents facteurs qui influent sur la localisation des collisions et apporter des solutions efficaces";"Multi-groupes";"Nationale";"Fiche de terrain de recensement des collisions en DIR Centre-Est proposée en annexe du protocole ; utilisation d'une application comme base de donnée pour centralisation utilisée par la DIR ouest présentée en annexe ; envoi des données à l'équipe écosystème et réseaux de l'UMS Patrimoine Naturel";"Espèce concernée par la collision, photo possible";"Localisation de la collision, effort de prospection";"";;;;;"Enquêtes (ponctuelles ou continues)";"07f79b11-11d1-445d-bda6-83a5c027db20";"false"
60;;"P60";60;60;"Protocole de suivi à long terme des peuplements de macrophytes aquatiques et d'odonates";;"06/1999";;"false";"RNF";"https://inpn.mnhn.fr/docs-web/docs/download/374578";"http://www.pole-gestion.fr/uploads/ged/document/2017-09/Protocole%20de%20suivi%20a%20long%20terme-RNF.pdf";"Lien vers une page de téléchargement du protocole : http://www.insectes-france.com/telechargement/telechargement_protocoles.html";"Ce protocole de suivi à long terme des peuplements de macrophytes aquatiques et d'odonates a pour objectif d'établir une méthode reproductible, non destructive, accessible aux gestionnaires (non réservée aux spécialistes), de suivi quantitatif des descripteurs ""Odonates"" et ""Macrophytes aquatiques"" sur un réseau de sites. Ce protocole doit permettre d'établir un diagnostic d'évolution des milieux à partir de l'observation des variations de composition et de structure des peuplements de macrophytes aquatiques et d'odonates. Il ne permet pas d'évaluer ni de suivre l'intérêt patrimonial du site (suivi des espèces menacées) car il n'est pas basé sur un suivi exhaustif des espèces, mais sur un principe d'échantillonnage suivant les conditions de milieu. Par contre, les résultats du suivi pourront donner des éléments précieux sur la répartition des espèces, notamment les espèces patrimoniales, sur le site. Le suivi des espèces à enjeux patrimoniaux doit faire l'objet d'un protocole spécifique. Ce protocole n'a pas l'ambition de présenter une ""recette"" standard à appliquer systématiquement, mais se présente plutôt comme un cadre commun, fixant la liste des paramètres à relever impérativement et les méthodes possibles pour y arriver, et permettant des adaptations aux contraintes locales et aux spécificités de chaque espace. C'est un programme-test sur 17 Réserves Naturelles ou Réserves Naturelles Volontaires de France.";"Odonates (libellules), macrophytes aquatiques hydrophytes, ethélophytes (plantes aquatiques et semi-aquatiques) : algues, characées, bryophytes, phanérogames";"Inventaire précis et exhaustif (autant que possible) des espèces de macrophytes aquatiques et d'odonates présentes sur le site, mais aussi inventaire individualisé pour chaque ensemble fonctionnel afin de pouvoir utiliser les résultats du suivi des descripteurs de fonctionnement dans l’évaluation de la gestion mise en place ; disposer de signaux d'alerte du fonctionnement des hydrosystèmes et d'un outil d'évaluation des méthodes de gestion mises en œuvre";"Multi-groupes";"Locale (site)";"Pas de fiche de terrain proposée ; saisie possible dans une base de données suggérée";"Pour les macrophytes aquatiques : liste des espèces présentes, recouvrement en pourcentage, recouvrement total ; pour les odonates : nombre d'individus de chaque espèce observée (sexe, stade : imagos, exuvies), comportement de reproduction éventuels";"Paramètres du milieu : vitesse du courant, profondeur maximale du chenal, largeur du chenal (ou du transect s'il est moins large que le chenal), granulométrie du substrat (en pourcentage de recouvrement du fond), recouvrement de la ripisylve sur le transect";"";;;;;"Protocoles standardisés";"c8d8a5c6-bb21-4eb8-b6f9-c3fe2774326f";"false"
61;"PSDRF";"P61";61;61;"Protocole de Suivi Dendrométrique des Réserves Forestières (PSDRF)";;"22/02/2012";;"false";"ENGREF (AgroParisTech), RNF, ONF, CEMAGREF (Irstea) et IFN";"https://inpn.mnhn.fr/docs-web/docs/download/214097";"http://www.reserves-naturelles.org/sites/default/files/fichiers/notice_psdrf.pdf";"Lien vers une présentation du protocole PSDRF : http://www.reseau-cen.org/sites/default/files/fichiers/5-151103_intervention_nd_edf_2015.pdf ;  il existe une notice pour le module alluvial disponible ici : http://www.reserves-naturelles.org/sites/default/files/fichiers/notice_psdrf-ma.pdf";"Développé, discuté, testé puis validé par l’ENGREF, RNF, l’ONF, le CEMAGREF et l’IFN, ce protocole dendrométrique simple permet d’appréhender de façon simultanée : la caractérisation du peuplement et notamment du bois mort ; l’analyse des flux de bois vivants et de bois morts ; le suivi de la composition en essence ; le suivi des gros bois ; le suivi du capital sur pied, et le suivi du renouvellement.";"Peuplements forestiers";"Evaluation de l’état de conservation initial de la forêt étudiée, suivi de la dynamique de ces peuplements dans le temps et dans l’espace, suivi particulièrement  fin en ce qui concerne l’origine et le type de bois mort (arbres morts sur pied, chablis, volis)";"Habitats";"Locale (site)";"Pas de fiche de terrain proposée ; un manuel de traitement des données est proposé ici : http://www.reserves-naturelles.org/sites/default/files/fichiers/annexe_5_-_manuel_dutilisation_des_outils_dedies_au_traitement_des_donnees_issues_du_protocole_de_suivi_dendrometrique_des_reserves_forestieres_2016.pdf";"Essence, azimut au pied de l’arbre, distance au centre, pente, diamètre ; origine végétative, nombre de tiges de la même essence pour chaque classe de diamètre ; pourcentage de recouvrement de semis, abroutissement ; longueur de la pièce de bois, proportion du billon en contact avec le sol, origine de la pièce au sol, stade de décomposition du billon ; angle de la pièce ; hauteur, type d’arbre mort sur pied (volis, chablis, souche) ; codification PROSYLVA, ENGREF, CEMAGREF (fournies en annexe); habitats (code Corinne), voire caractères stationnels ou informations phytoécologiques principales caractérisant le milieu";"Localisation des placettes, pente en %, exposition (si > 10%)";"";" Lien vers un manuel de traitement des données du PSDRF : http://www.reserves-naturelles.org/sites/default/files/fichiers/annexe_5_-_manuel_dutilisation_des_outils_dedies_au_traitement_des_donnees_issues_du_protocole_de_suivi_dendrometrique_des_reserves_f";;;;"Protocoles standardisés";"4437ded2-9908-4ec2-bdeb-02f67f4b315c";"false"
62;"PSDRF - MA";"P62";62;62;"Protocole de Suivi Dendrométrique des Réserves Forestières - Module Alluvial (PSDRF - MA)";;"2012";;"false";"ENGREF (AgroParisTech), RNF, ONF, CEMAGREF (Irstea) et IFN";"https://inpn.mnhn.fr/docs-web/docs/download/214098";"http://www.reserves-naturelles.org/sites/default/files/fichiers/notice_psdrf-ma.pdf";"Lien vers une présentation du protocole PSDRF : http://www.reseau-cen.org/sites/default/files/fichiers/5-151103_intervention_nd_edf_2015.pdf";"Développé, discuté, testé puis validé par l’ENGREF, RNF, l’ONF, le CEMAGREF et l’IFN, ce protocole dendrométrique simple permet d’appréhender de façon simultanée : la caractérisation du peuplement et notamment du bois mort ; l’analyse des flux de bois vivants et de bois morts ; le suivi de la composition en essence ; le suivi des gros bois ; le suivi du capital sur pied, et le suivi du renouvellement. Plus ancien, un protocole de suivi de la dynamique spontanée des forêts alluviales est coordonné dans le réseau des réserves naturelles depuis 1994. Afin d’optimiser ce suivi et de le rapprocher avec le PSDRF, un module alluvial au PSDRF est ici proposé.";"Peuplements forestiers";"Evaluation de l’état de conservation initial de la forêt étudiée, suivi de la dynamique de ces peuplements dans le temps et dans l’espace, suivi particulièrement  fin en ce qui concerne l’origine et le type de bois mort (arbres morts sur pied, chablis, volis)";"Habitats";"Locale (site)";"Pas de fiche de terrain proposée ; un manuel de traitement des données est proposé ici : http://www.reserves-naturelles.org/sites/default/files/fichiers/annexe_5_-_manuel_dutilisation_des_outils_dedies_au_traitement_des_donnees_issues_du_protocole_de_suivi_dendrometrique_des_reserves_forestieres_2016.pdf";"Essence, azimut au pied de l’arbre, distance au centre, pente, diamètre, hauteur de la première branche vivante, hauteur totale, présence de liane, diamètre des lianes, état sanitaire ; origine végétative, nombre de tiges de la même essence pour chaque classe de diamètre ; pourcentage de recouvrement de semis, abroutissement ; longueur de la pièce de bois, proportion du billon en contact avec le sol, origine de la pièce au sol, stade de décomposition du billon ; angle de la pièce ; hauteur, type d’arbre mort sur pied (volis, chablis, souche) ; codification PROSYLVA, ENGREF, CEMAGREF (fournies en annexe) ; habitats (code Corinne), relevé phytosociologique complet ; indices de présences des herbivores sauvages";"Localisation des placettes, pente en %, exposition (si > 10%), sondage pédologique à la tarière";"";" Lien vers un manuel de traitement des données du PSDRF : http://www.reserves-naturelles.org/sites/default/files/fichiers/annexe_5_-_manuel_dutilisation_des_outils_dedies_au_traitement_des_donnees_issues_du_protocole_de_suivi_dendrometrique_des_reserves_f";;;;"Protocoles standardisés";"9f30597a-5d29-41bc-aa0b-2d5c414e20e0";"false"
63;"EPP";"P63";63;63;"Protocole de suivi des populations de lapins et lièvre par Echantillonnage Par Points (EPP) avec un projecteur";;"2010";;"false";"ONCFS";"https://inpn.mnhn.fr/docs-web/docs/download/374579";"http://www.pole-gestion.fr/uploads/ged/document/2014-10/Lagomorphes_EPP.pdf";"Lien vers la page de téléchargement du protocole : http://www.oncfs.gouv.fr/Protocoles-de-denombrement-ru145/Lagomorphes-Protocoles-ar273 ; lien vers un protocole plus récent pour le lièvre : http://www.oncfs.gouv.fr/IMG/file/mammiferes/lagomorphes/Protocole_Denombrements_Lievre_EPP.pdf";"Ce protocole vise à suivre les fluctuations des effectifs hivernaux au sein de populations de lagomorphes, pour la gestion cynégétique ou pour une évaluation patrimoniale au moyen de dénombrements relatifs basés sur le nombre moyen d'animaux détectés, durant leur phase d'activité nocturne, par surface élémentaire éclairée à l'aide d'un projecteur lumineux. Pour estimer l’abondance de l’effectif reproducteur de lièvres et de lapins, l'OFB met en place avec le réseau Lièvre un dispositif d'échantillonnage nocturne systématique. En fonction des contraintes liées au type d’habitat ou des habitudes locales, la méthode utilisée est, soit l’Échantillonnage par point avec un projecteur (EPP), soit la méthode des Indices kilométriques d’abondance (IKA, décrite au n°202 de ce catalogue).";"Lièvre d'Europe (Lepus europaeus), Lapin de garenne (Oryctolagus cuniculus)";"Suivre les fluctuations des effectifs au sein des populations de Lièvre d'Europe et de Lapin de garenne au moyen de dénombrements relatifs basés sur le nombre moyen d'animaux détectés, durant leur phase d'activité nocturne";"Mammifères";"Nationale";"Fiche de terrain fournie";"Nombre de lapins, nombre de lièvres vus ; d'autres espèces peuvent être ajoutées en remarque";"Température, visibilité, précipitations, vent, luminosité";"";;;;;"Protocoles standardisés";"635623a7-d3af-4900-98e9-3642f600ab9e";"false"
64;;"P64";64;64;"Protocole de suivi des populations de Liparis de Loesel au niveau national";;"2012";" ";"false";"CBN Alpin";"https://inpn.mnhn.fr/docs-web/docs/download/374629";"www.tela-botanica.org/projets/72/telechargement/19041";"Lien vers le site de Tela Botanica : https://www.tela-botanica.org/projets/reseau-de-conservation-de-la-flore-alpes-ain/porte-documents/";"Ce document présente le protocole permettant de connaître plus précisément l’état de la population nationale du Liparis de Loesel, sa tendance d'évolution et son état de conservation sur plusieurs années. Ce protocole vise également à mieux cerner l’autoécologie, l’habitat et la biologie de l’espèce.";"Liparis de loesel";"Etat de l'espèce et suivi, distribution spatiale";"Plantes, mousses et fougères";"Nationale";"Fiche de terrain proposée et saisie des données dans une base de données MapInfo";"Présence/absence de l'espèce";"Données climatologiques (précipitations mensuelles notamment), données piézométriques (un piézomètre à financer et installer dans chaque station), type de gestion à l’année n et n-1, type d’habitat (à l’alliance), type de perturbation éventuelle.";"";;;;;"Protocoles standardisés";"6af299ee-a443-4d06-ba69-a8653bcc0144";"false"
65;;"P65";65;65;"Protocole de suivi des populations d'ongulés de montagne (chamois, isard, bouquetin, mouflon)";;"2012";;"false";"ONCFS";"https://inpn.mnhn.fr/docs-web/docs/download/374631";"http://www.pole-gestion.fr/doc/notice/protocole-de-suivi-des-populations-d-ongules-de-montagne-chamois-isard-mouflon-bouquetin";"Lien vers le site de l'ONCFS : http://www.oncfs.gouv.fr/Ongules-de-montagne-dynamique-des-populations-et-habitats-ru463/Ongules-de-montagne-dynamique-des-populations-et-habitats-ar1012";"Ce protocole vise à suivre l’évolution des effectifs et des répartitions des populations d’Ongulés de montagne par des dénombrements réguliers des unités de gestion à l’échelle d’un département. Ce protocole doit être appliqué avec la plus grande rigueur et dans des conditions strictement identiques d’une répétition sur l’autre.";"Bouquetin, Chamois, Isard, Mouflon méditerranéen et Mouflon de Corse";"Estimation par défaut du cheptel";"Mammifères";"Régionale";"Fiche de terrain proposée en annexe ; référence à un guide technique introuvable (note technique ONC n°22)";"Identification à vue de l'espèce, du nombre d’animaux, du sexe et de la classe d’âge";"Localisation des relevés";"";;;;;"Protocoles standardisés";"5d603b56-bde5-4dbc-92ce-3b9533d0b461";"false"
66;;"P66";66;66;"Protocole de suivi des roselières méditerranéennes";;"10/10/2002";;"false";"Réserves Naturelles de France (RNF)";"https://inpn.mnhn.fr/docs-web/docs/download/374632";"www.reserves-naturelles.org/sites/default/files/fichiers/protocole-roselieres-med-200210.pdf";;"Ce document présente le protocole de suivi des roselières mditerranéennes. Les principaux objectifs de suivis concernent la caractérisation de la roselière, l'évolution de l'habitat, la définition de l'intérêt patrimonial et de l'impact de la gestion. Pour certains sites, il sera possible d'aller plus loin en utilisant les résultats d'autres suivis (STOC Rozo par exemple).";"Roselières méditerranéennes";"Caractérisation de la roselière, évolution de l'habitat, définition de l'intérêt patrimonial et de l'impact de la gestion";"Habitats";"Locale (site)";"Fiches de terrain proposées dans le protocole";"Hauteur du phragmite, nombre de tiges vertes, sèches, hauteur de la plus haute tige, hauteur et diamètre de la tige verte ( = de l’année) la plus proche du coin inférieur droit du quadrat (équivalent à 1 tige au hasard)";"Suivi hydrologique, hauteur d'eau pour les relevés floristiques";"";;;;;"Protocoles standardisés";"5a1c3e1b-722a-4c60-aead-ca5b27b70426";"false"
67;;"P67";67;67;"Protocole de suivi du Grand Hamster d'Alsace";;"2016";;"false";"ONCFS";"https://inpn.mnhn.fr/docs-web/docs/viewDoc/409155";"https://side.developpement-durable.gouv.fr/Default/doc/SYRACUSE/76193/mise-au-point-et-application-d-une-methode-indiciaire-d-estimation-de-l-abondance-et-de-suivi-des-po";"https://inpn.mnhn.fr/docs-web/docs/download/378670";"Dans le cadre de la mise en oeuvre du Plan national d’actions 2012-2016 (PNA) en faveur du Hamster commun, l’Office National de la Chasse et de la Faune Sauvage (ONCFS) a pour mission d’assurer le suivi annuel des populations sauvages de l’espèce. Ce suivi a le double objectif de suivre l’état des populations sauvages et d’évaluer l’efficacité de la mise en oeuvre des outils de restauration déployés dans le cadre de la stratégie du PNA 2012-2016.
Compte-tenu de l'écologie et du comportement de l'espèce, il est impossible de réaliser des comptages de hamsters. Le suivi se base donc sur une méthode indirecte qui consiste à dénombrer les terriers en avril, à la fin de l'hibernation, sur un échantillon de parcelles (seules les parcelles de luzerne et de céréales à paille d’hiver sont prospectées chaque année). Le nombre de terriers dénombrés sur chaque territoire est donc un indice d’abondance censé refléter les fluctuations et évolutions de l'abondance de hamsters. En aucun cas cet indice ne renseigne sur l’effectif réel de hamsters en Alsace.";"Grand Hamster";"Suivi des populations de Grand Hamster pour évaluer l'état de conservation et la répartition spatiale des populations, et évaluer l’efficacité de la mise en oeuvre des outils de restauration déployés dans le cadre du PNA";"Mammifères";"Régionale";"Fiche d’enregistrement des terriers proposée en annexe";"Trous de Grand Hamster habité comme indice de présence ; autres indices tels que fécès, cultures rongées, état des galeries";"Photo et localisation GPS des terriers ; type de culture";"";;;;;"Protocoles standardisés";"f497a86a-b687-4032-986a-c17a1c960d13";"false"
68;;"P68";68;69;"Protocole de suivi environnemental des parcs éoliens terrestres (version initiale 2015)";;"11/2015";"version initiale";"true";"Ministère de l’écologie, du développement durable et de l’énergie";"https://inpn.mnhn.fr/docs-web/docs/download/376090";"https://www.ecologique-solidaire.gouv.fr/sites/default/files/D%C3%A9cision%20du%2023%20novembre%202015%20relative%20%C3%A0%20la%20reconnaissance%20d%E2%80%99un%20protocole%20de%20suivi%20environnemental%20des%20parcs%20%C3%A9oliens%20terrestres.pdf";;"Le présent document correspond au protocole de suivi environnemental applicable aux éoliennes terrestres soumises à autorisation et à déclaration au titre de la législation relative aux installations classées pour la protection de l’environnement au titre de l’article 12 de l’arrêté du 26 août 2011 (autorisation) et par le point 3.7 de l’annexe 1 de l’arrêté du 26 août 2011 (déclaration). Il guide également la définition des modalités du suivi des effets du projet sur l’avifaune et les chiroptères prévu par l’article R122-14 du code de l’environnement mentionné ci-dessus. Ce protocole n’a, en revanche, pas vocation à guider la définition des modalités de suivi de la réalisation des mesures de réduction et de compensation spécifiques à chaque projet éolien. Le suivi environnemental analyse les impacts du projet sur l’avifaune et les chiroptères et, pour les installations soumises à autorisation, sur toute espèce protégée identifiée dont la sensibilité à l’éolien est avérée et présentant un enjeu dans l’évaluation environnementale préalable (dont étude d’impact) et les compare avec les conclusions de cette dernière. En application du principe de proportionnalité, l’intensité du suivi à mettre en œuvre dépendra des espèces présentes et des enjeux identifiés sur le site et de l’impact résiduel identifié par l’évaluation environnementale pour ces espèces.";"Habitats naturels, avifaune, chiroptères, espèces floristiques et/ou des habitats naturels patrimoniaux dans le cadre de parcs éoliens";"Suivi environnemental des parcs éoliens permettant d’évaluer l’état de conservation de la flore et des habitats naturels présents au niveau de la zone d’implantation des éoliennes, afin de rendre compte des évolutions des habitats naturels dans le temps et de comprendre le fonctionnement écologique du site et d’en tirer des enseignements concernant le suivi des populations d’oiseaux, de chauve-souris et des espèces protégées fréquentant le parc éolien.";"Multi-groupes";"Locale (site)";"Fiches de terrain proposées dans le protocole : suivi de mortalité-avifaune, chiroptères; tableau des données brutes pour permettre une compilation quantitative et informative à l’échelle nationale à envoyer au MNHN au format demandé.";"Caractéristiques de chaque habitat (caractéristiques écologiques, cortège floristique, état de conservation, lien avec les autres habitats recensés, nombre de stations par espèces, etc.) ; phases du cycle biologique des oiseaux (Reproduction-Migrations-Hivernage) : diversité spécifique, effectifs d’une espèce donnée, comportement des oiseaux en vol, présence de zones de stationnement ou de chasse, etc. ; activité des chiroptères (pose d’enregistreurs placés sur un mât d’éolienne ou sur un mât de mesure); mortalité (chauve-souris et oiseaux). La pression de prospection et les techniques de suivis dépendent du niveau de sensiblité des espèces considérées.";"Travail de photo-interprétation permettant de délimiter les différents habitats; cultures présentes au moment de l’inventaire de terrain (surtout pour certains oiseaux); descriptions topographiques, localisation des zones naturelles protégées les plus pro";"";"Résultats analysés en comparaison avec l’étude d’impact initiale et, éventuellement, au vu des données des suivis environnementaux précédents, en tâchant d'identifier les paramètres liés à l’activité éolienne et à les dissocier des autres paramètres naturels ou anthropiques sans qu’il soit nécessaire de recourir systématiquement à une zone témoin. Les méthodes d’extrapolation de la mortalité des espèces à utiliser sont les suivantes : en cas d’impact faible ou non significatif : utilisation des données brutes seulement; en cas d’impact significatif : utilisation des données brutes et de modèles d’estimation des mortalités par extrapolation des données (formules mathématiques présentées dans le protocole)";;;;"Protocoles standardisés";"d57fa658-0182-4888-8687-2fe6a216bf6b";"false"
69;;"P69";69;69;"Protocole de suivi environnemental des parcs éoliens terrestres (version révisée 2018)";;"03/2018";"version révisée";"false";"DGPR, DGALN, MNHN, LPO, SFEPM, SER, FEE";"https://inpn.mnhn.fr/docs-web/docs/download/374612";"www.occitanie.developpement-durable.gouv.fr/IMG/pdf/protocole_suivi_environnemental_2018_.pdf";"Lien vers la page de présentation du protocole : https://eolien-biodiversite.com/programme-eolien-biodiversite/actualites/le-protocole-de-suivi-environnemental-icpe";"Le présent document correspond au protocole de suivi environnemental applicable aux éoliennes terrestres soumises à  autorisation et soumises à déclaration au titre de la législation relative aux installations classées pour la protection de l’environnement. Les suivis environnementaux doivent permettre de constater et d'analyser les impacts du projet sur l’avifaune et les chiroptères des parcs en exploitation. Ils devront au minimum correspondre à des suivis de la mortalité réalisés aux pieds des éoliennes, couplés à un suivi d'activité en hauteur des chiroptères et si l'étude d'impact ou l'arrêté préfectoral le prévoit, à des suivis comportementaux ou d'activités. C'est la version révisée de 2018 qui est présentée ici, qui fait suite à la version initiale de 2015 (référencée au n°68 de ce catalogue).";"Habitats naturels, avifaune, chiroptères, espèces floristiques et/ou des habitats naturels patrimoniaux dans le cadre de parcs éoliens";"Suivi environnemental des parcs éoliens permettant d’évaluer l’état de conservation de la flore et des habitats naturels présents au niveau de la zone d’implantation des éoliennes, afin de rendre compte des évolutions des habitats naturels dans le temps et de comprendre le fonctionnement écologique du site et d’en tirer des enseignements concernant le suivi des populations d’oiseaux, de chauve-souris et des espèces protégées fréquentant le parc éolien.";"Multi-groupes";"Locale (site)";"Pas de fiches de terrain proposées ; tableau des données brutes pour permettre une compilation quantitative et informative à l’échelle nationale à envoyer au MNHN au format demandé.";"Typologie préalable des secteurs homogènes de végétation, cartographie des habitats (Corine  Land  Cover  ou  Eunis), taille de végétation ; activité en altitude, en continu et sans aucun échantillonnage de durée sur l’ensemble de la période d’activité des chauves-souris ; mortalité (chauve-souris et oiseaux : date de découverte, nom du/de la découvreur.euse, numéro de l’éolienne, distance et orientation du cadavre par rapport au mât, espèce supposée, statut biologique, sexe, âge, blessure / barotraumatisme, état du cadavre et estimation de la date de la mort, type de végétation à l’endroit de la découverte, etc.). La pression de prospection et les techniques de suivis dépendent du niveau de sensiblité des espèces considérées.";"Caractérisation du parc éolien (localisation, nombre et position des éoliennes, gabarit et modèle des machines) ; type de milieux, distances aux haies et lisières ; données de précision du protocole mis en œuvre ; test d’efficacité de recherche (du/de la chercheur.se) ; test de persistance des cadavres.";"";"Résultats analysés en comparaison avec l’étude d’impact initiale et, éventuellement, au vu des données des suivis environnementaux précédents, en tâchant d'identifier les paramètres liés à l’activité éolienne et à les dissocier des autres paramètres naturels ou anthropiques sans qu’il soit nécessaire de recourir systématiquement à une zone témoin. Les méthodes d’extrapolation de la mortalité des espèces à utiliser sont les suivantes : en cas d’impact faible ou non significatif : utilisation des données brutes seulement; en cas d’impact significatif : utilisation des données brutes et de modèles d’estimation des mortalités par extrapolation des données (formules mathématiques présentées dans le protocole)";;;;"Protocoles standardisés";"7be03666-1610-4c92-98a7-f2039226e089";"false"
70;;"P70";70;70;"Protocole de suivi simplifié des invertébrés des laisses de mer";;"2015";;"false";"GRETIA";"https://inpn.mnhn.fr/docs-web/docs/download/174789";"https://inpn.mnhn.fr/docs-web/docs/download/174789";"Lien vers la page de présentation des invertébrés de laisses de mer sur l'ancien site du GRETIA : http://old.gretia.org/dossiers_liens/nosact/etudpass/etud_pass2003/laisses_frame.html ; autre lien utile : https://www.onml.fr/articles/les-invertebres-continentaux-des-laisses-de-mer-lexemple-du-littoral-de-la-cote-des-isles-dans-la-manche/";"Ce protocole vise à suivre l'évolution de la qualité d'accueil pour la biodiversité des laisses de mer sur substrats sableux, à partir de l'observation de cinq taxons différents d'invertébrés terrestres. Les informations collectées permettent de calculer et d'interpréter un indice d'état de conservation de la laisse de mer au moment du relevé. Cet indice peut permettre de réaliser un suivi dans le temps, notamment après une modification des pratiques de gestion (arrêt du ramassage mécanique au profit d'un ramassage manuel, etc.).
Ce protocole facile à mettre en place sur le terrain (petit matériel, rapide à exécuter), ne nécessite pas de connaissance naturaliste approfondie.";"Invertébrés terrestres des laisses de mer";"Evaluation et suivi de l'évolution de la qualité d'accueil pour la biodiversité ; suivi temporel de pratiques de gestion également possible";"Multi-groupes";"Locale (site)";"Fiche de terrain proposée";"Présence/absence des espèces selon les cinq taxons étudiés";"Localisation et description du site, photographies éventuellement, identification de l'observateur.trice, conditions météorologiques, composition de la laisse étudiée, coefficients de marée";"";;;;;"Protocoles standardisés";"0ec80bc3-7390-4ec5-848c-074f82a8b3f5";"false"
71;;"P71";71;71;"Protocole national d’échantillonnage des fourmis-hôtes";;"2014";;"false";"CNRS, OPIE";"https://inpn.mnhn.fr/docs-web/docs/download/174788";"http://maculinea.pnaopie.fr/wp-content/uploads/2010/11/Protocole_terrain_fourmis-h%C3%B4tes_Maculinea_20-05-2014_VF.pdf";"Page internet de présentation du protocole : http://maculinea.pnaopie.fr/ressources/fourmis-hotes/protocole-national-dechantillonnage-des-fourmis-hotes/";"Dans le cadre du Plan national d'actions en faveur des papillons du genre Maculinea, ce protocole d’échantillonnage commun et normalisé vise à permettre à des non spécialistes d’établir 1) la présence de fourmis du genre Myrmica (qui sont, avec une plante, l’un des hôtes obligatoires des papillons du genre Maculinea), 2) leur répartition spatiale à l’échelle d’une parcelle et 3) la diversité de la communauté de fourmis à laquelle les Myrmica sont confrontées. Ces trois éléments sont nécessaires à une meilleure appréhension de l'état de conservation des populations de papillons du genre Maculinea et des possibilités de ré-introduction ou de renforcement des populations. Ce protocole ne permet pas 1) d’estimer des abondances ou des densités ponctuelles et 2) un échantillonnage exhaustif de toutes les espèces de fourmis. Il est biaisé en faveur des Myrmica (probabilité de détection ponctuelle à 70 % contre < 50 % pour les autres espèces). Le protocole est utilisable dans tous les milieux ouverts et pour toutes les espèces de Myrmica liées aux Maculinea.";"Fourmis du genre Myrmica";"Déterminer la présence de fourmis du genre Myrmica, leur répartition spatiale à l’échelle d’une parcelle et la diversité de la communauté de fourmis à laquelle les Myrmica sont confrontées, pour une meilleure appréhension de l'état de conservation des populations de Maculinea";"Insectes et araignées";"Locale (site)";"Fiches de relevés non fournies ; formulaire standard de transmission des données fourni";"Liste d'espèces";"Localisation du site";"";;;;;"Protocoles standardisés";"a476bfab-48f8-476a-993f-2d7fa246d478";"false"
72;;"P72";72;204;"Protocole d'inventaire maille du Conservatoire Botanique National du Bassin Parisien (version 2015)";;"2015";"2015";"true";"CBNBP, MNHN";"https://inpn.mnhn.fr/docs-web/docs/download/374614";"http://cbnbp.mnhn.fr/cbnbp/cbnbp/telechargement/Protocole%20maille%20CBNBP%202015.pdf";"Lien vers les protocoles et le manuel d'instructions : http://cbnbp.mnhn.fr/cbnbp/ressources/protocoles.jsp";"Ce protocole d’inventaire maille, initié en 2011, doit permettre de renouveler le jeu de données sur la flore, acquis dans une première phase d’inventaire à l’échelle communale, à l’horizon de 15-20 ans. Ce nouveau protocole d’inventaire a pour principe l’acquisition de nouvelles données, avec l’objectif de contacter un maximum d’espèces présentes sur la maille. Ces nouvelles données permettront d’actualiser les référentiels sur la flore d’une région, de diffuser des cartes de distribution des espèces, d’identifier les éléments patrimoniaux de la flore (indices de rareté, listes rouges d’espèces menacées etc.) et les espaces à forts enjeux floristiques pour orienter les politiques liées aux aires protégées.
Ce protocole fait l'objet d'un bilan et d'une actualisation (changement de la taille des mailles de 5 x 5 km² à 10 x 10 km²) dans une version publiée en 2019 et référencée au n°204 de ce catalogue.";"Flore, bryoflore";"Connaître l'état et l'évolution de la flore, identifier et conserver les éléments rares et menacés de la flore";"Plantes, mousses et fougères";"Régionale";"Liens vers les fiches de saisie des données : http://cbnbp.mnhn.fr/cbnbp/cbnbp/correspondant.jsp#3 ; différenciation entre fiches de relevés généraux (BIG) et relevés d'espèces à enjeux (BEE) ; envoi des bordereaux au CBNBP";"Inventaires dits ""généralistes"" et inventaires  dits ""ciblés"" ; liste d'espèces présentes ; type de milieu (code Corine Biotope) ; voire surface occupée, abondance, dénombrement, phénologie, dynamique et statut de la population, liste d'espèces compagnes pour les espèces à enjeu";"Localisation des zones prospectées, sur carte IGN et croquis de la zone possible ; conditions stationnelles (géomorphologie, espaces anthropiques ; voire topographie, pente, sol pour les espèces à enjeu, variables pédologiques, etc.).";"";;;;;"Protocoles standardisés";"fa8b6516-cb33-4fb7-9cd8-c4d502f979e8";"false"
73;;"P73";73;73;"Protocole d'inventaire mycologique en forêt tropicale (ONF)";"Ce document fait l’objet d’une traduction en anglais : Blanchard, P., Diaz, E., Gruhn, G., Rose, O., Voiry, H., Courtecuisse, R., Moreau, P-A., 2016. Mycology inventory protocol for tropical forests. - Les Dossiers Forestiers n°29, Office national des for";"2016";;"false";"ONF, Université de Lille";"https://inpn.mnhn.fr/docs-web/docs/download/374616";"http://www.onf.fr/outils/medias/20161205-103410-958948/++files++/1";"Lien vers la page de téléchargment du protocle sur le site de l'ONF : http://www1.onf.fr/lire_voir_ecouter/++oid++5743/@@display_media.html?search:int=1&search_source=L3d3dw==&search_group:int=563874061&search_metatype=search-type-media";"Le présent document rappelle dans une première partie, les particularités du règne fongique, définit les macromycètes et enfin situe le contexte mycologique tropical. En seconde partie, il présente un protocole largement inspiré de l’expérience acquise notamment aux Petites Antilles (Martinique et Guadeloupe) en la confrontant aux références bibliographiques connues. Dans un premier temps, l'objectif d'un inventaire mycologique dans les sites naturels (forêts et autres) d’une région est d'obtenir une liste de champignons la plus complète possible. Étant donné le lien étroit avec les habitats forestiers et les arbres-supports, l’objectif des récoltes est aussi d’étudier leur répartition en fonction des habitats et des arbres-supports.";"Macromycètes de Martinique et Guadeloupe";"Inventaire et répartition des espèces de macromycètes selon leurs habitats et arbres-supports";"Champignons et lichens";"Régionale";"Fiches de relevés proposées pour le six grands groupes morphologiques (lamellés, polypores, clavaroïdes, corticoïdes, hydnoïdes, gastéroïdes)";"Liste d'espèces présentes et identifiées, description macroscopique (chapeau/lames/pied, etc.), odeur ; habitat, hôte, stade de décomposition. Recours à des méthodes d'identification à la loupe binoculaire ou par analyse moléculaire.";"Localisation des zones prospectées ; date de récolte/de relevé ; réactions macrochimiques ; photos possibles";"";;;;;"Protocoles standardisés";"3c648ed6-e4f8-45d6-9537-5035b2b5136d";"false"
74;"GNB";"P74";74;74;"Protocole mycologique du programme Gestion forestière, naturalité et biodiversité (GNB)";;"2015";;"false";"ONF, Irstea";"https://inpn.mnhn.fr/docs-web/docs/download/374618";"https://hal.archives-ouvertes.fr/hal-01281091/document";"Lien vers la présentation du protocole : https://gnb.irstea.fr/";"Le projet de recherche « Gestion forestière, Naturalité et Biodiversité » (GNB, 2008-2016) piloté par l'Irstea, a pour objectif principal d’étudier l’impact de l’arrêt de l’exploitation forestière sur la structure des peuplements et sur la diversité des espèces qu’ils hébergent. Le protocole qui en découle s’appuie sur la comparaison de la structure dendrométrique et de la composition de différents groupes taxonomiques entre des placettes en forêt ""gérée"" avec leur pendant ""en réserve"", sans exploitation depuis au moins 20 ans.";"Champignons lignicoles en forêt, sans restriction taxonomique";"Inventaire mycologique en forêt pour comparer la biodiversité entre forêts exploitées et forêts en libre évolution (dites « en réserve »)";"Champignons et lichens";"Locale (site)";"Pas de fiches de relevé proposées";"Relevé de fructification des champignons ; informations sur la pièce de bois support : essence, nature (tronc, branche, etc.), classe de diamètre, position et contact au sol, classe de décomposition ; relier l’échantillonnage mycologique à l’inventaire dendrométrique PSDRF ajusté";"Conditions stationnelles (type de forêt, zone climatique, altitude, etc.)";"";;;;;"Protocoles standardisés";"85e9a704-3638-4d7c-9111-f4ab26ea0bca";"false"
75;;"P75";75;75;"Protocole National Enquête Rapaces nocturnes 2015-2017";;"2015";;"false";"LPO, CNRS, Groupe ornithologique Deux-Sèvres, Centre d'études biologique de Chizé";"https://inpn.mnhn.fr/docs-web/docs/download/374636";"https://cdnfiles1.biolovision.net/observatoire-rapaces.lpo.fr/userfiles/EnquteRapacesNocturnes/ProtocoleEnqutenationaleRapacesnocturnes2015-2017VF.pdf";"Lien vers la page internet de présentation du protocole de l'enquête : http://observatoire-rapaces.lpo.fr/index.php?m_id=20097 ; un guide complémentaire quant à la prise de notes sur le terrain avec des exemples concrets plus précis a été rédigé dans un autre document : http://observatoire-rapaces.lpo.fr/index.php?m_id=20098";"Détectables essentiellement de nuit par leurs vocalises, les rapaces nocturnes constituent un cortège d’espèces singulières dont le recensement est régulièrement considéré comme un véritable challenge. Leur suivi requiert la mise en place de protocoles spécifiques sans lesquels leur détection demeure, au mieux, aléatoire. Cette enquête présente un protocole de recensement spécifique à ces espèces, réalisable sur de larges échelles géographiques. Il vise à : recenser la distribution (répartition) et l’abondance (effectif) des 9 espèces de rapaces nocturnes nicheurs en France métropolitaine ; établir un premier constat initial sur les populations nationales de rapaces nocturnes afin, à l’avenir, de mieux connaître et appréhender leurs tendances d’évolution ; évaluer le statut de conservation des 9 espèces de rapaces nocturnes nicheurs en France ; fédérer les différentes structures, publiques ou privées, ainsi que différents réseaux naturalistes autour de cette enquête nationale ; sensibiliser et susciter l’intérêt du grand public aux recensements et à la connaissance des rapaces nocturnes selon une démarche participative.";"Rapaces nocturnes (Strigidés et Tytonidés) : Effraie des clochers (Tyto alba), Petit-duc (Otus scops), Grand-duc d’Europe (Bubo bubo), Chevêchette d’Europe (Glaudicium passerinum), Chevêche d’Athéna (Athene noctua), Chouette hulotte (Strix aluco), Hibou moyen-duc (Asio otus), Chouette de Tengmalm (Aegolius funereus), Hibou des marais (Asio flammeus)";"Recenser la distribution (répartition) et l’abondance (effectif), établir un premier constat initial sur les populations nationales de rapaces nocturnes, mieux connaître et appréhender leurs tendances d’évolution, évaluer le statut de conservation des 9 espèces de rapaces nocturnes nicheurs en France, fédérer les différentes structures, publiques ou privées, ainsi que différents réseaux naturalistes autour de cette enquête nationale, sensibiliser et susciter l’intérêt du grand public aux recensements et à la connaissance des rapaces nocturnes selon une démarche participative.";"Oiseaux";"Nationale";"Fiche de terrain présentée et saisie possible dans un fichier Excel";"Distribution spatiale des rapaces nocturnes, comptage et caractérisation des individus (mâles, femelles et jeunes), type de vocalises émises ; contacts avec d’autres espèces nocturnes telles que l’Engoulevent d’Europe, l’Œdicnème criard, le Rossignol philomèle, etc. et les amphibiens systématiquement notés";"Localisation, date, heures d'écoute, conditions météorologiques";"";;;;;"Protocoles standardisés";"e7cc116d-f1ff-40a0-ab1b-240b01351b8d";"false"
76;"PROPAGE";"P76";76;76;"Protocole Papillons Gestionnaires (PROPAGE)";;"2009";;"false";"Vigie-Nature, programme PROPAGE : Noé, MNHN";"https://inpn.mnhn.fr/docs-web/docs/download/174549";"https://www.suivis-espaces-verts.fr/downloads/editos/edito5/fiche_protocole.pdf";"Lien vers la page de présentation du protocole : https://www.suivis-espaces-verts.fr/le-programme-propage ; liens vers plus de documentation et l'interface de saisie de données : https://www.suivis-espaces-verts.fr/les-ressources-propage";"Les gestionnaires d’espaces verts, mais aussi d’autres milieux plus ou moins touchés par les activités humaines doivent pouvoir mesurer l’effet de leurs pratiques sur la biodiversité. Le protocole PROPAGE vise à répondre à ce besoin : à travers le suivi d’un groupe particulièrement sensible aux perturbations, les papillons de jour, il est possible d’évaluer la qualité d’un milieu, de le comparer à d’autres sites, et de suivre l’évolution de l’impact des pratiques au cours des années. L’objectif de ce suivi, conçu pour les gestionnaires, est de produire un indicateur de la qualité écologique d’un site. Cet indicateur ne peut pas être interprété en tant que tel ; il prend en effet toute sa valeur lorsqu’il est utilisé en comparaison à d’autres résultats.";"Papillons de jour les plus communs (liste fournie dans la fiche de relevé)";"Suivi des papillons de jour, et évaluation de la qualité d’un milieu, comparaison à d’autres sites, suivi de l’évolution de l’impact des pratiques au cours des années ; sensibilisation du personnel et des gestionnaires des sites au problème actuel de la perte de la biodiversité et aux actions possibles pour la préserver et donner les moyens de communiquer sur ces actions en direction des usagers";"Insectes et araignées";"Locale (site)";"Fiches de relevés de terrain proposées ; saisie des données en ligne après s'être inscrit.e ici : http://propage.mnhn.fr/";"Liste des espèces rencontrées et nombre d'individus, habitat (fiche de classification fournie)";"Distance parcourue sur le transect, observateur.ice, date/heure, conditions météorologiques (ensoleillement, température, force du vent, couverture nuageuse)";"";;;;;"Protocoles standardisés";"89737237-7a6a-49cd-8a82-b2e2eacea8c9";"false"
77;"PHENO (v.1.7)";"P77";;77;"Protocole PHENOlogie migratoire (v.1.7) : Suivi de la phénologie migratoire";;"18/02/2020";"1.7";"false";"CRBPO : MNHN (UMR 7204), CNRS";"https://inpn.mnhn.fr/docs-web/docs/download/374621";"https://crbpo.mnhn.fr/IMG/pdf/protocole_pheno_v1_7.pdf";"Lien vers la page de présentation du protocole : https://crbpo.mnhn.fr/spip.php?article452";"Le Centre de Recherche sur la Biologie des Populations d'Oiseaux (CRBPO) mène des programmes de baguage des individus à large échelle. Dans ce cadre, le protocole PHENO vise à caractériser et quantifier sur le long terme la phénologie migratoire des passereaux communs en France. La date à laquelle les individus quittent leurs lieux de reproduction pour rejoindre leur aire d’hivernage (ou inversement) dépend de traits intrinsèques aux individus et des contraintes environnementales qu’ils rencontrent. De par sa position géographique stratégique sur la voie de migration occidentale du Paléarctique occidental, le suivi en France des dates de migration des passereaux permet de documenter la phénologie migratoire pour un grand nombre d’espèces se reproduisant en France, et en Europe de l’Ouest et du Nord-Est. Le programme PHENOlogie migratoire contribue à évaluer l’évolution sur le long terme de la distribution temporelle du flux migratoire.";"Tous les habitats accueillant des concentrations de passereaux migrateurs, et toutes les espèces migratrices non-sensibles (cf. liste des espèces autorisées pour le protocole SPOL répertorié au n°80 de ce catalogue, ainsi que la Caille des blés (Coturnix coturnix), le Râle d’eau (Rallus aquat))";"Quantifier les variations de phénologie migratoire entre catégories d’individus, entre années et entre voie migratoire, et les mettre en relations avec les grands processus de variabilité climatique et de modification d’habitats.";"Oiseaux";"Nationale";"Pas de fiche de terrain proposée ; remplir le formulaire de déclaration de station PHENO à sa création ; puis envoyer les résultats au CRBPO.";"Baguage des espèces cibles et mesures biométriques pour chaque capture et/ou recapture physique ; repasse recommandée, mais facultative";"Localisation et identification de la station PHENO ; nombre et position des dispositifs de capture, conditions et pression de capture ; identification des bagueur.euse.s";"";;;;;"Protocoles standardisés";"ffcfc1fa-8178-42d1-9702-675c821b34ca";"false"
78;"SEJOUR (v.1.7)";"P78";;78;"Protocole SEJOUR (v.1.7) : Suivi du séjour de halte migratoire";;"06/09/2019";"1.7";"false";"CRBPO : MNHN (UMR 7204), CNRS";"https://inpn.mnhn.fr/docs-web/docs/download/374638";"https://crbpo.mnhn.fr/IMG/pdf/protocole_sejour_v1_7.pdf";"Lien vers la page de présentation du protocole : https://crbpo.mnhn.fr/spip.php?article484#outil_sommaire_4";"Le Centre de Recherche sur la Biologie des Populations d'Oiseaux (CRBPO) mène des programmes de baguage des individus à large échelle. Dans ce cadre, le protocole SEJOUR de halte migratoire vise à caractériser et quantifier sur le long terme les stratégies de haltes migratoires des passereaux communs en France. Entre les épisodes de vol, les oiseaux migrateurs doivent s’arrêter pour se reposer et/ou reconstituer leurs réserves énergétiques (graisse) afin de pouvoir reprendre leur parcours migratoire. La connaissance des variations de stratégie de halte migratoire entre individus, espèces, années, ou sites est utile tant pour la compréhension scientifique du processus que pour la conservation. De par sa position géographique stratégique sur la voie de migration occidentale du Paléarctique occidental, la France a une responsabilité internationale pour la conservation des oiseaux migrateurs. Ce programme contribue à évaluer l’évolution sur le long terme de la qualité du réseau de sites de halte migratoire, et sa contribution à la bonne conservation des populations migratrices.";"Tous les habitats accueillant des concentrations de passereaux migrateurs, et toutes les espèces migratrices non-sensibles (cf. liste des espèces autorisées pour le protocole SPOL répertorié au n°80 de ce catalogue, ainsi que le Râle d’eau (Rallus aquaticus), le Petit-duc scops (Otus scops), la Locustelle luscinoïde (Locustella luscinoides), la Phragmite aquatique (Acrocephalus paludicola), le Pouillot à grands sourcils (Phylloscopus inornatus) et la Rémiz penduline (Remiz pendulinus), peuvent être ciblés et suivis.";"Quantifier ces stratégies de halte (probabilité d’arrivée et de départ, temps de séjour, taux d’engraissement, nombre d’oiseaux en transit), et ce sur un réseau de sites déployés sur tout le territoire national, et dans les principaux habitats accueillant des concentrations de passereaux migrateurs";"Oiseaux";"Nationale";"Pas de fiche de terrain proposée ; remplir le formulaire de déclaration de station SEJOUR à sa création ; puis envoyer les résultats au CRBPO.";"Baguage des espèces cibles et mesures biométriques pour chaque capture et/ou recapture physique ; repasse obligatoire pour les espèces-cibles";"Localisation et identification de la station SEJOUR ; conditions et pression de capture ; identification des bagueur.euse.s";"";;;;;"Protocoles standardisés";"d8fcb3ef-2417-4b91-beba-fcd180038fb6";"false"
79;"SMAC (v.2.2)";"P79";;79;"Protocole SMAC (v.2.2) : Suivi de la Migration nocturne de l'Alouette des Champs";;"16/10/2020";"2.2";"false";"CRBPO : MNHN (UMR 7204), CNRS, ONCFS";"https://inpn.mnhn.fr/docs-web/docs/download/377695";"https://crbpo.mnhn.fr/IMG/pdf/protocole_alouette_v2_2.pdf";"Lien vers la page de présentation du protocole : https://crbpo.mnhn.fr/spip.php?article42";"Le Centre de Recherche sur la Biologie des Populations d'Oiseaux (CRBPO) mène des programmes de baguage des individus à large échelle. L’Alouette des champs (Alauda arvensis) compte parmi les représentants de cette avifaune profondément affectée par la modification des systèmes culturaux. Un déclin très marqué des populations reproductrices est en effet enregistré depuis les années 1970 sur l’ensemble de la frange occidentale de l’Europe. Notre pays constitue une zone privilégiée d’hivernage, car il se situe le long d’un axe de migration majeur pour les populations issues de nombreuses entités supranationales (i.e. Scandinavie/Mer du Nord, Finlande/Baltique et Europe centrale) et l’activité cynégétique sur cette espèce y est pratiquée. Les objectifs poursuivis par le programme SMAC s’inscrivent dans la continuité du programme d’étude de la migration de l’Alouette des champs débuté en 1990, à savoir : quantifier le flux d’oiseaux qui transite à travers notre pays lors de la migration post-nuptiale ; documenter la phénologie de la migration chez cette espèce, et en particulier la distribution des phénotypes au cours de la saison ; estimer la survie réelle (à partir des données de reprise) et les déterminants de ses variations interannuelles, voir spatiales (par exemple en fonction de régions géographiques) ; suivre l’éventuelle évolution d’origine et de destination géographique des alouettes des champs qui transitent et/ou hivernent en France.";"Alouette des champs (Alauda arvensis)";"Quantifier le flux d’oiseaux qui transite à travers notre pays lors de la migration post-nuptiale ; documenter la phénologie de la migration chez cette espèce, et en particulier la distribution des phénotypes au cours de la saison ; estimer la survie réelle (à partir des données de reprise) et les déterminants de ses variations interannuelles, voir spatiales (par exemple en fonction de régions géographiques) ; suivre l’éventuelle évolution d’origine et de destination géographique des alouettes des champs qui transitent et/ou hivernent en France.";"Oiseaux";"Nationale";"Pas de fiche de terrain proposée ; remplir le formulaire de déclaration de station SMAC à sa création ; puis envoyer les résultats au CRBPO.";"Baguage et mesures biométriques pour chaque capture et/ou recapture physique ; repasse; deux techniques sont proposées : SMAC-1 et SMAC-2";"Localisation et identification de la station SMAC ; conditions et pression de capture ; identification des bagueur.euse.s";"";;;;;"Protocoles standardisés";"a8f84fb2-4c95-4f4e-8cce-697f84cc5693";"false"
80;"SPOL (v.2.3)";"P80";;80;"Protocole SPOL (v.2.3) : Suivi des Populations d'Oiseaux Locaux";;"07/08/2020";"2.3";"false";"CRBPO : MNHN (UMR 7204), CNRS";"https://inpn.mnhn.fr/docs-web/docs/download/374641";"https://crbpo.mnhn.fr/IMG/pdf/protocole_spol_v2_3.pdf";"Lien vers la page de présentation du protocole : https://crbpo.mnhn.fr/spip.php?article40";"Le Centre de Recherche sur la Biologie des Populations d'Oiseaux (CRBPO) mène des programmes de baguage des individus à large échelle. Dans ce cadre, le but du SPOL est de permettre à chacun.e de participer à une « veille démographique » sur les populations d'oiseaux (en reproduction ou hivernage) mal suivies par les autres suivis du Programme National de Recherches sur les Oiseaux par le baguage (PNRO) par la mise en œuvre de suivis intensifs, ciblés sur certaines espèces sur des zones géographiques bien définies. Il s’agit, par le baguage et la recapture, de documenter les paramètres démographiques principaux régulant les populations reproductrices et/ou hivernantes de ces espèces, tels que la survie et fidélité au site d’étude (probabilité de survie locale), le recrutement de nouveaux individus, le succès de la reproduction ou l’existence de stratégies de migration différentielle (via l’âge-ratio et le sexe-ratio). Cela implique une bonne définition de la population étudiée (une espèce dans un site), et un échantillonnage répété dans le temps – au sein de l’année si l’objet est la dynamique intra-annuelle de la population, et reconduit sur plusieurs années de suite si l’objet est la dynamique interannuelle de la population.";"Oiseaux : populations nicheuses, populations hivernantes, pour les espèces présumées fidèles à leur site d’hivernage (fidélité intra- et inter-annuelle), suivies seulement en période d’hivernage, populations suivies toute l’année (dans ce cas, cela exclue les espèces migratrices à longue distance, puisqu’elles sont absentes en hiver).";"Assurer une « veille démographique » sur les populations d'oiseaux (en reproduction ou en hivernage), documenter les paramètres démographiques principaux régulant les populations reproductrices et/ou hivernantes de ces espèces, le recrutement de nouveaux individus, le succès de la reproduction ou l’existence de stratégies de migration différentielle ; étudier la dynamique intra-annuelle/interannuelle de la population.";"Oiseaux";"Nationale";"Pas de fiche de terrain proposée ; remplir le formulaire de déclaration de station SEJOUR à sa création ; puis envoyer les résultats au CRBPO.";"Choix des espèces à baguer à faire au préalable, parmi la liste des espèces « SPOLables » fournies sur la page de présentation du protocole";"Localisation et identification de la station SPOL , identification des bagueur.euse.s";"";;;;;"Protocoles standardisés";"738af0d5-2686-4455-bb73-43565927b2f6";"false"
81;"SPOL EFFRAIE (v.4)";"P81";81;81;"Protocole SPOL EFFRAIE (v.4) : Suivi des Populations d'Oiseaux Locaux spécifique pour l'Effraie des clochers";;"2020";"4";"false";"CRBPO : MNHN";"https://inpn.mnhn.fr/docs-web/docs/download/374644";"https://crbpo.mnhn.fr/IMG/pdf/spoleffraie_v4.pdf";"Lien vers la page de présentation du protocole : https://crbpo.mnhn.fr/spip.php?article220";"Le Centre de Recherche sur la Biologie des Populations d'Oiseaux (CRBPO) mène des programmes de baguage des individus à large échelle. L'Effraie des clochers (Tyto alba) est un des rapaces nocturnes les plus courants de France. Le projet SPOL effraie a pour but de suivre l'évolution de la reproduction de l'espèce par site sur plusieurs années (nombre d'adultes bagués, nombre de jeunes bagués, succès ou échec de la reproduction). Il devrait permettre de dynamiser l'étude et la protection de l'Effraie des clochers dans toutes les régions de France. L'objectif est d'avoir dans les 5 prochaines années (à partir de 2008) un échantillonnage représentatif de toutes les régions françaises. L'élaboration d'un réseau Effraie est envisagée afin de fédérer les différentes actions, d'échanger, d'obtenir des données au niveau national et permettre leur comparaison. Ces données devraient permettre également de dégager des tendances et de mieux cerner certains aspects de la dynamique de l'Effraie des clochers.";"Effraie des clochers (Tyto alba)";"Dynamiser l'étude et la protection de l'Effraie des clochers par un échantillonnage représentatif de toutes les régions françaises ; élaborer un réseau Effraie afin de fédérer les différentes actions, d'échanger, d'obtenir des données au niveau national et permettre leur comparaison; dégager des tendances et mieux cerner certains aspects de la dynamique de l'Effraie des clochers.";"Oiseaux";"Nationale";"Pas de fiche de terrain proposée ; envoi des résultats au CRBPO.";"Baguage des poussins et des adultes, classés selon leur plumage ; mesures biométriques pour chaque capture et/ou recapture physique ; contenu du site (nombre d'oeufs, de poussins, de proies, prédation de ponte, des jeunes, etc.)";"Localisation et identification de la zone étudiée, identification des bagueur.euse.s";"";;;;;"Protocoles standardisés";"7201a278-8af0-48c8-ac94-e0a78f0a72f0";"false"
82;"SPOL MANGEOIRE (v.2.8)";"P82";;82;"Protocole SPOL MANGEOIRE (v.2.8) : Suivi des Populations d'Oiseaux Locaux hivernants à l'aide de mangeoires";;"02/11/2020";"2.8";"false";"CRBPO : MNHN (UMR 7204), CNRS";"https://inpn.mnhn.fr/docs-web/docs/download/374645";"https://crbpo.mnhn.fr/IMG/pdf/protocole_spol_mangeoire_v2_8.pdf";"Lien vers la page de présentation du protocole : https://crbpo.mnhn.fr/spip.php?article45";"Le Centre de Recherche sur la Biologie des Populations d'Oiseaux (CRBPO) mène des programmes de baguage des individus à large échelle. Dans ce cadre, le protocole SPOL Mangeoire est un cas particulier du programme SPOL (dont le protocole général est présenté à part, référencé dans ce catalogue au n°80). Ce programme vise à documenter et quantifier sur le long terme les stratégies d’hivernage des passereaux granivores en France. La connaissance des variations de stratégie d’hivernage entre individus (notamment en fonction de leur sexe, leur âge, et leur condition corporelle), espèces, années, ou sites est utile tant pour la compréhension du processus (notamment comment il est affecté par les changements globaux) que pour l’évaluation de l’impact des modifications d’habitat sur le fonctionnement hivernal des populations d’oiseaux.";"Passereaux granivores en France";"Quantifier sur le long terme les stratégies d’hivernage des passereaux granivores en France, entre individus (notamment en fonction de leur sexe, leur âge, leur condition corporelle), espèces, années, ou sites est utile tant pour la compréhension du processus (notamment comment il est affecté par les changements globaux) que pour l’évaluation de l’impact des modifications d’habitat sur le fonctionnement hivernal des populations d’oiseaux.";"Oiseaux";"Nationale";"Pas de fiche de terrain proposée ; envoi des résultats au CRBPO.";"Baguage des espèces cibles et mesures biométriques pour chaque capture et/ou recapture physique ; pas de repasse. Le groupe d’espèces ciblé correspond aux granivores (au sens large, c’est-à-dire les espèces fréquentant les mangeoires à graines en hiver). Toutefois, toutes les espèces capturées incidemment seront baguées.";"Localisation et identification de la zone étudiée et du type de piège, identification des bagueur.euse.s";"";" ";;;;"Protocoles standardisés";"939f14fd-bad5-49e1-ae4a-3e50577371a7";"false"
83;"SPOL PASDOM (v.2.3)";"P83";;83;"Protocole SPOL PASDOM (v.2.3) : Suivi des Populations d'Oiseaux Locaux spécifique pour le Moineau domestique";;"07/08/2020";"2.3";"false";"CRBPO : MNHN (UMR 7204), CNRS";"https://inpn.mnhn.fr/docs-web/docs/download/374623";"https://crbpo.mnhn.fr/IMG/pdf/protocole_spol_pasdom_v2_3.pdf";"Lien vers la page de présentation du protocole : https://crbpo.mnhn.fr/spip.php?article15";"Le Centre de Recherche sur la Biologie des Populations d'Oiseaux (CRBPO) mène des programmes de baguage des individus à large échelle. Dans ce cadre, le but du SPOL PASDOM est de permettre à chacun.e de participer à cette « veille démographique » sur les populations de moineaux domestiques (en reproduction ou hivernage) par la mise en œuvre d’un suivi intensif, ciblé sur cette espèce. Il s’agit, par le baguage et la recapture (en fait, surtout les contrôles visuels), de documenter les paramètres démographiques principaux régulant les populations reproductrices et/ou hivernantes de cette espèce, tels que la survie et la fidélité au site d’étude (probabilité de survie locale), le recrutement de nouveaux individus, ou encore le succès de la reproduction. Cela implique une bonne définition de la population étudiée et un échantillonnage répété dans le temps – au sein de l’année si l’objet est la dynamique intra-annuelle de la population, et reconduit sur plusieurs années de suite si l’objet est la dynamique interannuelle de la population.";"Moineaux domestiques";"Suivi intensif et ciblé afin de documenter les paramètres démographiques principaux régulant les populations reproductrices et/ou hivernantes de cette espèce, tels que la survie et la fidélité au site d’étude (probabilité de survie locale), le recrutement de nouveaux individus, le succès de la reproduction et mieux cerner la dynamique intra et inter-annuelle de la population";"Oiseaux";"Nationale";"Pas de fiche de terrain proposée ; envoi des résultats au CRBPO.";"Baguage et marquage des moineaux ; mesures biométriques";"Localisation et identification de la zone étudiée";"";;;;;"Protocoles standardisés";"5c62f719-3ca3-49e1-bf63-04cf3f6e0598";"false"
84;;"P84";84;84;"Protocole standardisé d'étude des champignons des pelouses et prairies maigres, les Clavaires, Hygrocybes, Entolomes, Géoglosses, Dermolomes (CHEGD)";;"2015";;"false";"Société mycologique de France (SMF), RNF, ADONIF";"https://inpn.mnhn.fr/docs-web/docs/download/374649";"http://www.mycofrance.fr/wp-content/uploads/2017/06/Bull.-SMF-131-1-2-Y-Sellier-et-coll..pdf";"Lien vers la page de présentation du protocole : http://www.mycofrance.fr/projets/champignons-pelouses-prairies-maigres-chegd/ ; lien vers le site de l'ADONIF et la base d'inventaire national : http://www.adonif.fr/";"Ce document propose une méthode permettant de guider tant les mycologues que les gestionnaires pour ce qui est des conditions à remplir afin de réaliser des inventaires mycologiques destinés à évaluer la fonge des prairies et pelouses (réalisation des relevés de terrain, exploitation des résultats,  suivis, etc.). Le protocole standardisé qui en résulte va au-delà du simple recensement des espèces. Permettant d’évaluer en plusieurs étapes l’intérêt patrimonial d’une pelouse ou d’une prairie,  il apporte aussi un éclairage complémentaire sur des questions actuelles, comme l’état de conservation des habitats et la recherche d’espèces bioindicatrices dont la présence ou l’absence fournissent au gestionnaire de précieuses indications sur l’équilibre biologique et la maturité des sols. À  cette occasion, un certain nombre de principes sont explicités pour permettre la rencontre de ces deux mondes que sont celui des écologues gestionnaires et celui des mycologues. L’application de ce protocole doit permettre de répondre à deux questions principales : la prairie étudiée a-t-elle été perturbée dans un passé plus ou moins ancien ? Sur le plan patrimonial, à quel niveau la prairie étudiée peut-elle être située sur une échelle d’intérêt (de faible à internationale) ?";"Champignons ""CHEGD"" (Clavaires, Hygrocybes, Entolomes, Géoglosses, Dermolomes) des pelouses et prairies maigres dont le niveau trophique est relativement faible, allant d’oligotrophe à mésotrophe";"Meilleure connaissance des espèces en déclin ; exploitation la plus complète possible des données ; comparaisons entre sites. L’application de ce protocole doit permettre de répondre à deux questions principales : la prairie étudiée a-t-elle été perturbée dans un passé plus ou moins ancien ? Sur le plan patrimonial, à quel niveau la prairie étudiée peut-elle être située sur une échelle d’intérêt (de faible à internationale) ?";"Champignons et lichens";"Locale (site)";"Fiche de relevé proposée en annexe; saisie possible des données ici : http://www.adonif.fr/";"Liste des espèces observées, habitat";"Localisation et surface des sites prospectés, identification des déterminateur.ice.s et nombre de prospecteur.ice.s";"";"Méthode pratique permettant d’évaluer le potentiel fongique d’une pelouse et l'intérêt patrimonial d'un site (pelouse ou prairie). Tableaux du calcul des indices et interprétation des résultats présentés dans le protocole.";;;;"Protocoles standardisés";"70cf5d3a-55bd-4961-8eaf-1ba44ce5ba14";"false"
85;"Colibry - Charophytes";"P85";85;85;"Protocole standardisé pour l’inventaire et la cartographie des charophytes de l’Ouest de la France (Colibry)";;"12/2016";;"false";"Programme CoLiBry : CBN Brest";"https://inpn.mnhn.fr/docs-web/docs/download/214092";"www.cbnbrest.fr/files/Protocole_simplifi_dinventaire_Charophytes_dcembre_2016.pdf";"Lien vers la page de présentation du protocole : http://www.cbnbrest.fr/observatoire-plantes/boite-a-outils/protocoles ; fiche d’aide à la collecte : www.cbnbrest.fr/site/pdf/colibry/Protocole%20de%20collecte%20et%20d'envoi%20d'%C3%A9chantillons%20de%20charophytes_JLB_vu%20SM%20_2.pdf ; une liste d'espèces est téléchargeable sur eCoLiBry ici : http://www.cbnbrest.fr/ecolibry/#ref";"Le programme CoLiBry est destiné à l’inventaire des charophytes : il concerne le territoire d’agrément du Conservatoire Botanique National (CBN) de Brest, qui s’étend sur les départements de la Bretagne, des Pays de la Loire de la partie occidentale de la Normandie (ex Basse-Normandie). Les informations collectées concernent en priorité la localisation des stations de charophytes (données de distribution) et secondairement l’écologie, la dynamique et l’état de conservation de ces taxons.";"Charophytes (algues) de l'Ouest de la France hexagonale";"Améliorer la connaissance de la répartition de toutes les espèces de charophytes de l’Ouest de la France";"Autres";"Régionale";"Pas de fiche de relevé proposée ; saisie des données dans le système d’informations (SI) CoLiBry développé par le CBN de Brest après s'être inscrit.e ici : http://www.cbnbrest.fr/ecolibry/#home. Il est possible de faire une demande d'aide à l'identification en suivant ce protocole de collecte : www.cbnbrest.fr/site/pdf/colibry/Protocole%20de%20collecte%20et%20d'envoi%20d'%C3%A9chantillons%20de%20charophytes_JLB_vu%20SM%20_2.pdf";"Liste des taxons observés ; voire type d'habitat, profondeur de l'eau au moment du relevé, commentaires sur l'habitat ou les taxons observés";"Localisation des relevés, identification de l'observateur.ice";"";;;;;"Protocoles standardisés";"c61681c2-ab32-4419-bf85-93345704ff01";"false"
86;"Colibry - Lichens et bryophytes";"P86";86;86;"Protocole standardisé pour l’inventaire et la cartographie des lichens et des bryophytes de l’Ouest de la France (Colibry)";;"2016";;"false";"Programme CoLiBry : CBN Brest";"https://inpn.mnhn.fr/docs-web/docs/download/214090";"www.cbnbrest.fr/files/protocole_colibry_version_complete.pdf";"Lien vers la page de présentation du protocole : http://www.cbnbrest.fr/observatoire-plantes/boite-a-outils/protocoles ; liste d'espèces téléchargeable sur eCoLiBry ici : http://www.cbnbrest.fr/ecolibry/#ref ; exemple de fiche de relevé disponible ici : http://www.cbnbrest.fr/site/pdf/Fiche%20d'inventaire%20Bryo%20et%20lichens.pdf";"Le programme CoLiBry est destiné à améliorer les connaissances des lichens et des bryophytes des régions Basse-Normandie, Bretagne et Pays de la Loire. Des outils techniques facilitant la récolte d’informations et leur mutualisation ont été développés, parmi lesquels un protocole standardisé de recueil des données de terrain de bryophytes et de lichens. Il vise à simplifier le regroupement d’informations concernant différents taxons en provenance de différentes zones géographiques et produites par différents contributeurs. Il se veut simple d’utilisation.";"Lichens et bryophytes des régions Basse-Normandie, Bretagne et Pays de la Loire";"Améliorer la connaissance de la répartition des taxons considérés dans l’Ouest de la France";"Multi-groupes";"Régionale";"Fiche d'aide à l'inventaire proposée (voir le lien en URL complémentaire) ; saisie des données dans le système d’informations (SI) CoLiBry développé par le CBN de Brest après s'être inscrit.e ici : http://www.cbnbrest.fr/ecolibry/#home";"Liste des taxons observés ; substrat obligatoirement renseigné pour les lichens ; voire type d'habitat, abondances, mention ""recherché non trouvé""; collecte d'échantillons pour détermination ultérieure possible";"Localisation des relevés, identification de l'observateur.ice, date ; voire altitude, conditions d'accès et type de site, circonstances du relevé";"";;;;;"Protocoles standardisés";"1534c54b-044e-4704-90e5-399313aa7883";"false"
87;"STOC - Capture (v.3.8)";"P87";;87;"Protocole STOC - Capture (v.3.8) : Suivi Temporel des Oiseaux Communs par Capture";;"06/08/2020";"3.8";"false";"CRBPO : MNHN (UMR 7204), CNRS";"https://inpn.mnhn.fr/docs-web/docs/download/374625";"https://crbpo.mnhn.fr/IMG/pdf/protocole_stoc_capture_v3_8.pdf";"Lien vers la page de présentation du protocole : https://crbpo.mnhn.fr/spip.php?article41";"Le Centre de Recherche sur la Biologie des Populations d'Oiseaux (CRBPO) mène des programmes de baguage des individus à large échelle. A l’aide d’un échantillonnage standardisé, au printemps, dans différentes stations de référence réparties dans toute la France, l’objectif du programme STOC - capture est de fournir une estimation des tendances démographiques des passereaux les plus communs de nos campagnes. Pour le STOC-Capture, l’échantillonnage se fait par capture-marquage-recapture des oiseaux nicheurs à l’aide de filets, au cours de plusieurs sessions de capture au printemps. Le protocole du programme STOC-Capture permet de travailler sur des espèces nicheuses uniquement et sur un espace a priori stable. Les objectifs du STOC Capture sont de documenter sur le long terme, et à l’échelle nationale, le fonctionnement démographique des populations d’oiseaux communs, et l’influence des variations climatiques et d’habitat.";"Oiseaux nicheurs diurnes";"Evaluer la dynamique des populations ; étudier les variations de la survie des adultes et du succès de la reproduction ; comprendre sur le long terme le fonctionnement démographique des populations et l'influence des variations climatiques ; connaître la structure et composition des peuplements ; réaliser des suivis.";"Oiseaux";"Nationale";"Pas de fiche de terrain proposée ; envoi des résultats au CRBPO.";"Espèce, âge, sexe, mesures biométriques sur chaque individu capturé (poids, longueur des ailes, etc.)";"Localisation et identification de la station STOC-capture, observateur.ice.s, habitat, statut de protection, nombre de sessions de baguage, combinaison éventuelle avec un programme SPOL (référencé au n°80 de ce catalogue).";"";;;;;"Protocoles standardisés";"3aac2f9d-f47a-4da2-9df6-e31a38b2ea14";"false"
88;"STOC GESTION  (v.3.8)";"P88";88;88;"Protocole STOC - Capture avec actions de gestion  (v.3.8)";;"06/08/2020";"3.8";"false";"CRBPO : MNHN (UMR 7204), CNRS";"https://inpn.mnhn.fr/docs-web/docs/download/374625";"https://crbpo.mnhn.fr/IMG/pdf/protocole_stoc_capture_v3_8.pdf";"Lien vers la page de présentation du protocole : https://crbpo.mnhn.fr/spip.php?article41";"Le Centre de Recherche sur la Biologie des Populations d'Oiseaux (CRBPO) mène des programmes de baguage des individus à large échelle. A l’aide d’un échantillonnage standardisé, au printemps, dans différentes stations de référence réparties dans toute la France, l’objectif de ce programme est de fournir une estimation des tendances démographiques des passereaux les plus communs de nos campagnes. Pour le STOC-Capture, l’échantillonnage se fait par capture-marquage-recapture des oiseaux nicheurs à l’aide de filets, au cours de plusieurs sessions de capture au printemps. Le protocole du programme STOC-GESTION permet de travailler sur les pratiques de gestion. Ses objectifs sont de documenter sur le long terme et à l’échelle nationale, le fonctionnement démographique des populations d’oiseaux communs, et l’influence des variations climatiques et d’habitat.";"Oiseaux nicheurs diurnes";"Evaluer la dynamique des populations ; étudier les variations de la survie des adultes et du succès de la reproduction ; comprendre sur le long terme le fonctionnement démographique des populations et l'influence des mesures de gestion et des variations climatiques ; connaître la structure et composition des peuplements ; réaliser des suivis.";"Oiseaux";"Locale (site)";"Pas de fiche de terrain proposée ; envoi des résultats au CRBPO.";"Espèce, âge, sexe, mesures biométriques sur chaque individu capturé (poids, longueur ailes, etc.), état de santé";"Localisation et identification de la station STOC-GESTION, observateur.ice.s, habitat, statut de protection, nombre de sessions de baguage, combinaison éventuelle avec un programme SPOL";"";;;;;"Protocoles standardisés";"1cd937b2-8aa4-4259-a606-5b5c02d7fc73";"false"
89;"STOC ROZO  (v.3.8)";"P89";89;89;"Protocole STOC - Capture en roselière (v.3.8)";;"06/08/2020";"3.8";"false";"CRBPO : MNHN (UMR 7204), CNRS";"https://inpn.mnhn.fr/docs-web/docs/download/374625";"https://crbpo.mnhn.fr/IMG/pdf/protocole_stoc_capture_v3_8.pdf";"Lien vers la page de présentation du protocole : https://crbpo.mnhn.fr/spip.php?article41";"Le Centre de Recherche sur la Biologie des Populations d'Oiseaux (CRBPO) mène des programmes de baguage des individus à large échelle. A l’aide d’un échantillonnage standardisé, au printemps, dans différentes stations de référence réparties dans toute la France, l’objectif de ce programme est de fournir une estimation des tendances démographiques des passereaux les plus communs de nos campagnes. Pour le STOC-Capture, l’échantillonnage se fait par capture-marquage-recapture des oiseaux nicheurs à l’aide de filets, au cours de plusieurs sessions de capture au printemps. Le protocole du programme STOC-ROZO permet de travailler sur des zones humides. Les objectifs du STOC ROZO sont de documenter sur le long terme, et à l’échelle nationale, le fonctionnement démographique des populations d’oiseaux communs, et l’influence des variations climatiques et d’habitat.";"Oiseaux nicheurs diurnes en zone humide (roselière, marais avec végétation haute)";"Evaluer la dynamique des populations ; étudier les variations de la survie des adultes et du succès de la reproduction ; comprendre sur le long terme le fonctionnement démographique des populations et l'influence des variations climatiques ; connaître la structure et composition des peuplements ; réaliser des suivis.";"Oiseaux";"Nationale";"Pas de fiche de terrain proposée ; envoi des résultats au CRBPO.";"Espèce, âge, sexe, mesures biométriques sur chaque individu capturé (poids, longueur ailes, etc.)";"Localisation et identification de la station STOC-ROZO, observateur.ice.s, habitat, statut de protection, nombre de sessions de baguage, combinaison éventuelle avec un programme SPOL";"";;;;;"Protocoles standardisés";"d95682d3-d7ec-45ae-9134-9f9459a8deb0";"false"
90;"VOIE migratoire (v.1.6)";"P90";;90;"Protocole VOIE migratoire (v.1.6) : suivi des voies migratoires de quatre passereaux migrateurs modèles";;"20/08/2020";"1.6";"false";"CRBPO : MNHN (UMR 7204), CNRS";"https://inpn.mnhn.fr/docs-web/docs/download/374654";"https://crbpo.mnhn.fr/IMG/pdf/protocole_voie_v1_6.pdf";"Lien vers la page de présentation du protocole : https://crbpo.mnhn.fr/spip.php?article485";"Le Centre de Recherche sur la Biologie des Populations d'Oiseaux (CRBPO) mène des programmes de baguage des individus à large échelle. Dans ce cadre, le programme VOIE migratoire vise à identifier les voies de migration de quatre espèces modèles à partir des allo-contrôles d’oiseaux bagués, et documenter leur évolution sur le long terme. Le thème VOIE permet de documenter la connectivité spatiale et temporelle des sites de marquage grâce aux données d’allo-contrôle.";"Hirondelle rustique, Hirondelle de rivage, Rémiz penduline, Bruant des roseaux";"Documenter les voies de migration de quatre espèces modèles à partir des données d’allo-contrôle, étudier d'éventuels changement des voies de migration sur le long terme.";"Oiseaux";"Nationale";"Pas de fiche de terrain proposée ; envoi des résultats au CRBPO.";"Baguage et marquage des individus ; mesures biométriques ; repasse recommandée mais facultative";"Localisation et identification de la zone étudiée, identification des bagueur.euse.s";"";;;;;"Protocoles standardisés";"875767a7-b351-489f-8dfc-55e993628b2f";"false"
91;"RhoMéO - protocole amphibiens";"P91";91;;"RhoMéO - protocole amphibiens";;"02/2014";;"false";"Programme RhoMéO : CEN Savoie, CBNA, CNRS, RNN";"https://inpn.mnhn.fr/docs-web/docs/download/174530";"http://rhomeo-bao.fr/sites/all/themes/corporateclean/pdf/ZH_Boite-outils-complete.pdf";"Lien vers la page de présentation du programme RhoMéO : http://www.rhomeo-bao.fr/?q=programme ; en 2017, un guide méthodologique d’utilisation des indicateurs de la boîte à outils des zones humides (BAOZH- RhoMéO) pour le suivi des restaurations a été publié : rhomeo-bao.fr/sites/all/themes/corporateclean/pdf/Guide_Restauration_BAO_RhoMeO.pdf";"La boîte à outils de suivi des zones humides du bassin Rhône-Méditerranée contient 13 indicateurs opérationnels pour effectuer des suivis de l’état des zones humides et des pressions exercées sur ces milieux. Il s’agit d’un outil pragmatique et opérationnel : les indicateurs, les protocoles et les interprétations présentés dans ce document ont tous été testés et validés sur le terrain par les partenaires du programme sur un panel de 200 sites tests. Cet outil est utilisable par diverses structures et personnes en fonction de leurs compétences (SIG, chimie, biologie, etc.) et autorise une analyse de l’évolution des zones humides à différentes échelles (site, réseau de sites, bassin versant, département, région, bassin Rhône-Méditerranée). L’objectif du protocole est de réaliser un inventaire calibré et reproductible du peuplement d’amphibiens de la zone humide. Ce dernier doit être le plus complet possible dans un minimum de temps.
Il fournit ensuite un indicateur de l'intégrité du peuplement d'amphibiens. Dans ce groupe, la présence des différentes espèces sur un site n’apporte pas toujours la même indication sur le milieu. S'il existe des espèces peu exigeantes quant à la qualité ou au type de milieux qui sont fréquentés (espèces ubiquistes), il y a aussi des espèces inféodées à quelques
types d’habitats, voire un seul. Ce sont sur ces espèces, apportant le plus d’informations sur la zone humide et son fonctionnement (espèces sténoèces), que repose l’indicateur amphibiens. Il vise à comparer un peuplement observé à
une liste d’espèces sténoèces de référence (peuplement attendu).";"Amphibiens des zones humides du bassin Rhône-méditerranée";"Inventaire de la zone humide le plus complet possible dans un minimum de temps";"Amphibiens et reptiles";"Locale (site)";"Fiches de relevé de terrain proposées en annexe du protocole ; saisie et traitement des données possibles en utilisant les outils développés par le programme RhoMéO ici : http://www.rhomeo-bao.fr/?q=bd";"Présence/absence des espèces (données qualitatives) ; absence/présence de végétation aquatique/poissons/écrevisses allochtones";"Localisation, date, observateur.ice, description de la station, typologie du point d'eau";"";"Traitement des données possibles via la calculette développée par le programme RhoMéO, après s'être inscrit.e : http://www.rhomeo-bao.fr/?q=calculette";;;;"Protocoles standardisés";"55de71ba-208b-408a-8dd7-6a768c1c74ac";"false"
92;"RhoMéO - protocole flore";"P92";92;92;"RhoMéO - protocole flore";;"02/2014";;"false";"Programme RhoMéO : CEN Savoie, CBNA, CNRS, RNN";"https://inpn.mnhn.fr/docs-web/docs/download/174530";"http://rhomeo-bao.fr/sites/all/themes/corporateclean/pdf/ZH_Boite-outils-complete.pdf";"Lien vers la page de présentation du programme RhoMéO : http://www.rhomeo-bao.fr/?q=programme ; en 2017, un guide méthodologique d’utilisation des indicateurs de la boîte à outils des zones humides (BAOZH- RhoMéO) pour le suivi des restaurations a été publié : rhomeo-bao.fr/sites/all/themes/corporateclean/pdf/Guide_Restauration_BAO_RhoMeO.pdf";"La boîte à outils de suivi des zones humides du bassin Rhône-Méditerranée contient 13 indicateurs opérationnels pour effectuer des suivis de l’état des zones humides et des pressions exercées sur ces milieux. Il s’agit d’un outil pragmatique et opérationnel : les indicateurs, les protocoles et les interprétations présentés dans ce document ont tous été testés et validés sur le terrain par les partenaires du programme sur un panel de 200 sites tests.  Cet outil est utilisable par diverses structures et personnes en fonction de leurs compétences (SIG, chimie, biologie, etc.) et autorise une analyse de l’évolution des zones humides à différentes échelles (site, réseau de sites, bassin versant, département, région, bassin Rhône-Méditerranée). La flore d’un site est évaluée par la réalisation d’inventaires (les relevés) sur un ensemble de placettes réparties de manière à échantillonner le plus d’habitats naturels possibles.
Cet inventaire permet ensuite de calculer plusieurs indices : l'indice floristique d’engorgement, l'indice floristique de fertilité du sol et l'indice de qualité floristique.";"Flore des zones humides du bassin Rhône-méditerranée";"Inventaire de la zone humide le plus complet possible dans un minimum de temps";"Plantes, mousses et fougères";"Locale (site)";"Fiches de relevé de terrain proposées en annexe du protocole ; saisie et traitement des données possibles en utilisant les outils développés par le programme RhoMéO ici : http://www.rhomeo-bao.fr/?q=bd";"Liste d'espèces présentes, taux de recouvrement, physionomie de la végétation, recouvrement et hauteur des différentes strates de la végétation";"Localisation, observateur.ice, surface de la placette, date, situation topographique, exposition";"";"Traitement des données possibles via la calculette développée par le programme RhoMéO, après s'être inscrit.e : http://www.rhomeo-bao.fr/?q=calculette";;;;"Protocoles standardisés";"0ebd587f-5135-488b-8627-b362f51265d0";"false"
93;"RhoMéO - protocole odonates";"P93";93;93;"RhoMéO - protocole odonates";;"02/2014";;"false";"Programme RhoMéO : CEN Savoie, CBNA, CNRS, RNN";"https://inpn.mnhn.fr/docs-web/docs/download/174530";"http://rhomeo-bao.fr/sites/all/themes/corporateclean/pdf/ZH_Boite-outils-complete.pdf";"Lien vers la page de présentation du programme RhoMéO : http://www.rhomeo-bao.fr/?q=programme ; en 2017, un guide méthodologique d’utilisation des indicateurs de la boîte à outils des zones humides (BAOZH- RhoMéO) pour le suivi des restaurations a été publié : rhomeo-bao.fr/sites/all/themes/corporateclean/pdf/Guide_Restauration_BAO_RhoMeO.pdf";"La boîte à outils de suivi des zones humides du bassin Rhône-Méditerranée contient 13 indicateurs opérationnels pour effectuer des suivis de l’état des zones humides et des pressions exercées sur ces milieux. Il s’agit d’un outil pragmatique et opérationnel : les indicateurs, les protocoles et les interprétations présentés dans ce document ont tous été testés et validés sur le terrain par les partenaires du programme sur un panel de 200 sites tests.  Cet outil est utilisable par diverses structures et personnes en fonction de leurs compétences (SIG, chimie, biologie, etc.) et autorise une analyse de l’évolution des zones humides à différentes échelles (site, réseau de sites, bassin versant, département, région, bassin Rhône-Méditerranée). L’objectif du protocole est de réaliser un inventaire du peuplement d’odonates de la zone humide le plus complet possible dans un minimum de temps en appliquant une pression d’observation calibrée et reproductible.
Cet inventaire permet ensuite de calculer un indicateur d'intégrité du peuplement d'odonates. L’évaluation proposée s’appuie sur la comparaison, à l’échelle d’une zone humide, du peuplement d’odonates observé avec le peuplement attendu. Seules les espèces présentant une exigence écologique forte avec les habitats aquatiques présents (dites
sténoèces) sont intégrées dans la construction de l’indicateur. L’écart entre les états observés et attendus constitue une estimation du degré d’intégrité du peuplement. L’analyse de l’écologie des taxons manquants ou inattendus permet de formuler des hypothèses quant aux facteurs expliquant cette altération.";"Odonates (libellules) des zones humides du bassin Rhône-méditerranée";"Inventaire de la zone humide le plus complet possible dans un minimum de temps";"Insectes et araignées";"Locale (site)";"Fiches de relevé de terrain proposées en annexe du protocole ; saisie et traitement des données possibles en utilisant les outils développés par le programme RhoMéO ici : http://www.rhomeo-bao.fr/?q=bd";"Présence/absence des espèces par habitats odonatologiques. Pour les imagos noter : l’espèce observée; la présence d’un ou plusieurs individus; la présence de mâles et de femelles; le comportement reproducteur le plus significatif: défense territoriale, tandem, accouplement, ponte, émergence, exuvie. Recherche des exuvies d’anisoptères recommandée/obligatoire selon les habitats : le cas échéant noter : espèce, nombre d’individus. Habitats (code SFO).";"Localisation, date, observateur.ice, conditions météorologiques";"";"Traitement des données possibles via la calculette développée par le programme RhoMéO, après s'être inscrit.e : http://www.rhomeo-bao.fr/?q=calculette";;;;"Protocoles standardisés";"b0d526c9-5dba-4fd1-8fba-6cf039c77197";"false"
94;"RhoMéO - protocole orthoptères";"P94";94;94;"RhoMéO - protocole orthoptères";;"02/2014";;"false";"Programme RhoMéO : CEN Savoie, CBNA, CNRS, RNN";"https://inpn.mnhn.fr/docs-web/docs/download/174530";"http://rhomeo-bao.fr/sites/all/themes/corporateclean/pdf/ZH_Boite-outils-complete.pdf";"Lien vers la page de présentation du programme RhoMéO : http://www.rhomeo-bao.fr/?q=programme ; en 2017, un guide méthodologique d’utilisation des indicateurs de la boîte à outils des zones humides (BAOZH- RhoMéO) pour le suivi des restaurations a été publié : rhomeo-bao.fr/sites/all/themes/corporateclean/pdf/Guide_Restauration_BAO_RhoMeO.pdf";"La boîte à outils de suivi des zones humides du bassin Rhône-Méditerranée contient 13 indicateurs opérationnels pour effectuer des suivis de l’état des zones humides et des pressions exercées sur ces milieux. Il s’agit d’un outil pragmatique et opérationnel : les indicateurs, les protocoles et les interprétations présentés dans ce document ont tous été testés et validés sur le terrain par les partenaires du programme sur un panel de 200 sites tests.  Cet outil est utilisable par diverses structures et personnes en fonction de leurs compétences (SIG, chimie, biologie, etc.) et autorise une analyse de l’évolution des zones humides à différentes échelles (site, réseau de sites, bassin versant, département, région, bassin Rhône-Méditerranée). L’objectif du protocole est de réaliser un inventaire des orthoptères (criquets, sauterelles et grillons), des cicindèles et d’un perce-oreille des zones humides le plus complet possible dans un minimum de temps. Pour obtenir la liste des espèces représentatives du tronçon de cours d’eau étudié, une prospection à vue est réalisée afin d’identifier les espèces, leur stade de développement et leur comportement reproducteur.
Cet inventaire permet ensuite d'évaluer deux indicateurs : l'indicateur de dynamique sédimentaire - orthoptères et l'indicateur de l'humidité du milieu - orthoptères.";"Orthoptères (criquets, sauterelles et grillons), cicindèles,  perce-oreilles des zones humides du bassin Rhône-méditerranée";"Inventaire de la zone humide le plus complet possible dans un minimum de temps";"Insectes et araignées";"Locale (site)";"Fiches de relevé de terrain proposées en annexe du protocole ; saisie et traitement des données possibles en utilisant les outils développés par le programme RhoMéO ici : http://www.rhomeo-bao.fr/?q=bd";"Liste des espèces, stade de développement et comportement reproducteur.";"Localisation, date, observateur.ice, conditions météorologiques";"";"Traitement des données possibles via la calculette développée par le programme RhoMéO, après s'être inscrit.e : http://www.rhomeo-bao.fr/?q=calculette";;;;"Protocoles standardisés";"ed6b6b2b-5dca-4a3a-94ae-cd25073e793e";"false"
95;"Sauvages de ma rue";"P95";95;95;"Sauvages de ma rue";;"2011";;"false";"Vigie-Nature, programme Sauvages de ma rue : Tela Botanica, MNHN (CESCO)";"https://inpn.mnhn.fr/docs-web/docs/download/374671";"http://sauvagesdemarue.mnhn.fr/sites/sauvagesdemarue.fr/files/upload/Fiche%20protocole.pdf";"Lien vers les sites de présentation du protocole : http://sauvagesdemarue.mnhn.fr/sauvages-de-ma-rue/presentation.html ; http://sauvagesdemarue.mnhn.fr/participer/comment-participer-0.html ; http://www.vigienature.fr/fr/flore/sauvages-de-ma-rue";"Le programme Sauvages de ma rue a pour but de permettre aux citadins de reconnaître les espèces végétales qui poussent dans leur environnement immédiat, les plantes qu’ils croisent quotidiennement dans leur rue, autour des pieds d’arbres, sur les trottoirs, dans les pelouses… en faisant la liste des espèces qui poussent dans leur rue et en envoyant leurs données aux chercheurs. Les données arriveront dans les bases de données du Muséum national d’Histoire naturelle et de Tela Botanica qui pourront les analyser. Elles permettront d’améliorer les connaissances sur les écosystèmes urbains, sur la répartition des espèces en ville et sur l’impact de ces « brèches urbaines » sur la qualité de la biodiversité.";"Plantes sauvages en milieu urbain";"Relevé de la présence d'espèces végétales parmi les 240 référencées du protocole sur une portion de trottoir";"Plantes, mousses et fougères";"Nationale";"Fiche de relevé de terrain disponible ici : http://sauvagesdemarue.mnhn.fr/sites/sauvagesdemarue.fr/files/upload/fiche_sauvagesdemarueV5.pdf ; saisie des résultats sur les site internet ici : http://sauvagesdemarue.mnhn.fr/participer/saisir-vos-donnees.html ou via l'application ""Sauvages de ma rue"" disponible pour Androïd et Iphone (dans Google Play et dans l'App Store) ; pour les gestionnaires, un questionnaire est à remplir en ligne ici : https://docs.google.com/forms/d/e/1FAIpQLScK8ZMDXC2kk4VRjButQ8CXDSxq3W3E-UetRz8liWM-j4tFTg/viewform?formkey=dHhYMlUwVm53SFBDaWU0M3JCM1RsNVE6MQ#gid=0";"Inventaire de la végétation sauvage urbaine, parmi les 240 espèces référencées du protocole sur une portion de trottoir ; guide d'identification des plantes sauvages et ressources internet proposés ici : http://sauvagesdemarue.mnhn.fr/biodiversit-urbaine/cl-didentification-sauvages-de-paris.html";"Localisation du relevé, type de milieu observé pour chaque espèce ; pour les gestionnaires le questionnaire (""Google form"") à remplir necéssite : localisation de la rue, type et état du revêtement, fréquentation des piétons, présence d'arbres d'alignement et de places de stationnement";"";;;;;"Protocoles standardisés";"999c646c-41ad-4700-b363-145cbd79c467";"false"
96;"SHOC";"P96";96;96;"Suivi Hivernal des Oiseaux Communs (SHOC)";;"2014";;"false";"Vigie-Nature, programme SHOC : MNHN, LPO Drôme";"https://inpn.mnhn.fr/docs-web/docs/download/143826";"http://www.vigienature.fr/sites/vigienature/files/atoms/files/protocole_shoc_2014_0.pdf";"Lien vers la page de présentation du protocole: http://www.vigienature.fr/fr/suivi-hivernal-des-oiseaux-communs-shoc ou bien : https://www.faune-france.org/index.php?m_id=20022";"Dans le cadre du programme Vigie-Nature, ce protocole de Suivi Hivernal des Oiseaux des Communs consiste à suivre les populations d’oiseaux communs pendant la période hivernale. Il permettra d’observer les tendances chez les populations d’oiseaux en hiver et de proposer des indicateurs - comme c’est le cas pour les oiseaux nicheurs -, de confirmer des tendances observées et d’appuyer les travaux sur l’impact des changements globaux sur les oiseaux. 
Ce programme s’adresse aux personnes capables d’identifier à vue ou au cri la majorité des espèces d’oiseaux communs.
Il ne s’agit pas de cartographier les espèces sur le territoire français, mais de représenter les variations temporelles (sur une base annuelle) et géographiques d’abondance relative hivernale. On peut ainsi avoir une meilleure idée des ressources utilisées, des relations entre l’abondance selon les espèces et les types d’habitat, et connaître les déplacements des populations hivernales.";"Oiseaux communs";"Suivi des populations d’oiseaux communs pendant la période hivernale, tendances des populations d’oiseaux en hiver,  appui aux travaux sur l’impact des changements globaux sur les oiseaux, représentation des variations temporelles (sur une base annuelle) et géographiques d’abondance relative hivernale, pour avoir une meilleure idée des ressources utilisées, des relations entre l’abondance selon les espèces et les types d’habitat, et connaître les déplacements des populations hivernales.";"Oiseaux";"Nationale";"Pas de fiche de relevé proposée ; saisie des données sur le site de Vigie-plume ici : https://www.vigie-plume.fr/ (tutoriel de saisie : www.vigienature.fr/sites/vigienature/files/atoms/files/petit_tutoriel_vigie-plume.pdf)";"Abondance de chaque espèce vue et/ou entendue, classe de distance, habitat principal";"Localisation des relevés, date, météo du jour et présence de neige";"";;;;;"Protocoles standardisés";"9385243f-456a-43e4-92c5-fba3e5479753";"false"
97;"SPIPOLL";"P97";97;97;"Suivi Photographique des Insectes Pollinisateurs (SPIPOLL)";;"2010";;"false";"Vigie-Nature, programme SPIPOLL : MNHN, OPIE";"https://inpn.mnhn.fr/docs-web/docs/download/140288";"https://www.spipoll.org/spipoll/edito/le-spipoll";"Lien vers une autre page de présentation du protocole : http://www.vigienature.fr/fr/spipoll-0 ; liens vers les sites d'aides à l'identification des insectes et des plantes à fleur : http://spipoll.snv.jussieu.fr/mkey/mkey-spipoll; https://plantnet.org/";"Dans le cadre du programme Vigie-Nature, le SPIPOLL est un programme de sciences participatives qui vise à étudier les réseaux de pollinisation, c’est à dire les interactions complexes entre plantes et insectes, mais aussi entre les visiteurs des fleurs eux-mêmes. En se penchant pendant 20 minutes précisément à photographier les visiteurs des fleurs d’une espèce végétale choisie, l'observateur constitue de véritables collections, qui sont une source incroyable d’informations, exploitée par des chercheurs au Muséum national d’Histoire naturelle et d’autres laboratoires partout en France.";"Insectes pollinisateurs et autres insectes floricoles";"Etudier les réseaux de pollinisation, c’est à dire les interactions complexes entre plantes et insectes, mais aussi entre les visiteurs des fleurs eux-mêmes";"Insectes et araignées";"Nationale";"Pas de fiches de relevé mais lien vers des sites d'aides à l'identification des insectes et des plantes : https://plantnet.org/ et http://spipoll.snv.jussieu.fr/mkey/mkey-spipoll ; envoi des photos (une par taxon) et saisie en ligne après s'être inscrit.e ; possibilité de participer à la validation des identifications associées aux photos d’insectes";"Identification, abondance et photo de chaque grand « type » d’insecte venant se poser sur une fleur sélectionnée au préalable, dans un rayon de 5 mètres, pendant 20 minutes ; description et photo de la plante en fleur sélectionnée";"Description et photo du paysage ; conditions météorologiques (température, couverture nuageuse, vent, ombrage)";"";;"https://inpn.mnhn.fr/docs-web/docs/download/256089";;;"Protocoles standardisés";"54ffdb18-31a4-48f9-a9aa-ebe090db85f1";"false"
98;"STELI";"P98";98;98;"Suivi Temporel des Libellules (STELI)";;"2012";;"false";"Vigie-Nature, programme STELI : SFO, MNHN, OPIE, CEN Nord-Pas-de-Calais pour le Plan National Odonates";"https://inpn.mnhn.fr/docs-web/docs/download/137054";"http://odonates.pnaopie.fr/wp-content/uploads/2011/02/Steli_protocole_11.pdf";"Liens vers les sites de présentation du programme STELI : http://www.vigienature.fr/fr/suivi-temporel-des-libellules";"Dans le cadre du programme Vigie-Nature, ce protocole décrit le suivi qui permettra d’évaluer l’évolution annuelle des populations d'odonates pour l’ensemble du territoire national, par l’estimation de la probabilité de présence par des séries d’inventaires, en France métropolitaine.
Ce programme s’adresse en particulier aux naturalistes et aux gestionnaires opérant en France métropolitaine qu’ils soient individuels, associatifs ou professionnels. Il ne sera pas exigé une connaissance parfaite des Odonates pour pouvoir participer à ce projet.";"Odonates (libellules)";"Inventaire le plus exhaustif possible des odonates du site, répétés entre juin et août et d'une année à l'autre";"Insectes et araignées";"Nationale";"Fiche de terrain proposée et saisie des données après s'être inscrit.e ici : http://steli.mnhn.fr/";"Relevé d'espèces (présence, abondance par fourchette ou dénombrement précis) par capture ou à vue ; typologie selon la SFO pour les stades et les comportements possibles";"Identification du site et de l'observateur.ice, date, heures de début/fin, conditions météorologiques (témpérature, ensoleillement, vent)";"";"Des tutoriels d'analyse des données sont proposées dans l'interface de saisie STELI";;;;"Protocoles standardisés";"9b7af5d7-780e-40d4-8c4b-7115c3f67247";"false"
99;"STOC - EPS";"P99";99;99;"Suivi Temporel des Oiseaux Communs - Echantillonnages Ponctuels Simples (STOC - EPS)";;"2020";;"false";"Vigie-Nature, programme Vigie-Plume/STOC - EPS : MNHN, CRBPO";"https://inpn.mnhn.fr/docs-web/docs/download/374656";"http://www.vigienature.fr/sites/vigienature/files/documents/protocolestoc_eps.pdf";"Lien vers la page de présentation du protocole : http://www.vigienature.fr/fr/suivi-temporel-des-oiseaux-communs-stoc
Détails du protocole en ligne : http://www.vigienature.fr/fr/observatoires/suivi-temporel-oiseaux-communs-stoc/detail-protocole-3362";"Dans le cadre du programme Vigie-Nature/Vigie-Plume, ce protocole par échantillonnages ponctuels simples (EPS) est d’obtenir une évaluation des tendances d’évolution des effectifs de différentes espèces communes nicheuses de France. Le nombre de contacts avec une espèce en un point donné est une mesure de l’abondance de l’espèce dans le milieu. Si l’on totalise les contacts avec cette espèce dans tous les milieux du même type ou dans une région, et si l’on compare les valeurs obtenues au cours du temps, on peut apprécier la tendance d’évolution de l’espèce dans ce type de milieu ou à un niveau régional.
Les programmes STOC-EPS et Capture (répertorié au n°87 de ce catalogue) sont complémentaires. Si le programme STOC-Capture permet d’obtenir des informations sur la structure des populations d’oiseaux communs, le programme STOC-EPS permet d’effectuer des échantillonnages sur des espèces et des sites beaucoup plus nombreux.";"Oiseaux nicheurs communs diurnes";"Evaluation des tendances d’évolution des effectifs de différentes espèces communes nicheuses de France";"Oiseaux";"Nationale";"Fiche de relevé et fiche habitat fournies en annexe ; saisie sur le site VisioNature local ou bien sur le site Vigie-Plume : https://www.vigie-plume.fr/ (tutoriel de saisie : www.vigienature.fr/sites/vigienature/files/atoms/files/petit_tutoriel_vigie-plume.pdf)";"Tous les oiseaux vus et entendus et distance au point de contact";"Identification du carré des relevés et de l'observateur.ice, habitat (Code habitat en pdf : http://www.vigienature.fr/sites/vigienature/files/documents/codes_habitats_stoc_eps.pdf); conditions météorologiques, altitude";"";"Logiciel d'analyses statitiques R et package fourni ici : http://www.vigienature.fr/fr/observatoires/suivi-temporel-oiseaux-communs-stoc/detail-protocole-3362";;;;"Protocoles standardisés";"acd2b4fd-9dd5-4b4e-8223-81a6ab27d625";"false"
100;"STERF";"P100";100;100;"Suivi Temporel des Rhopalocères de France (STERF)";;"03/2007";"04/2010";"false";"Vigie-Nature, programme STERF : MNHN";"https://inpn.mnhn.fr/docs-web/docs/download/136603";"http://www.vigienature.fr/sites/vigienature/files/atoms/files/sterf_protocole.pdf";"Lien vers la page de présentation du protocole/de l'observatoire : http://www.vigienature.fr/fr/suivi-temporel-des-rhopaloceres-de-france-sterf ; une version abrégée du protocole est datée de 2010 : http://www.vigienature.fr/sites/vigienature/files/atoms/files/protocole_abrege-2.pdf";"Dans le cadre du programme Vigie-Nature, ce protocole vise à évaluer l'état de santé des communautés de papillons diurnes (rhopalocères) en France. Son objectif est de quantifier l’évolution temporelle des populations de rhopalocères du pays. Il s’agit donc d’un projet à long terme et à vocation nationale.
Tous les Rhopalocères sont éligibles pour cette étude et il est souhaitable que le maximum d’espèces soit pris en compte. Cependant, du fait de la méthode choisie (transect), cette étude concerne prioritairement les espèces facilement identifiables (au vol ou posées) sans nécessité de capture";"Rhopalocères (papillons de jour) identifiables à l'œil sans capture (liste fournie en pdf : http://www.vigienature.fr/sites/vigienature/files/atoms/files/sterf_liste_rhopalo_france.pdf)";"Tendance d'évolution des populations en quantifiant par des indices les variations de populations des différentes espèces, notamment en fonction des préférences d’habitats, éventuellement pour suivre les conséquences des changements climatiques et orienter les politiques de gestion.";"Insectes et araignées";"Nationale";"Pas de fiche de relevé proposée ; saisie des données sur le site http://sterf.mnhn.fr/ ; après création d'un compte utilisateur.ice";"Liste de tous les papillons vus et identifiés (liste fournie ici : http://www.vigienature.fr/sites/vigienature/files/atoms/files/sterf_liste_rhopalo_france.pdf)";"Localisation du site, habitats et conditions météorologiques (types d'habitats classifiés ici : http://www.vigienature.fr/sites/vigienature/files/atoms/files/sterf_classification_habitats.pdf)";"";;;;;"Protocoles standardisés";"24e4eb3a-6fc3-45c1-a9bb-a188af2f9b90";"false"
102;"Vigie-Chiro - Protocole pédestre";"P102";102;102;"Suivi des populations de chauves-souris Vigie-Chiro - Protocole pédestre";;"2007";;"false";"Vigie-Nature, programme Vigie-Chiro : MNHN";"https://inpn.mnhn.fr/docs-web/docs/download/142559";"www.vigienature.fr/sites/vigienature/files/atoms/files/protocole_pedestre.pdf";"Lien vers le site Vigie-Chiro : http://www.vigienature.fr/fr/chauves-souris ; lien vers la page de présentation du protocole Vigie-Chiro pédestre : http://www.vigienature.fr/fr/page/protocole-pedestre";"Les connaissances des distributions de nombreuses espèces de chauves-souris restent lacunaires dans la plupart des régions françaises. Ceci s’explique notamment par leur discrétion, la difficulté de les étudier et l’évolution régulière des connaissances. Le suivi des chauves-souris communes, proposé dans le cadre de Vigie-Nature, repose sur un suivi des chauves souris lors de leurs activités de chasse. Il apparaît donc complémentaire des études développées sur les gîtes des espèces patrimoniales.
Les trois protocoles développés (répertoriés aux n°102, 103 et 104 de ce catalogue) reposent sur l’écoute et l’enregistrement des ultrasons émis par les chauves-souris. Ces cris constituent en quelque sorte une signature acoustique propre à chaque espèce. Ce protocole décrit le suivi pédestre des chauves-souris communes lors de leurs activités de chasse en été.";"Chiroptères (chauves-souris communes)";"Evaluation  des  variations  spatiales  et  temporelles des abondances de chiroptères (espèces communes) tout en tenant compte des habitats ou de l’influence des conditions météorologiques";"Mammifères";"Nationale";"Analyse informatique des sonagrammes (graphes qui permettent de visualiser un son) ; possibilité d'utiliser l'interface Vigie-Chiro (compte Google ou Facebook requis) : http://www.vigienature.fr/fr/portail-interactif-3350";"Liste des espèces identifiées et nombre de contacts obtenus par enregistrement des ultrasons";"Relevés dans les grands types d'habitats représentatifs (parmi ceux du STOC EPS - répetorié au n°99 de ce catalogue - si vous suivez ce programme), conditions météorologiques";"";"Liste des logiciels de traitement acoustique : http://www.vigienature.fr/fr/page/documentations-logiciel";;;;"Protocoles standardisés";"93bfd349-b14f-4223-bf38-0d362cb59442";"false"
103;"Vigie-Chiro - Protocole point fixe";"P103";103;103;"Suivi des populations de chauves-souris Vigie-Chiro - Protocole point fixe";;"2014";"03/2014";"false";"Vigie-Nature, programme Vigie-Chiro : MNHN";"https://inpn.mnhn.fr/docs-web/docs/download/142554";"www.vigienature.fr/sites/vigienature/files/atoms/files/protocole_pointfixe140612.pdf";"Lien vers le site Vigie-Chiro : http://www.vigienature.fr/fr/chauves-souris ; lien vers la page de présentation du protocole Vigie-Chiro point fixe : http://www.vigienature.fr/fr/page/protocole-point-fixe";"Les connaissances des distributions de nombreuses espèces de chauves-souris restent lacunaires dans la plupart des régions françaises. Ceci s’explique notamment par leur discrétion, la difficulté de les étudier et l’évolution régulière des connaissances. Le suivi des chauves-souris communes, proposé dans le cadre de Vigie-Nature, repose sur un suivi des chauves souris lors de leurs activités de chasse. Il apparaît donc complémentaire des études développées sur les gîtes des espèces patrimoniales.
Les trois protocoles développés (répertoriés aux n°102, 103 et 104 de ce catalogue) reposent sur l’écoute et l’enregistrement des ultrasons émis par les chauves-souris. Ces cris constituent en quelque sorte une signature acoustique propre à chaque espèce. Ce protocole décrit le suivi nocturne par point fixe des chauves-souris communes lors de leurs activités de chasse en été.";"Chiroptères (chauves-souris communes)";"Evaluation des variations spatiales et temporelles des abondances de chiroptères (espèces communes) tout en tenant compte des habitats ou de l’influence des conditions météorologiques";"Mammifères";"Nationale";"Analyse informatique des sonagrammes (graphes qui permettent de visualiser un son); possibilité d'utiliser l'interface Vigie-Chiro (compte Google ou Facebook requis) : http://www.vigienature.fr/fr/portail-interactif-3351 ; possibilité d'envoyer les enregistrements à l'équipe Vigie-Chiro";"Liste des espèces identifiées et nombre de contacts obtenus par enregistrement des ultrasons";"Relevés dans les grands types d'habitats représentatifs (Parmi ceux du STOC EPS  - répetorié au n°99 de ce catalogue - si vous suivez ce programme), conditions météorologiques";"";"Guide pour ce nouveau protocole par point fixe : https://docs.google.com/presentation/d/1Wxk-XVmiGazUPIkSQtmqAKaU2hzlX-V3OhsJIHEORlM/edit#slide=id.p; emploi des logiciels SonoChiro ou SCAN'R ou envoi des enregistrements à l'équipe Vigie-Chiro";;;;"Protocoles standardisés";"10901d71-3ed0-4df9-bcc0-2feaef8cb8bd";"false"
104;"Vigie-Chiro - Protocole routier";"P104";104;104;"Suivi des populations de chauves-souris Vigie-Chiro - Protocole routier";;"2007";;"false";"Vigie-Nature, programme Vigie-Chiro : MNHN";"https://inpn.mnhn.fr/docs-web/docs/download/142556";"www.vigienature.fr/sites/vigienature/files/atoms/files/protocole_routier.pdf";"Lien vers le site Vigie-Chiro : http://www.vigienature.fr/fr/chauves-souris ; lien vers la page de présentation du protocole Vigie-Chiro routier : http://www.vigienature.fr/fr/page/protocole-routier";"Les connaissances des distributions de nombreuses espèces de chauves-souris restent lacunaires dans la plupart des régions françaises. Ceci s’explique notamment par leur discrétion, la difficulté de les étudier et l’évolution régulière des connaissances. Le suivi des chauves-souris communes, proposé dans le cadre de Vigie-Nature, repose sur un suivi des chauves souris lors de leurs activités de chasse. Il apparaît donc complémentaire des études développées sur les gîtes des espèces patrimoniales.
Les trois protocoles développés (répertoriés aux n°102, 103 et 104 de ce catalogue) reposent sur l’écoute et l’enregistrement des ultrasons émis par les chauves-souris. Ces cris constituent en quelque sorte une signature acoustique propre à chaque espèce. 
Ce protocole décrit le suivi routier des chauves-souris communes lors de leurs activités de chasse en été.";"Chiroptères (chauves-souris communes)";"Evaluation  des  variations  spatiales  et  temporelles des abondances de chiroptères (espèces communes) tout en tenant compte des habitats ou de l’influence des conditions météorologiques ; voire prédiction spatiale d'abondance";"Mammifères";"Nationale";"Analyse informatique des sonagrammes (graphes qui permettent de visualiser un son) ; possibilité d'utiliser l'interface VigiChiro (compte Google ou Facebook requis) : http://www.vigienature.fr/fr/portail-interactif-3352";"Liste des espèces identifiées et nombre de contacts obtenus par enregistrement des ultrasons";"Relevés dans les grands types d'habitats représentatifs (Parmi ceux du STOC EPS - répetorié au n°99 de ce catalogue - si vous suivez ce programme), conditions météorologiques";"";"Liste des logiciels de traitement acoustique : http://www.vigienature.fr/fr/page/documentations-logiciel";;;;"Protocoles standardisés";"9aa8ea77-d309-470b-9604-bc5a54e354ee";"false"
105;"Vigie-Flore";"P105";105;105;"Programme de suivi de la flore de France Vigie-Flore";;"03/2010";;"false";"Vigie-Nature, programme Vigie-Flore : MNHN";"https://inpn.mnhn.fr/docs-web/docs/download/214096";"http://www.vigienature.fr/sites/vigienature/files/atoms/files/vf_protocolevf.pdf";"Lien vers la page de présentation du protocole : http://www.vigienature.fr/fr/vigie-flore";"Dans le cadre du programme Vigie-Nature, ce protocole ""Vigie-Flore"" décrit le suivi participatif des changements d’abondance des espèces végétales les plus communes en France. Il vise à une amélioration des connaissances sur l’impact des activités humaines et des changements globaux sur la flore métropolitaine.
""Vigie-flore"" s'adresse aujourd'hui à tous les botanistes, amateurs comme professionnels, à qui ce programme propose de suivre la dynamique temporelle des principales espèces de plantes communes dans les grands types d’habitats (milieux
urbains, agricoles, ruraux, prairiaux et forestiers) afin de déterminer quels sont les facteurs environnementaux et humains influençant l’abondance des espèces, les déclins et les augmentations et la composition des communautés végétales. L’idée est de comprendre l’impact du changement climatique, de la fragmentation des habitats, de l’urbanisation croissante ou des pratiques agricoles sur les espèces et les communautés.";"Flore métropolitaine";"Suivi de la tendance d'évolution des espèces végétales communes, compréhension de l'impact des activités humaines et des changements globaux sur la flore commune de France";"Plantes, mousses et fougères";"Nationale";"Fiches de relevés à télécharger ici : http://www.vigienature.fr/sites/vigienature/files/atoms/files/vf_bordereauvf.pdf ; notices pour la saisie des données : http://www.vigienature.fr/sites/vigienature/files/atoms/files/vf_notice-bordereauvf.pdf ; http://www.vigienature.fr/sites/vigienature/files/atoms/files/vf_notice-saisie-donneesvf.pdf ; envoi des données sur le site de saisie : http://spaf.thyb.net/ ; lien vers une liste des guides de détermination : http://vigienature.jardindesplantes.net/fr/guides-flores-2888";"Type d'habitat et liste des espèces présentes, état de floraison";"Localisation, identification de l'observateur.ice, pente, exposition, ombrage, type de sol, signes de dégradation éventuels (facultatifs)";"";;;;;"Protocoles standardisés";"83c2e64b-adf1-4d07-a620-f64c14ff9a89";"false"
106;;;;106;"Syrph the Net";;;;"false";"Groupe inter-réseaux sur les Syrphes - Réserves naturelles de France";"https://inpn.mnhn.fr/docs-web/docs/download/374658";"https://www.researchgate.net/publication/321627261_Syrph_the_Net_une_methode_d'evaluation_mesurant_l'impact_de_la_gestion_d'espaces_naturels_testee_par_un_reseau_de_gestionnaires/link/5c5763c2458515a4c756a89a/download";;;;;"Insectes et araignées";"Locale (site)";;;;"";;;;;;"a160bb25-1270-4a83-90cb-54b606f5b656";"false"
110;;"P110";;110;"Suivi des orthoptères nocturnes (SON)";;"2007";;"false";"Vigie-Nature, programme SON : MNHN";;"http://www.vigienature.fr/fr/suivi-des-orthopteres-nocturnes";;"Le Suivi des Orthoptères Nocturnes (le SON) est issu de la possibilité d’exploiter des enregistrements ultrasonores réalisés pour quantifier l’activité de chasse des chauve-souris, pour quantifier la densité en orthoptères ayant une activité de chant nocturne (on parle pour eux de stridulations). En bref, ce suivi se veut être un parasite commensal de Vigie-Chiro (en particulier du protocole routier répertorié au n°104 de ce catalogue), bénéficiant des relevés faits sur les chauve-souris pour produire de nouveaux indicateurs sur les sauterelles.";"Orthoptères";"Quantifier la densité en orthoptères sur un site et à terme, évaluer la tendance des populations à l'échelle nationale";"Insectes et araignées";"Nationale";;;;"";;;;;"Protocoles standardisés";"654744b5-7fec-44cf-bf1c-f1a9863c2fb4";"false"
112;"Protocoles d'inventaire et de suivi du Desman des Pyrénées";"P112";;112;"Protocoles d'inventaire et de suivi du Desman des Pyrénées";;"2017";;"false";"Conservatoire d'espaces naturels de Midi-Pyrénées";"https://inpn.mnhn.fr/docs-web/docs/download/374663";"www.desman-life.fr/sites/default/files/livret2_outil_cartographique_dalerte_et_cahier_des_charges_web_0.pdf";"La page du LIFE avec tous les documents : http://www.desman-life.fr/telechargements/documents-techniques ; pour la réalisation de suivis de l'espèce, consulter aussi le ""Cahier des charges pour la réalisation des suivis du Desman des Pyrénées"" (livret 3) : https://www.desman-life.fr/sites/default/files/Livret%203%20VF%20-%20simple%20page.pdf";"Ce protocole dédié à la détection du Desman des Pyrénées a été élaboré dans le cadre du projet LIFE+ Desman (LIFE13NAT/FR/000092). Quatre livrets sous forme d'outils techniques ont été réalisés dans ce cadre, et chacun est associé à une étape du processus d’évaluation environnementale, afin de proposer un accompagnement pour la réalisation de celle-ci lors de l’élaboration d’un projet. Le Livret 2 correspond à l’état initial, qui est une étape déterminante et doit permettre de recueillir et d’analyser l’ensemble des données existantes sur l’espèce. Un des objectifs de cet état initial est de fournir des inventaires complets pour une bonne connaissance écologique du territoire.
Ce protocole standardisé pour la réalisation d'inventaires de l'espèce est basé sur la recherche d’indices indirects de présence, et plus précisément, sur la recherche de ses fèces sur les surfaces émergentes du lit mineur et des berges.
Le livret 3 propose plusieurs techniques pour les suivis des zones inventoriées sous la forme d'un cahier des charges.";"Desman des Pyrénées";"Cartographier la présence du Desman des Pyrénées";"Mammifères";"Nationale";;;;"";;;;;"Protocoles standardisés";"20d77cfb-913b-4f41-8e46-54e804b015e8";"false"
121;;"P121";;121;"Suivi des impacts des parcs éoliens terrestres sur les populations de Chiroptères (SFEPM)";;"02/2016";"2.1";"false";"SFEPM";"https://inpn.mnhn.fr/docs-web/docs/download/376091";"www.observatoire-mammiferes.fr/atlas/static/docs/20160201_suivis_V2.1.pdf";"Page dédiée aux chiroptères et à l'éolien sur le site de la SFEPM qui présente ce protocole : https://www.sfepm.org/le-groupe-chiropteres-national.html ; voir aussi le diagnostic chiroptérologique (étude d'impact) des projets éoliens terrestres : https://www.sfepm.org/sites/default/files/inline-files/20160201_diagnostic_V2.1.pdf ; ce protocole s'appuie sur les recommandations fixées au niveau européen par EUROBATS : http://www.eurobats.org/sites/default/files/documents/publications/publication_series/pubseries_no6_english.pdf";"L’objectif de ce guide de recommandations est de proposer un cadre méthodologique pour le suivi des impacts des parcs éoliens terrestres, afin que ces suivis puissent améliorer la connaissance générique des impacts de l’éolien sur les populations de chauves-souris et pour que les exploitants puissent mesurer réellement leurs impacts et ainsi, le cas échéant corriger leurs mesures de réduction mises en place pour réduire leurs impacts. La mortalité des individus durant le fonctionnement des parcs reste un des points essentiels de l’impact des parcs éoliens sur les populations. Une part importante de ce document est donc consacrée à ce sujet. Cependant, d'autres impacts peuvent également être générés par les éoliennes et porter atteinte aux populations de Chiroptères locales. Ces impacts concernent l’utilisation de l’espace par les Chiroptères qu’il soit au sein même du site d’implantation ou dans sa proche périphérie. Ces derniers peuvent altérer les fonctionnalités écologiques du site pour les chauves-souris et doivent de fait faire l’objet d’une évaluation. On parlera alors des impacts sur les fonctionnalités écologiques du site.";"Chiroptères";"Mesurer l'impact sur les fonctionnalités écologiques du site et l'impact par mortalité d'un parc éolien";"Mammifères";"Locale (site)";;;;"";;;;;"Guides et recommandations";"40468cc6-01cd-4e0a-b6b6-b6d41a2e0232";"false"
122;;"P122";;122;"Proposition de protocoles de suivi de la Martre (Martes martes), de la Belette (Mustela nivalis) et du Putois (Mustela putorius) (SPN/ONCFS)";;"2012";;"false";"SPN / ONCFS";"https://inpn.mnhn.fr/docs-web/docs/download/247209";"spn.mnhn.fr/spn_rapports/archivage_rapports/2012/SPN%202012%20-%2029%20-%20SPN__ONCFS,_2012._Proposition_de_protocoles_de_suivi_de_la_Martre,_de_la_Belette_et_du_Putois.pdf";;"La Martre, la Belette et le Putois d'Europe sont des espèces discrètes, essentiellement nocturnes et le plus souvent présentes à densités faibles, il n'existe pas à ce jour de méthode standardisée permettant d'estimer l'évolution de leurs effectifs, même à une échelle fine. Pour pallier cette lacune, ce rapport présente les différentes méthodes de suivi de ces mustélidés et propose la mise en place d’un protocole expérimental permettant de tester simultanément et dans les mêmes conditions ces différentes techniques afin de pouvoir les comparer et choisir celle répondant au mieux à la problématique.";"Martre des pins, Belette et Putois d'Europe";"Evaluer la répartition et estimer l'évolution des effectifs des populations à une échelle départementale et sur un pas de temps court (annuel)";"Mammifères";"Régionale";;;;"";;;;;"Guides et recommandations";"32fec29a-8af0-45df-9802-76c9b921b2c0";"false"
136;"ICE - IC";"P136";;136;"Indicateurs de changement écologique Pression sur la flore - Indice de Consommation";;"2015";;"false";"ONCFS";"https://inpn.mnhn.fr/docs-web/docs/download/201608";"https://professionnels.ofb.fr/sites/default/files/pdf/documentation/FT-ICE-2015_complet.pdf";"Page de présentation générale des ICE : https://professionnels.ofb.fr/fr/doc-fiches-techniques/suivi-populations-dongules-leurs-habitats-indicateurs-changement-ecologique";"Les indicateurs de changement écologique (ICE) entrent dans une stratégie de gestion adaptative de la grande faune. Suivis dans la durée, ils permettent de maintenir des populations en bonne condition, dont les effectifs sont adaptés aux capacités des habitats. Contrairement aux anciennes méthodes de comptages qui tentaient d’estimer les effectifs présents, les indicateurs proposés à la suite de validations scientifiques rigoureuses, les ICE étudient les relations entre la grande faune et le compartiment végétal.
Parmi les Indicateurs de changement écologique s'intéressant à la pression sur la flore (répertoriés aux n°136 et 137 de ce catalogue), ce protocole vise à déterminer un indice de consommation (IC). Ce dernier traduit les variations de la pression exercée par les ongulés sur la flore lignifiée d’un massif forestier donné et la relation entre la population et son environnement. L’indice correspond au taux de consommation globale de la flore lignifiée d’un massif, ou au taux de consommation par espèce lignifiée (pour les espèces les plus présentes).
La méthode consiste à observer la présence des végétaux ligneux et semi-ligneux et la consommation exercée par les ongulés sur ces derniers, à partir d’un réseau de placettes d’inventaire.";"Ongulés";"Suivre les variations de la pression de consommation des ongulés sur la flore lignifiée d’un massif forestier. Indice basé sur taux de consommation globale de la flore lignifiée d’un massif, ou au taux de consommation par espèce lignifiée.";"Multi-groupes";"Locale (site)";;;;"";;;;;"Protocoles standardisés";"5221ead7-0346-4c8a-a09a-19ea74f3fc63";"false"
137;"ICE - IA";"P137";;137;"Indicateurs de changement écologique Pression sur la flore - Indice d’Abroutissement du chêne";;"2015";;"false";"ONCFS";"https://inpn.mnhn.fr/docs-web/docs/download/201608";"https://professionnels.ofb.fr/sites/default/files/pdf/documentation/FT-ICE-2015_complet.pdf";"Page de présentation générale des ICE : https://professionnels.ofb.fr/fr/doc-fiches-techniques/suivi-populations-dongules-leurs-habitats-indicateurs-changement-ecologique";"Les indicateurs de changement écologique (ICE) entrent dans une stratégie de gestion adaptative de la grande faune. Suivis dans la durée, ils permettent de maintenir des populations en bonne condition, dont les effectifs sont adaptés aux capacités des habitats. Contrairement aux anciennes méthodes de comptages qui tentaient d’estimer les effectifs présents, les indicateurs proposés à la suite de validations scientifiques rigoureuses, les ICE étudient les relations entre la grande faune et le compartiment végétal.
Parmi les Indicateurs de changement écologique s'intéressant à la pression sur la flore (répertoriés aux n°136 et 137 de ce catalogue), ce protocole vise à déterminer un indice d’abroutissement (IA). Cet indice traduit les variations de la pression exercée par les ongulés sur les semis de chênes d’un massif forestier donné et la relation entre la population et son environnement. L’indice correspond au taux de consommation des semis de chênes d’un massif par les ongulés.";"Ongulés";"Suivre les variations de la pression de consommation des ongulés sur les semis de chênes d’un massif forestier";"Multi-groupes";"Locale (site)";;;;"";;;;;"Protocoles standardisés";"575d8082-02f0-4861-aaed-558eadaf7755";"false"
138;"ICE - TGF";"P138";;138;"Indicateurs de changement écologique Performance - Taux de Gestation des Femelles";;"2015";;"false";"ONCFS";"https://inpn.mnhn.fr/docs-web/docs/download/201608";"https://professionnels.ofb.fr/sites/default/files/pdf/documentation/FT-ICE-2015_complet.pdf";"Page de présentation générale des ICE : https://professionnels.ofb.fr/fr/doc-fiches-techniques/suivi-populations-dongules-leurs-habitats-indicateurs-changement-ecologique";"Les indicateurs de changement écologique (ICE) entrent dans une stratégie de gestion adaptative de la grande faune. Suivis dans la durée, ils permettent de maintenir des populations en bonne condition, dont les effectifs sont adaptés aux capacités des habitats. Contrairement aux anciennes méthodes de comptages qui tentaient d’estimer les effectifs présents, les indicateurs proposés à la suite de validations scientifiques rigoureuses, les ICE étudient les relations entre la grande faune et le compartiment végétal.
Parmi les Indicateurs de changement écologique s'intéressant à la performance (répertoriés aux n°138 à 142 de ce catalogue), ce protocole vise à déterminer le taux de gestation des femelles dans le cadre du suivi des variations de la condition physique des populations de cerfs élaphes. Le taux de gestation des femelles (TGF) traduit les variations du
taux de fécondité des jeunes femelles d’une population de cerfs donnée et la relation entre la population et son environnement. L’indice correspond au taux moyen de femelles de deuxième année (bichettes) gestantes.";"Cerf élaphe";;"Mammifères";"Locale (site)";;;;"";;;;;"Protocoles standardisés";"a961ffb1-eb88-4ba9-acf6-5e50f23c2131";"false"
139;"ICE - MC";"P139";;139;"Indicateurs de changement écologique Performance - Masse Corporelle des jeunes";;"2015";;"false";"ONCFS";"https://inpn.mnhn.fr/docs-web/docs/download/201608";"https://professionnels.ofb.fr/sites/default/files/pdf/documentation/FT-ICE-2015_complet.pdf";"Page de présentation générale des ICE : https://professionnels.ofb.fr/fr/doc-fiches-techniques/suivi-populations-dongules-leurs-habitats-indicateurs-changement-ecologique";"Les indicateurs de changement écologique (ICE) entrent dans une stratégie de gestion adaptative de la grande faune. Suivis dans la durée, ils permettent de maintenir des populations en bonne condition, dont les effectifs sont adaptés aux capacités des habitats. Contrairement aux anciennes méthodes de comptages qui tentaient d’estimer les effectifs présents, les indicateurs proposés à la suite de validations scientifiques rigoureuses, les ICE étudient les relations entre la grande faune et le compartiment végétal.
Parmi les Indicateurs de changement écologique s'intéressant à la performance (répertoriés aux n°138 à 142 de ce catalogue), ce protocole vise à déterminer la masse corporelle des jeunes dans le cadre du suivi des variations de la condition physique des cerfs, chevreuils, chamois, isards et mouflons. 
La masse corporelle des jeunes (MC) traduit les variations de la condition physique des individus d’une population d’ongulés donnée et la relation entre la population et son environnement. L’indice correspond à la masse corporelle moyenne des animaux de première année prélevés à la chasse, après correction par la date de prélèvement.";"Ongulés";"Indice basé sur la masse corporelle moyenne des animaux de première année prélevés à la chasse. La masse corporelle traduit les les variations de la condition physique des individus d’une population d’ongulés et sa relation avec son environnement.";"Mammifères";"Locale (site)";;;;"";;;;;"Protocoles standardisés";"29fa2dc0-1d17-40b9-b585-381e2daed178";"false"
140;"ICE - LMI";"P140";;140;"Indicateurs de changement écologique Performance - Longueur du Maxillaire Inférieur des jeunes";;"2015";;"false";"ONCFS";"https://inpn.mnhn.fr/docs-web/docs/download/201608";"https://professionnels.ofb.fr/sites/default/files/pdf/documentation/FT-ICE-2015_complet.pdf";"Page de présentation générale des ICE : https://professionnels.ofb.fr/fr/doc-fiches-techniques/suivi-populations-dongules-leurs-habitats-indicateurs-changement-ecologique";"Les indicateurs de changement écologique (ICE) entrent dans une stratégie de gestion adaptative de la grande faune. Suivis dans la durée, ils permettent de maintenir des populations en bonne condition, dont les effectifs sont adaptés aux capacités des habitats. Contrairement aux anciennes méthodes de comptages qui tentaient d’estimer les effectifs présents, les indicateurs proposés à la suite de validations scientifiques rigoureuses, les ICE étudient les relations entre la grande faune et le compartiment végétal.
Parmi les Indicateurs de changement écologique s'intéressant à la performance (répertoriés aux n°138 à 142 de ce catalogue), ce protocole vise à déterminer la longueur du maxillaire inférieur des jeunes dans le cadre du suivi des variations de la condition physique des cerfs et des chevreuils. 
La longueur du maxillaire inférieure des jeunes (LMI) traduit les variations de la condition physique des individus d’une population d’ongulés donnée et la relation entre la population et son environnement. L’indice correspond à la longueur moyenne du maxillaire inférieure des animaux de première année prélevés à la chasse, après correction par la date de prélèvement.";"Ongulés";"Indice basé sur la longueur moyenne du maxillaire inférieur des animaux de première année prélevés à la chasse ; il traduit les variations de la condition physique des individus d’une population et sa relation avec son environnement.";"Mammifères";"Locale (site)";;;;"";;;;;"Protocoles standardisés";"fd41f356-8b79-411c-9f24-83f0afdbd5ea";"false"
141;"ICE - LD";"P141";;141;"Indicateurs de changement écologique Performance - Longueur des dagues";;"2015";;"false";"ONCFS";"https://inpn.mnhn.fr/docs-web/docs/download/201608";"https://professionnels.ofb.fr/sites/default/files/pdf/documentation/FT-ICE-2015_complet.pdf";"Page de présentation générale des ICE : https://professionnels.ofb.fr/fr/doc-fiches-techniques/suivi-populations-dongules-leurs-habitats-indicateurs-changement-ecologique";"Les indicateurs de changement écologique (ICE) entrent dans une stratégie de gestion adaptative de la grande faune. Suivis dans la durée, ils permettent de maintenir des populations en bonne condition, dont les effectifs sont adaptés aux capacités des habitats. Contrairement aux anciennes méthodes de comptages qui tentaient d’estimer les effectifs présents, les indicateurs proposés à la suite de validations scientifiques rigoureuses, les ICE étudient les relations entre la grande faune et le compartiment végétal.
Parmi les Indicateurs de changement écologique s'intéressant à la performance (répertoriés aux n°138 à 142 de ce catalogue), ce protocole vise à déterminer la longueur des dagues dans le cadre du suivi des variations de la condition physique des cerfs élaphes.
La longueur des dagues (LD) traduit les variations de la condition physique des individus d’une population de cerfs donnée et la relation entre la population et son environnement. L’indice correspond à la longueur moyenne des dagues des cerfs mâles de deuxième année (daguets) prélevés à la chasse.";"Ongulés";;"Mammifères";"Locale (site)";;;;"";;;;;"Protocoles standardisés";"fe721c18-187b-4ee8-b65c-33ed5ac25e00";"false"
142;"ICE - LPA";"P142";;142;"Indicateurs de changement écologique Performance - Longueur de la Patte Arrière des jeunes";;"2015";;"false";"ONCFS";"https://inpn.mnhn.fr/docs-web/docs/download/201608";"https://professionnels.ofb.fr/sites/default/files/pdf/documentation/FT-ICE-2015_complet.pdf";"Page de présentation générale des ICE : https://professionnels.ofb.fr/fr/doc-fiches-techniques/suivi-populations-dongules-leurs-habitats-indicateurs-changement-ecologique";"Les indicateurs de changement écologique (ICE) entrent dans une stratégie de gestion adaptative de la grande faune. Suivis dans la durée, ils permettent de maintenir des populations en bonne condition, dont les effectifs sont adaptés aux capacités des habitats. Contrairement aux anciennes méthodes de comptages qui tentaient d’estimer les effectifs présents, les indicateurs proposés à la suite de validations scientifiques rigoureuses, les ICE étudient les relations entre la grande faune et le compartiment végétal.
Parmi les Indicateurs de changement écologique s'intéressant à la performance (répertoriés aux n°138 à 142 de ce catalogue), ce protocole vise à déterminer la longueur de la patte arrière des jeunes dans le cadre du suivi des variations de la condition physique des chevreuils.
La longueur de la patte arrière des jeunes (LPA) traduit les variations de la condition physique des individus d’une population de chevreuils donnée et la relation entre la population et son environnement. L’indice correspond à la longueur moyenne de la patte arrière des animaux de première année prélevés à la chasse, après correction par la date de prélèvement.";"Ongulés";;"Mammifères";"Locale (site)";;;;"";;;;;"Protocoles standardisés";"a4ae153d-a972-4523-bd31-a8396de2ded2";"false"
143;;"P143";;143;"Protocole de prospection de la Loutre d'Europe à l’échelle nationale";;;;"false";"Groupe Loutre de l’UICN et SFEPM";"https://inpn.mnhn.fr/docs-web/docs/download/106901";"https://www.sfepm.org/sites/default/files/inline-files/PNALoutre_1.pdf";"Portail de l'Observatoire National des Mammifères avec la page dédiée à la Loutre affichant les données issues du protocole : http://www.observatoire-mammiferes.fr/atlas/espece/60630";"Ce protocole repose sur la recherche d'indices de présence (épreintes) de la Loutre d'Europe pour préciser son aidre de réparition. Il correspond à la méthode d’inventaire standard du Groupe Loutre de l’UICN avec remplacement du réseau UTM par le réseau Lambert 93 spécifique à la France. L’utilisation du réseau Lambert 93 permet d’éviter les problèmes de mailles non carrées au niveau des zones de compensations.";"Loutre d'Europe (Lutra lutra)";"Protocole de prospection à l’échelle nationale visant à mettre en évidence la répartition de l'espèce sur le territoire.";"Mammifères";"Nationale";;"Présence";;"";;;;;"Protocoles standardisés";"8a3d5146-3ee1-46f5-a910-7245386b284b";"false"
147;;"P147";;147;"Chronoventaire";;;;"false";"MNHN";"https://inpn.mnhn.fr/docs-web/docs/download/140349";"http://spn.mnhn.fr/spn_rapports/archivage_rapports/2014/SPN%202014%20-%2022%20-%20Chronoventaire_18_avril_2014.pdf";;"Le Chronoventaire est un protocole d’acquisition de données sur les communautés de Rhopalocères et Zygènes. Il est préconisé pour obtenir des données protocolées dans le cadre de l’inventaire des Rhopalocères et Zygènes de métropole. Son objectif est d’acquérir des informations sur (1) la détectabilité des espèces et sur (2) les facteurs qui structurent les communautés à l’échelle stationnelle.
Ces données sont indispensables pour une meilleure compréhension de la répartition des espèces. En effet, la très grande majorité des données de répartition obtenues dans le cadre d’un inventaire faunistique sont des données opportunistes acquises sans véritable protocole associé. A l’échelle d’un territoire, les données sont principalement constituées de données de détection/non-détection dans des unités géographiques déterminées. Les informations recueillies par le Chronoventaire doivent permettre une analyse statistique plus pertinente du jeu de données de répartition. L’année 2014 est une phase test à l’échelle nationale pour ce protocole.";"Rhopalocères et Zygènes";;"Insectes et araignées";"Locale (site)";;;;"";;;;;"Protocoles standardisés";"c505d71b-12d5-4f88-b57b-114e60e0dc18";"false"
148;"DEPERIS";"P148";;148;"Etat de santé des forêts - DEPERIS";;"2018";;"false";"Ministère de l'agriculture et de l'alimentation - Département de la santé des forêts (DSF)";"https://inpn.mnhn.fr/docs-web/docs/download/375430";"https://agriculture.gouv.fr/telecharger/90879?token=90e1da94972a5c648be23000c3a9cbf9da33c79acdeb316ebf011e8106c3ea7e";"Page de présentation du protocole : https://agriculture.gouv.fr/la-methode-deperis-pour-quantifier-letat-de-sante-de-la-foret";"Parmi les données indispensables aux gestionnaires pour piloter la gestion des forêts dont il a la charge, l’état de santé des peuplements constitue un des éléments majeurs. Le Département de la santé des forêts (DSF) du Ministère a récemment établi une méthode simplifiée d’évaluation nommée DEPERIS utilisable par tous les acteurs qui souhaitent effectuer une évaluation de l’état de santé de leur forêt.";;;"Habitats";"Locale (site)";"Les données peuvent être directement saisies dans la base de données du DSF.";;;"";;;;;"Protocoles standardisés";"67d3f2ab-fa1f-4d68-96c4-ac7dc4c8bf90";"false"
149;"IBMR";"P149";;149;"Qualité de l'eau - Indice Biologique Macrophytique en Rivière (IBMR)";;"12/2014";"3.4";"false";"Irstea";"https://inpn.mnhn.fr/docs-web/docs/download/214101";"https://www.boutique.afnor.org/norme/nf-t90-395/qualite-de-l-eau-determination-de-l-indice-biologique-macrophytique-en-riviere-ibmr/article/743722/fa122110";"La page de description du protocole : https://hydrobio-dce.inrae.fr/cours-deau/macrophytes/ ; la présentation de toutes les fiches de terrain et autres notices explicatives sont disponibles sur ce lien : https://hydrobio-dce.irstea.fr/telecharger/macrophytes-rivieres-2/ ; liens vers des guides d'identification des macrophytes : https://hydrobio-dce.inrae.fr/telecharger/ouvrages_determination_macrophytes/";"La méthode de détermination de l'Indice Biologique Macrophytique en Rivière (IBMR) est fondée sur l'examen des macrophytes pour déterminer le statut trophique des rivières, applicable aux parties continentales des cours d'eau naturels ou artificialisés. La norme NF T90-395 Octobre 2003 n'est pas applicable aux cours d'eau ou portions de cours d'eau dépourvus de macrophytes et aux estuaires. L'IBMR traduit essentiellement le degré de trophie lié à des teneurs en ammonium et orthophosphates, ainsi qu'aux pollutions organiques les plus flagrantes. Indépendamment du degré trophique que présente le cours d'eau, la note obtenue par le calcul de l'IBMR peut varier également selon certaines caractéristiques physiques du milieu comme l'intensité de l'éclairement et des écoulements.
Ce protocole existe dans une variante applicable aux cours d'eau marnants, listée au n°165 de ce catalogue (cas où le niveau d’eau est soumis à des variations notables, fréquentes et régulières ; il peut s’agir de secteurs situés dans les tronçons les plus aval des réseaux débouchant dans un estuaire (effet de la marée) ou de tronçons soumis à l’influence de retenues ou d’autres aménagements de régulation ou de prélèvement impactant le niveau d’eau) pour laquelle la définition de la zone de relevé change).";"Plantes macrophytiques : algues, Characées, bryophytes, phanérogames";;"Multi-groupes";"Locale (site)";"Fiche de terrain fournie : https://hydrobio-dce.inrae.fr/wp-content/uploads/2015/09/Fiche-terrain-IBMR-v_3.46.pdf ; notice de terrain : https://hydrobio-dce.inrae.fr/wp-content/uploads/2014/12/Notice-fiche-terrain-IBMR-v_3.4.pdf";;;"";;;"NF T90-395 : https://www.boutique.afnor.org/norme/nf-t90-395/qualite-de-l-eau-determination-de-l-indice-biologique-macrophytique-en-riviere-ibmr/article/743722/fa122110";;"Protocoles standardisés";"70106341-872a-4f01-a81a-c75e6f331e4f";"false"
150;;"P150";;150;"Méthode de collecte de données de répartition pour l’herpétofaune de l’île de La Réunion";;"2020";;"false";"Nature Océan Indien";"https://inpn.mnhn.fr/docs-web/docs/download/314872";"https://inpn.mnhn.fr/docs-web/docs/download/314872";"Des clés de détermination sont disponibles sur les liens suivants : https://www.researchgate.net/publication/293652013_Un_nouveau_gecko_nocturne_naturalise_sur_l%27ile_de_La_Reunion_Hemidactylus_mercatorius_Gray_1842_Reptilia_Squamata_Gekkonidae et http://www.cahiers-wio.org/ojs/index.php/Cahiers-scientifiques-WIO/article/viewFile/15/18 ; des fiches espèces sont recensées sur le lien suivant : https://www.especesinvasives.re/";"Ce document a été rédigé à la demande de la Direction de l’Environnement de l’Aménagement et du Logement de La Réunion (DEAL), dans le cadre de l’animation du pôle thématique « Reptiles et Amphibiens » du Système d'Information sur la Nature et les Paysages (SINP 9741). Il a été élaboré par l’association Nature Océan Indien, avec le concours du CSRPN local. Il a pour objectif de renforcer les capacités en matière de collecte de données de répartition pour cette faune sur le département de La Réunion (Océan Indien). Il s’agit d’une méthode de récolte de données, qui est inspirée du protocole de suivi des populations de reptiles pour la France métropolitaine rédigé par Lourdais & Miaud (2016). À destination des professionnels de l’environnement (naturalistes confirmés, sociétés d’études privées, associations...), cet outil livre les fondamentaux nécessaires pour la réalisation d’inventaires ou de prospections ciblées sur un taxon en particulier. Cette méthode a vocation à être reproductible et utilisable par plusieurs opérateurs dans différents contextes.";;;"Amphibiens et reptiles";"Régionale";"Fiche de terrain disponible dans le protocole";;;"";;;;;"Protocoles standardisés";"5cca2b03-3c4e-404a-a732-c91e07e2815f";"false"
151;;"P151";;151;"European Stag Beetle Monitoring Network";"European Stag Beetle Monitoring Network";"2008";;"false";"Research Institute Nature and Forest";"https://inpn.mnhn.fr/docs-web/docs/download/375497";"https://www.stagbeetlemonitoring.org/wp-content/uploads/Protocol-for-the-European-Stag-Beetle-Survey-1.pdf ; une version française sera bientôt disponible";"Page de description du programme en français : https://www.stagbeetlemonitoring.org/francais-fr/";"Le Lucane cerf-volant est une espèce menacée. Afin de le protéger, le Research Institute of Nature and Forest a créé un réseau en 2008 par des chercheurs issus de 8 pays qui souhaitaient tester un protocole standard de suivi des populations. L'objectif est d'en apprendre davantage sur la taille des populations, leur distribution et sur les habitudes de vie de l'espèce sous la forme d'un programme de sciences participatives.";"Lucane cerf-volant (Lucanus cervus)";;"Insectes et araignées";"Internationale";"Fiche de saisie disponible sur le lien suivant : https://www.stagbeetlemonitoring.org/wp-content/uploads/2016/09/Field-sheet-stag-beetle-survey.pdf (bientôt disponible en français)";;;"";;;;;"Enquêtes (ponctuelles ou continues)";"b81115ee-a5bf-41dd-85f8-29544615f692";"false"
152;;"P152";;152;"Protocole standardisé d’échantillonnage des macrophytes en plan d’eau";;"12/2010";"3.2";"false";"Irstea - Unité REBX (évaluation de l'état écologique des systèmes d'eau douce, de la chimie environnementale et des technologies de l'eau)";;"https://hydrobio-dce.inrae.fr/telecharger/macrophytes-plans-deau/ (CES FICHIERS NE SONT PLUS DISPONIBLES AU TELECHARGEMENT)";"Page présentant le protocole et les fiches à télécharger : https://hydrobio-dce.inrae.fr/telecharger/macrophytes-plans-deau/ ; liens vers des guides d'identification des macrophytes : https://hydrobio-dce.inrae.fr/telecharger/ouvrages_determination_macrophytes/";"Ce protocole décrit une méthode d'échantillonnage des communautés de macrophytes aquatiques en plans d'eau douce. Cette méthode vise à fournir des données adaptées à l'évaluation de l'état écologique des plans d'eau. Il est principalement basé sur la description des communautés des zones littorales. L'échelle d'acquisition de ces données est l'unité d'observation. Ce protocole permet : de déterminer le mode de positionnement et de sélection des unités d'observation sur le périmètre d'un plan d'eau ; de caractériser ces unités d'observation ; de fixer les modes de relevé et d'échantillonnage des plantes aquatiques sur les unités d'observation ; de préciser les données à recueillir lors des observations ; d'indiquer les modes de prélèvement et de conservation des échantillons récoltés. L'application de ce protocole fournit des éléments de description des rives ainsi qu'une liste des taxons de macrophytes présents sur les plans d'eau et l'estimation de l'abondance de chaque taxon. Le protocole présenté s'applique aux plans d'eau douce naturels ou d'origine anthropique d'une superficie d'au moins 5 ha et faiblement marnants, c'est-à-dire dont l'amplitude maximale du marnage annuel est de l'ordre de 2 m. La méthode ne s'applique pas aux plans d'eau plus fortement marnants, les communautés de macrophytes ne représentant, dans ces conditions hydrologiques particulières, que très partiellement l'état écologique global des plans d'eau.";"Plantes macrophytiques : algues, Characées, bryophytes, phanérogames";;"Multi-groupes";"Locale (site)";;;;"";;;"XP T90-328 : https://www.boutique.afnor.org/norme/xp-t90-328/qualite-de-l-eau-echantillonnage-des-communautes-de-macrophytes-en-plans-d-eau/article/775075/fa166259";;"Protocoles standardisés";"530a05d4-79a0-4eef-90b5-36957979ecb4";"false"
153;;"P153";;153;"Protocole standardisé d'échantillonnage des macrophytes en plans d'eau marnants";;"02/2012";"1";"false";"Irstea - Unité REBX (évaluation de l'état écologique des systèmes d'eau douce, de la chimie environnementale et des technologies de l'eau)";"https://inpn.mnhn.fr/docs-web/docs/download/375506";"https://hydrobio-dce.inrae.fr/wp-content/uploads/2014/05/120206_ECHANTILLONNAGE_MACROPHYTES_PE_MARNANTS.pdf";"Page présentant le protocole et les fiches à télécharger : https://hydrobio-dce.inrae.fr/telecharger/macrophytes-plans-deau/ ; liens vers des guides d'identification des macrophytes : https://hydrobio-dce.inrae.fr/telecharger/ouvrages_determination_macrophytes/";"Dans les plans d'eau marnants, les communautés de macrophytes sont confrontées à des conditions physiques de variations de niveaux des eaux qui ne peuvent permettre un développement de communautés présentant une diversité et une stabilité suffisantes pour contribuer à définir un état écologique, au sens de l'évaluation préconisée par la Directive
européenne sur l'eau. L'examen des espèces d'hydrophytes et d'hélophytes présentes dans certaines zones du plan d'eau peut toutefois permettre de définir un certain potentiel d'accueil du milieu pour les macrophytes.
Ce protocole est une variante du protocole standardisé d’échantillonnage des macrophytes en plan d’eau (référencé au n°152 de ce catalogue) qui n'est applicable que sur les plans d'eau dont l’amplitude maximale du marnage annuel est inférieure ou égale à 2 m. Le présent protocole propose des modalités d'échantillonnage des communautés de
macrophytes dans les plans d'eau au marnage supérieur à cette limite, là où cette norme n'est plus applicable. Son objectif est d’acquérir de manière organisée des données sur ces plans d’eau pour en faciliter l'interprétation ultérieure et permettre des comparaisons entre plans d'eau marnants.";"Phanérogames, bryophytes, ptéridophytes, algues de la famille des Characées et algues filamenteuses";;"Multi-groupes";"Locale (site)";;;;"";;;;;"Protocoles standardisés";"f450635f-6d00-4192-868f-4fedf012a0f5";"false"
154;;"P154";;154;"Protocole de suivi diachronique des populations ligériennes de Gomphus flavipes et d’Ophiogomphus cecilia";;"2015";;"false";"Très nombreuses structures dans le cadre du Plan national d'actions en faveur des Odonates";"https://inpn.mnhn.fr/docs-web/docs/download/375507";"www.centrederessources-loirenature.com/sites/default/files/gomphesdeloire_protocole_sept2018-compressed.pdf";;"Dans le cadre du Plan national d’actions en faveur des Odonates et conformément aux directives européennes, il est demandé de mettre en place des protocoles de suivi permettant d’évaluer l’état de conservation des métapopulations d’Odonates prioritaires en vue du maintien ou de l’amélioration de cet état par des orientations de gestion conservatoire adaptées. Ainsi, le suivi des populations ligériennes de Gomphus flavipes et d’Ophiogomphus cecilia nécessite une coordination des démarches et un protocole homogène sur l’ensemble du bassin ligérien permettra d’obtenir des indicateurs fiables des dynamiques populationnelles à la fois spatiales et temporelles de ces espèces et de leurs habitats. La Loire joue un rôle majeur pour la conservation de ces deux espèces dont l’aire de distribution s’étend sur plus de 700 kilomètres de linéaire de rivière. Le protocole proposé dans ce document a pour but de répondre à ces questions tout en tenant compte de la forte dynamique du fleuve Loire. Il prend ainsi place au sein des déclinaisons régionales des différentes régions traversées par le fleuve Loire à savoir : Pays de la Loire, Centre, Bourgogne, Auvergne et Rhône-Alpes. Compte-tenu de la difficulté d’observation des imagos et des larves, le protocole proposé est basé sur la récolte d’exuvies. Celle-ci permet d’obtenir un suivi démographique des populations des espèces cibles au moment de l’émergence.";" Gomphus flavipes, Ophiogomphus cecilia";"Ce protocole de suivi à l’échelle du bassin ligérien a pour objectifs à la fois (i) de mieux connaître l’écologie des espèces suivies, (ii) de disposer de tendances d’évolution des populations (en répartition et en abondance) et (iii) de disposer d’informations sur les habitats préférentiels des espèces et leur évolution qualitative et quantitative.";"Insectes et araignées";"Régionale";;;;"";;;;;"Protocoles standardisés";"4f88d006-f67f-4dcb-a9cb-dbae1b2511b3";"false"
155;;"P155";;155;"Chevêche d'Athéna - Protocole de recensement";;"2006";;"false";"LPO Mission Rapaces";"https://inpn.mnhn.fr/docs-web/docs/download/375516";"rapaces.lpo.fr/sites/default/files/chouette-cheveche/293/ctdiffusion-lpo-150.zip";"Page de présentation du suivi et de la conservation de la Chouette chevêche du site LPO Mission Rapaces : http://rapaces.lpo.fr/cheveche-dathena/suivi-et-conservation";"Ce protocole de détection de la Chevêche d'Athéna repose sur la méthode dite de la repasse. Cette méthode est à utiliser avec beaucoup de précaution pour ne pas déranger les oiseaux. Elle repose sur un principe simple : un mâle territorial réagit lorsqu’il entend un éventuel concurrent sur son territoire. Cette méthode est efficace pour la Chevêche lorsqu’on effectue deux passages sur un même point (en laissant plusieurs semaines entre les deux passages). Par exemple, un en mars et un en avril. Elle permet de repérer environ 80 % des chanteurs présents. Cette situation artificielle peut perturber l’oiseau, le stressant ou l’obligeant à prendre des risques (notamment en l’incitant à traverser des routes). L’efficacité de la méthode repose aussi sur la modération de son utilisation. Cependant, si le protocole est rigoureusement respecté, il n’y a pas de risque de décantonnement des mâles chanteurs.
Même si cette méthode s’avère efficace puisqu’elle permet de dénombrer de 80 à 90 % des chanteurs d’un secteur à chaque sortie, il existe des chevêches « silencieuses » qui ne répondent pas ou peu à la sollicitation. Il est donc nécessaire de compléter cette prospection par d’autres recherches d’indices de présence (proies, fientes, plumes et pelotes de réjection), notamment les cavités naturelles hors période de reproduction pour éviter tout dérangement (en hiver).";"Chevêche d'Athéna (Athene noctua)";"L'objectif est d'obtenir par site le nombre de mâles chanteurs au km² et de suivre son évolution au cours du temps en répétant chaque année le protocole à la même période. Les résultats obtenus seront comparables d’une année à l’autre et d’une région à l’autre, et permettent à l'échelle nationale de recenser la distribution (répartition) et l’abondance (effectif) de l'espèce.";"Oiseaux";"Nationale";"Fiche de relevé fournie dans le protocole";;;"";;;;;"Protocoles standardisés";"f72206fd-4d48-42d6-90df-50cd805a2a24";"false"
156;"Protocole Petites chouettes de montagne";"P156";;156;"Protocole national de suivi des tendances d'évolution des populations de petites chouettes de montagne";;"2020";;"false";"LPO Mission Rapaces";"https://inpn.mnhn.fr/docs-web/docs/download/376150";"rapaces.lpo.fr/sites/default/files/chev-chette-tengmalm/1/1protocolesuivipcmv11-2020.pdf";"Page de présentation du suivi et de la conservation des deux espèces sur le site de la LPO Mission Rapaces : http://rapaces.lpo.fr/chevechette-tengmalm/suivi-et-conservation";"Ce protocole vise à suivre à long terme les variations de population de la Chevêchette d'Europe (Glaucidium passerinum) et de la Chouette de Tengmalm (Aegolius funereus) par le suivi annuel de sites de référence en période de reproduction. Ce protocole se différencie de l'""Enquête rapaces nocturnes"" (référencée au n°75 de ce catalogue). Ce protocole consiste à suivre annuellement la présence/abondance de mâles chanteurs en réalisant un parcours fixe avec des points de repasse répété chaque année.";"Chevêchette d'Europe (Glaucidium passerinum), Chouette de Tengmalm (Aegolius funereus)";;"Oiseaux";"Nationale";;;;"";;;;;"Protocoles standardisés";"0ba4d1cd-1fe0-4067-ad45-cd5ad3d27066";"false"
157;;"P157";;157;"Protocole de suivi de la Pie-grièche méridionale Lanius meridionalis dans les principaux massifs de Basse-Provence";;"2021";"6";"false";"LPO PACA, Institut méditerranéen de biodiversité et d'écologie & CEN PACA";"https://inpn.mnhn.fr/docs-web/docs/download/375548";"https://lpo061-my.sharepoint.com/personal/olivier_hameau_lpo_fr/_layouts/15/onedrive.aspx?id=%2Fpersonal%2Folivier%5Fhameau%5Flpo%5Ffr%2FDocuments%2FSuivi%20Pie%2Dgri%C3%A8che%20m%C3%A9ridionale%202021&originalPath=aHR0cHM6Ly9scG8wNjEtbXkuc2hhcmVwb2ludC5jb20vOmY6L2cvcGVyc29uYWwvb2xpdmllcl9oYW1lYXVfbHBvX2ZyL0V1VVd0SV9PaUw5S3VqYS1NUFBMRDRVQjI1ajlKS2FseTlfS3ZXeG1lS3BaMmc%5FcnRpbWU9ZWVBc2dXYzkyVWc";"Page de présentation du protocole : https://www.faune-paca.org/index.php?m_id=20069 ; les autres fichiers associés à ce protocole sont disponibles sur ce lien : https://lpo061-my.sharepoint.com/personal/olivier_hameau_lpo_fr/_layouts/15/onedrive.aspx?id=%2Fpersonal%2Folivier%5Fhameau%5Flpo%5Ffr%2FDocuments%2FSuivi%20Pie%2Dgri%C3%A8che%20m%C3%A9ridionale%202021&originalPath=aHR0cHM6Ly9scG8wNjEtbXkuc2hhcmVwb2ludC5jb20vOmY6L2cvcGVyc29uYWwvb2xpdmllcl9oYW1lYXVfbHBvX2ZyL0V1VVd0SV9PaUw5S3VqYS1NUFBMRDRVQjI1ajlKS2FseTlfS3ZXeG1lS3BaMmc%5FcnRpbWU9S1FQOGpqWDcyRWc";"La rareté de la Pie-grièche méridionale ne permet pas la mise en place d’un suivi basé sur un échantillonnage aléatoire à l’échelle de la région. Le protocole proposé se limite aux massifs du département des Bouches-du-Rhône accueillant les principaux noyaux de population. Suite au succès de la première année de suivi en 2012, cette enquête a été reconduite en 2013 puis tous les 2 ans depuis, et elle a pour objectif d’évaluer la tendance démographique de cette espèce menacée à moyen et long termes.";" Pie-grièche méridionale (Lanius meridionalis)";"Evaluer la tendance démographique de la  Pie-grièche méridionale à moyen et long termes";"Oiseaux";"Nationale";"Fiche de saisie disponible sur ce lien : https://lpo061-my.sharepoint.com/personal/olivier_hameau_lpo_fr/_layouts/15/onedrive.aspx?id=%2Fpersonal%2Folivier%5Fhameau%5Flpo%5Ffr%2FDocuments%2FSuivi%20Pie%2Dgri%C3%A8che%20m%C3%A9ridionale%202021&originalPath=aHR0cHM6Ly9scG8wNjEtbXkuc2hhcmVwb2ludC5jb20vOmY6L2cvcGVyc29uYWwvb2xpdmllcl9oYW1lYXVfbHBvX2ZyL0V1VVd0SV9PaUw5S3VqYS1NUFBMRDRVQjI1ajlKS2FseTlfS3ZXeG1lS3BaMmc%5FcnRpbWU9S1FQOGpqWDcyRWc";;;"";;;;;"Protocoles standardisés";"309c6d75-2c7c-4c27-948b-c0c61443f57e";"false"
158;"POPAmphibien Spécifique Abondance (version 2014)";"P158";;;"POPAmphibien Spécifique Abondance (version 2014)";;"2014";;"true";"SHF, CPIE, MNHN, ONF, RNF";"https://inpn.mnhn.fr/docs-web/docs/download/142475";;;"Ce protocole s'intéresse au suivi de l’abondance de différentes espèces d’amphibiens sur des aires comportant des sites aquatiques en milieu naturel, en milieux gérés et non gérés, à destination des personnels formés pour le recueil des données et éventuellement pour l’analyse des données. Le choix de(s) espèce(s) suivie(s) se fait dans la liste suivante :
Anoures (Grenouille rousse, Grenouille agile, Crapaud commun, Crapaud calamite) et Urodèles (Triton palmé, Triton ponctué, Triton alpestre, Triton marbré, Triton crêté).
Ce document rappelle les conditions générales de l’application de ce protocole. Pour chacune des espèces ciblées, une
fiche spécifique détaillée est proposée.";;"Estimer et comprendre les évolutions de l'état de la batrachofaune française à partir de l’estimation de l’abondance de certaines espèces dans les sites aquatiques";"Amphibiens et reptiles";"Locale (site)";;;;"";;;;;"Protocoles standardisés";"1c7bb1f3-bb2e-4cd2-98d4-ce51f2194191";"false"
159;"POPAmphibien ""Communauté"" (version 2020)";"P159";;159;"POPAmphibien ""Communauté"" (version 2020)";;"2020";;"false";"SHF, RNF, ONF, CPIE, UNCPIE, UMR CEFE, UMR CEBC";"https://inpn.mnhn.fr/docs-web/docs/download/375821";"lashf.org/wp-content/uploads/2019/10/POP_Protocole_POPAmphibien_Communaut.pdf";"Lien vers le site de présentation du programme POPAmphibien : http://lashf.org/popamphibien-2/";"L’objectif principal de la mise en oeuvre de ce protocole est de connaître la tendance (accroissement, diminution, stabilité) des populations des Amphibiens à l’échelle nationale, et de tester une série d’hypothèses pour expliquer les tendances observées, tout en facilitant la mise en place de suivis standardisés à l’échelle locale. Ce protocole a été conçu pour permettre la participation d’un public averti (en général des professionnels de l’environnement) et nécessite une animation importante pour sa mise en oeuvre annuelle.
Ces indicateurs sont voués à devenir de précieux outils d’aide à la décision pour nos partenaires institutionnels. Ils permettront également d’étayer les méthodologies d’évaluation de l’état de conservation des espèces cibles (comme par exemple les espèces classées menacées par les Listes Rouges UICN ou les espèces d’intérêts communautaires) ou de leurs habitats (évaluation zone Natura2000, évaluation de pratiques de gestion dans des aires protégées, etc.).
La mise en place de ce protocole repose sur la sélection d’aires, à l’intérieur desquelles se trouvent des sites aquatiques (comme des mares par exemple, en milieux gérés ou non gérés) ; ainsi que du suivi de ces sites par des personnels formés bénéficiant d’une dérogation pour la capture provisoire d’espèces protégées si nécessaire (dans le cas de captures à l’épuisette et/ou à la nasse). Le suivi des sites se fait lors de plusieurs passages réalisés dans l’année. Les dates des passages sont déterminées en fonction de la phénologie de la reproduction des espèces (pouvant être définie avec l’aide du coordinateur régional SHF si besoin : lashf.org/qui-sommes-nous/).";"Amphibiens : Grenouille agile, rousse et des champs, Crapaud commun, Salamandre tachetée, Tritons, Pélodyte ponctué, Crapaud calamite, Crapaud vert, Rainette verte et méridionale, Alyte coucheur, Grenouilles vertes, Sonneur à ventre jaune, Rainettes, autres espèces aux stades larvaires ou adultes";"Suivre les évolutions de l'état de l’herpétofaune française à partir de l’estimation de l’occurrence des communautés d’amphibiens dans les sites aquatiques";"Amphibiens et reptiles";"Locale (site)";"Fiches de terrain proposées en téléchargement sur la page de présentation du protocole ; saisie des données dans le tableau excel standardisé proposé pour le programme POPAmphibien et envoyé à la SHF : popamphibienshf@gmail.com";"Présence par comptage visuel des pontes et des adultes voire par capture, stades, espèces";"Pour chaque aire (à ne saisir qu’une fois au début du protocole) : catégorie paysagère ; pour chacun des sites (à ne saisir qu’une fois au début du protocole) : description du milieu aquatique, turbidité, variation du niveau d’eau, courant, végétation aquatique principale, rives, habitat terrestre environnant, activité humaine, site protégé ; à chaque passage (à saisir plusieurs fois, soit 3 fois par an) : date du passage, température de l’air, température de l’eau, pluviosité, ensoleillement, vent, méthode de prospection.";"";;;;;"Protocoles standardisés";"76d23a7e-b9d7-44bb-bd9c-9e019612eecf";"false"
160;"POPAmphibien Spécifique ""Crapaud"" (version 2020)";"P160";;160;"POPAmphibien Spécifique ""Crapaud"" (version 2020)";;"2020";;"false";"SHF, RNF, ONF, CPIE, UNCPIE, UMR CEFE, UMR CEBC";"https://inpn.mnhn.fr/docs-web/docs/download/374597";"lashf.org/wp-content/uploads/2019/10/POP_Protocole_POPAmphibien_Spcifique_Crapaud.pdf";"Lien vers le site de présentation du programme POPAmphibien : http://lashf.org/popamphibien-2/";"L’objectif du protocole POPAmphibien Spécifique « Crapauds » est de suivre les tendances des populations de Crapauds à partir de l’estimation de l’occurrence et de l’abondance des espèces dans les points d’eau. Les espèces cibles sont : Crapaud commun (Bufo bufo), Crapaud épineux (Bufo spinosus), Crapaud calamite (Epidalea calamita), Crapaud vert (Bufo viridis ; le Crapaud vert n’est pas proposé pour un suivi national, mais les acteurs locaux peuvent mettre en place un suivi de populations dans leur région dont nous proposons ici le protocole). Ce protocole standardisé permet de suivre la dynamique des populations de Crapauds à une échelle locale (réserve naturelle, conservatoire, commune, etc.), tout en offrant la possibilité d’un suivi régulier dont les résultats pourront intégrer les suivis régionaux et nationaux. Il peut évidemment être appliqué à une l’échelle de territoires plus vastes (bassin versant, périmètre Natura 2000, département, région, etc.) selon les objectifs et les moyens disponibles. Les résultats issus de ce suivi peuvent intégrer le POPAmphibien Communauté (enregistré au n°159 de ce catalogue).
La mise en place de ce protocole repose sur la sélection d’aires, à l’intérieur desquelles se trouvent des « sites » (en milieux gérés ou non gérés) ; ainsi que du suivi de ces sites par des personnels formés. Ce protocole se base sur la détection de pontes et d’adultes de Crapauds dans des sites aquatiques, et ne nécessite pas de captures (il n’est donc pas nécessaire d’avoir une dérogation pour la capture provisoire d’espèces protégées ici). Le suivi des sites se fait lors de plusieurs passages réalisés dans l’année. Les dates des passages sont déterminées en fonction de la phénologie de la reproduction des espèces (pouvant être définie avec l’aide du coordinateur régional SHF si besoin : lashf.org/qui-sommes-nous/).";"Crapaud commun (Bufo bufo), Crapaud épineux (Bufo spinosus), Crapaud calamite (Epidalea calamita), Crapaud vert (Bufo viridis)";"Suivre les tendances des populations de Crapauds à partir de l’estimation de l’occurrence et de l’abondance des espèces dans les points d’eau";"Amphibiens et reptiles";"Locale (site)";"Fiches de terrain proposées en téléchargement sur la page de présentation du protocole ; saisie des données dans le tableau excel standardisé proposé pour le programme POPAmphibien et envoyé à la SHF : popamphibienshf@gmail.com";"Présence par comptage visuel des pontes et des adultes de crapauds";"Pour chaque aire (à ne saisir qu’une fois au début du protocole) : catégorie paysagère ; pour chacun des sites (à ne saisir qu’une fois au début du protocole) : description du milieu aquatique, turbidité, variation du niveau d’eau, courant, végétation aquatique principale, rives, habitat terrestre environnant, activité humaine, site protégé ; à chaque passage (à saisir plusieurs fois, soit 3 fois par an) : date du passage, température de l’air, température de l’eau, pluviosité, ensoleillement, vent, méthode de prospection.";"";;;;;"Protocoles standardisés";"5a17de74-d451-4ff6-b31f-305a53aa092a";"false"
161;"POPAmphibien Spécifique ""Grenouille brune"" (version 2020)";"P161";;161;"POPAmphibien Spécifique ""Grenouille brune"" (version 2020)";;"2020";;"false";"SHF, RNF, ONF, CPIE, UNCPIE, UMR CEFE, UMR CEBC";"https://inpn.mnhn.fr/docs-web/docs/download/374577";"lashf.org/wp-content/uploads/2019/10/POP_Protocole_POPAmphibien_Spcifique_Grenouilles_brunes.pdf";"Lien vers le site de présentation du programme POPAmphibien : http://lashf.org/popamphibien-2/";"L’objectif du protocole POPAmphibien Spécifique « Grenouilles brunes » est de suivre les tendances des populations de Grenouilles brunes à partir de l’estimation de l’occurrence et de l’abondance des espèces dans les points d’eau. Les espèces cibles sont : Grenouille rousse (Rana temporaria), Grenouille agile (Rana dalmatina), Grenouille des champs (Rana arvalis ; la Grenouille des champs n’est pas proposée pour un suivi national, mais les acteurs locaux peuvent mettre en place un suivi de populations dans leur région dont nous proposons ici le protocole).
Ce protocole standardisé permet de suivre la dynamique des populations de Grenouilles brunes à une échelle locale (réserve naturelle, conservatoire, commune, etc.), tout en offrant la possibilité d’un suivi régulier dont les résultats pourront intégrer les suivis régionaux et nationaux. Il peut évidemment être appliqué à une l’échelle de territoires plus vastes (bassin versant, périmètre Natura 2000, département, région, etc.) selon les objectifs et les moyens disponibles. Les résultats issus de ce suivi peuvent intégrer le POPAmphibien Communauté (enregistré au n°159 de ce catalogue).
La mise en place de ce protocole repose sur la sélection d’aires, à l’intérieur desquelles se trouvent des « sites » (en milieux gérés ou non gérés) ; ainsi que du suivi de ces sites par des personnels formés. Ce protocole se base sur la détection de pontes et d’adultes de Grenouilles brunes dans des sites aquatiques, et ne nécessite pas de captures (il n’est donc pas nécessaire d’avoir une dérogation pour la capture provisoire d’espèces protégées ici). Le suivi des sites se fait lors de plusieurs passages réalisés dans l’année. Les dates des passages sont déterminées en fonction de la phénologie de la reproduction des espèces (pouvant être définie avec l’aide du coordinateur régional SHF si besoin : lashf.org/qui-sommes-nous/).";"Grenouille rousse (Rana temporaria), Grenouille agile (Rana dalmatina), Grenouille des champs (Rana arvalis)";"Suivre les tendances des populations de Grenouilles brunes à partir de l’estimation de l’occurrence et de l’abondance des espèces dans les points d’eau";"Amphibiens et reptiles";"Locale (site)";"Fiches de terrain proposées en téléchargement sur la page de présentation du protocole ; saisie des données dans le tableau excel standardisé proposé pour le programme POPAmphibien et envoyé à la SHF : popamphibienshf@gmail.com";"Présence par comptage visuel de pontes et d’adultes de grenouilles brunes";"Pour chaque aire (à ne saisir qu’une fois au début du protocole) : catégorie paysagère ; pour chacun des sites (à ne saisir qu’une fois au début du protocole) : description du milieu aquatique, turbidité, variation du niveau d’eau, courant, végétation aquatique principale, rives, habitat terrestre environnant, activité humaine, site protégé ; à chaque passage (à saisir plusieurs fois, soit 3 fois par an) : date du passage, température de l’air, température de l’eau, pluviosité, ensoleillement, vent, méthode de prospection.";"";;;;;"Protocoles standardisés";"d3f44c5e-51fc-432c-adc1-d596cc01c3e1";"false"
162;"POPAmphibien Spécifique ""Salamandre (phase aquatique)"" (version 2020)";"P162";;162;"POPAmphibien Spécifique ""Salamandre (phase aquatique)"" (version 2020)";;"2020";;"false";"SHF, RNF, ONF, CPIE, UNCPIE, UMR CEFE, UMR CEBC";"https://inpn.mnhn.fr/docs-web/docs/download/375822";"lashf.org/wp-content/uploads/2019/10/POP_Protocole_POPAmphibien_Spcifique_Salamandre_phase-aquatique.pdf";"Lien vers le site de présentation du programme POPAmphibien : http://lashf.org/popamphibien-2/";"L’objectif du protocole POPAmphibien Spécifique « Salamandre » est de suivre les tendances des populations de Salamandres à partir de l’estimation de l’occurrence et de l’abondance des larves dans les cours d’eau. Les espèces cibles sont : Salamandre tachetée (Salamandra salamandra) et Salamandre de Corse (Salamandra corsica).
Ce protocole standardisé permet de suivre la dynamique des populations de Salamandres à une échelle locale (réserve naturelle, conservatoire, commune, etc.), tout en offrant la possibilité d’un suivi régulier dont les résultats pourront intégrer les suivis régionaux et nationaux. Il peut évidemment être appliqué à une l’échelle de territoires plus vastes (bassin versant, périmètre Natura 2000, département, région, etc.) selon les objectifs et les moyens disponibles. Les résultats issus de ce suivi peuvent intégrer le POPAmphibien Communauté (enregistré au n°159 de ce catalogue).
La mise en place de ce protocole repose sur la sélection d’aires, à l’intérieur desquelles se trouvent des cours d’eau (en milieux gérés ou non gérés) ; ainsi que du suivi de ces sites par des personnels formés bénéficiant d’une dérogation pour la capture provisoire d’espèces protégées si nécessaire (dans le cas de captures à l’épuisette). Ce protocole se base sur le stade aquatique larvaire des espèces cibles. Le suivi des sites se fait lors de plusieurs passages réalisés dans l’année. Les dates des passages sont déterminées en fonction de la phénologie de la reproduction des espèces (pouvant être définie avec l’aide du coordinateur régional SHF si besoin : lashf.org/qui-sommes-nous/).";" Salamandre tachetée (Salamandra salamandra) et Salamandre de Corse (Salamandra corsica)";"Suivre les tendances des populations de Salamandres à partir de l’estimation de l’occurrence et de l’abondance des larves dans les cours d’eau";"Amphibiens et reptiles";"Locale (site)";"Fiches de terrain proposées en téléchargement sur la page de présentation du protocole ; saisie des données dans le tableau excel standardisé proposé pour le programme POPAmphibien et envoyé à la SHF : popamphibienshf@gmail.com";"Présence par comptage visuel de larves de salamandres à chaque passage, soit par capture à l’épuisette (nécessitant une dérogation de capture), soit à vue.";"Pour chaque aire (à ne saisir qu’une fois au début du protocole) : catégorie paysagère ; pour chacun des sites (à ne saisir qu’une fois au début du protocole) : description du milieu aquatique, turbidité, variation du niveau d’eau, courant, végétation aquatique principale, rives, habitat terrestre environnant, activité humaine, site protégé ; à chaque passage (à saisir plusieurs fois, soit 3 fois par an) : date du passage, température de l’air, température de l’eau, pluviosité, ensoleillement, vent, méthode de prospection.";"";;;;;"Protocoles standardisés";"eb18e7be-8ae8-4c70-885a-60f6faeb2576";"false"
163;"POPAmphibien Spécifique ""Salamandre (phase terrestre)"" (version 2020)";"P163";;163;"POPAmphibien Spécifique ""Salamandre (phase terrestre)"" (version 2020)";;"2020";;"false";"SHF, RNF, ONF, CPIE, UNCPIE, UMR CEFE, UMR CEBC";"https://inpn.mnhn.fr/docs-web/docs/download/375823";"lashf.org/wp-content/uploads/2019/10/POP_Protocole_POPAmphibien_Spcifique_Salamandre_phase-terrestre.pdf";"Lien vers le site de présentation du programme POPAmphibien : http://lashf.org/popamphibien-2/";"L’objectif du protocole POPAmphibien Spécifique « Salamandre (phase terrestre) » est de suivre les tendances des populations de Salamandres à partir de l’estimation de l’occurrence et de l’abondance des adultes le long de tronçons terrestres (comme par exemple des chemins forestiers). Les espèces cibles sont : Salamandre tachetée (Salamandra salamandra) et Salamandre de Corse (Salamandra corsica).
Ce protocole standardisé permet de suivre la dynamique des populations de Salamandres à une échelle locale (réserve naturelle, conservatoire, commune, etc.), tout en offrant la possibilité d’un suivi régulier dont les résultats pourront intégrer les suivis régionaux et nationaux. Il peut évidemment être appliqué à une l’échelle de territoires plus vastes (bassin versant, périmètre Natura 2000, département, région, etc.) selon les objectifs et les moyens disponibles. Les résultats issus de ce suivi peuvent intégrer le POPAmphibien Communauté (enregistré au n°159 de ce catalogue).
La mise en place de ce protocole repose sur la sélection d’aires, à l’intérieur desquelles se trouvent des tronçons identifiés le long d’itinéraires terrestres (une piste forestière découpée en tronçons, plusieurs pistes forestières recoupées elles-mêmes en tronçons, etc. ; en milieux gérés ou non gérés) ; ainsi que du suivi de ces sites par des personnels formés. Le présent protocole ne nécessite pas de capture des animaux (il n’est donc pas nécessaire d’avoir une dérogation pour la capture provisoire d’espèces protégées ici). Le suivi des sites se fait lors de plusieurs passages réalisés dans l’année. Les dates des passages sont déterminées en fonction de la phénologie de la reproduction des espèces (pouvant être définie avec l’aide du coordinateur régional SHF si besoin : lashf.org/qui-sommes-nous/).";"Salamandre tachetée (Salamandra salamandra) et Salamandre de Corse (Salamandra corsica)";"Suivre les tendances des populations de Salamandres à partir de l’estimation de l’occurrence et de l’abondance des adultes le long de tronçons terrestres";"Amphibiens et reptiles";"Locale (site)";"Fiches de terrain proposées en téléchargement sur la page de présentation du protocole ; saisie des données dans le tableau excel standardisé proposé pour le programme POPAmphibien et envoyé à la SHF : popamphibienshf@gmail.com";"Présence par comptage visuel des adultes de salamandres à chaque passage, à vue uniquement";"Pour chaque aire (à ne saisir qu’une fois au début du protocole) : catégorie paysagère ; pour chacun des sites (à ne saisir qu’une fois au début du protocole) : description du milieu aquatique, turbidité, variation du niveau d’eau, courant, végétation aquatique principale, rives, habitat terrestre environnant, activité humaine, site protégé ; à chaque passage (à saisir plusieurs fois, soit 3 fois par an) : date du passage, température de l’air, température de l’eau, pluviosité, ensoleillement, vent, méthode de prospection.";"";;;;;"Protocoles standardisés";"1f186ab2-da28-4e11-9e43-14f6b0c5cf18";"false"
164;"POPAmphibien Spécifique ""Euprocte"" (version 2020)";"P164";;164;"POPAmphibien Spécifique ""Euprocte"" (version 2020)";;"2020";;"false";"SHF, RNF, ONF, CPIE, UNCPIE, UMR CEFE, UMR CEBC";"https://inpn.mnhn.fr/docs-web/docs/download/375824";"lashf.org/wp-content/uploads/2019/10/POP_Protocole_POPAmphibien_Spcifique_Euprocte.pdf";"Lien vers le site de présentation du programme POPAmphibien : http://lashf.org/popamphibien-2/";"L’objectif du protocole POPAmphibien Spécifique « Euprocte » est de suivre les tendances des populations de Euproctes à partir de l’estimation de l’occurrence et de l’abondance des larves et de adultes dans les cours d’eau. Les espèces cibles sont : Calotriton des Pyrénées (Calotriton asper) et Euprocte de Corse (Euproctus montanus).
Ce protocole standardisé permet de suivre les tendances des populations d’Euproctes à une échelle locale (réserve naturelle, conservatoire, commune, etc.), tout en offrant la possibilité d’un suivi régulier dont les résultats pourront intégrer les suivis régionaux et nationaux. Il peut évidemment être appliqué à une l’échelle de territoires plus vastes (bassin versant, périmètre Natura 2000, département, région, etc.) selon les objectifs et les moyens disponibles. Les résultats issus de ce suivi peuvent intégrer le POPAmphibien Communauté (enregistré au n°159 de ce catalogue).
La mise en place de ce protocole repose sur la sélection d’aires, à l’intérieur desquelles se trouvent des cours d’eau (en milieux gérés ou non gérés) ; ainsi que du suivi de ces sites par des personnels formés bénéficiant d’une dérogation pour la capture provisoire d’espèces protégées si nécessaire (dans le cas de captures à l’épuisette et/ou à la nasse). Le suivi des sites se fait lors de plusieurs passages réalisés dans l’année. Les dates des passages sont déterminées en fonction de la phénologie de la reproduction des espèces (pouvant être définie avec l’aide du coordinateur régional SHF si besoin : lashf.org/qui-sommes-nous/).";"Calotriton des Pyrénées (Calotriton asper) et Euprocte de Corse (Euproctus montanus)";"Suivre les tendances des populations de Euproctes à partir de l’estimation de l’occurrence et de l’abondance des larves et de adultes dans les cours d’eau";"Amphibiens et reptiles";"Locale (site)";"Fiches de terrain proposées en téléchargement sur la page de présentation du protocole ; saisie des données dans le tableau excel standardisé proposé pour le programme POPAmphibien et envoyé à la SHF : popamphibienshf@gmail.com";"Présence par comptage visuel de larves et d’adultes d’euproctes à chaque passage, soit par capture à l’épuisette (nécessitant une dérogation de capture), soit à vue.";"Pour chaque aire (à ne saisir qu’une fois au début du protocole) : catégorie paysagère ; pour chacun des sites (à ne saisir qu’une fois au début du protocole) : description du milieu aquatique, turbidité, variation du niveau d’eau, courant, végétation aquatique principale, rives, habitat terrestre environnant, activité humaine, site protégé ; à chaque passage (à saisir plusieurs fois, soit 3 fois par an) : date du passage, température de l’air, température de l’eau, pluviosité, ensoleillement, vent, méthode de prospection.";"";;;;;"Protocoles standardisés";"a9f4ff71-a3c7-4dcc-a855-f8898548dd11";"false"
165;;"P165";;165;"Qualité de l'eau - Indice Biologique Macrophytique en Rivière (IBMR) des cours d'eau marnants";;"05/06/2019";;"false";"Irstea";"https://inpn.mnhn.fr/docs-web/docs/download/376092";"https://hydrobio-dce.inrae.fr/download/note-methodo-ibmr-2-juin-2019/#";"La page de description du protocole : https://hydrobio-dce.inrae.fr/cours-deau/macrophytes/ ; la présentation de toutes les fiches de terrain et autres notices explicatives sont disponibles sur ce lien : https://hydrobio-dce.irstea.fr/telecharger/macrophytes-rivieres-2/ ; liens vers des guides d'identification des macrophytes : https://hydrobio-dce.inrae.fr/telecharger/ouvrages_determination_macrophytes/";"Ce protocole est une déclinaison du protocole de l'Indice Biologique Macrophytique en Rivière, listé au n°149 de ce catalogue, et s'applique aux stations de surveillance situées dans des tronçons de cours d’eau soumis à un marnage. La méthode de détermination de l'Indice Biologique Macrophytique en Rivière (IBMR) est fondée sur l'examen des macrophytes pour déterminer le statut trophique des rivières, applicable aux parties continentales des cours d'eau naturels ou artificialisés. La norme NF T90-395 Octobre 2003 n'est pas applicable aux cours d'eau ou portions de cours d'eau dépourvus de macrophytes et aux estuaires. L'IBMR traduit essentiellement le degré de trophie lié à des teneurs en ammonium et orthophosphates, ainsi qu'aux pollutions organiques les plus flagrantes. Indépendamment du degré trophique que présente le cours d'eau, la note obtenue par le calcul de l'IBMR peut varier également selon certaines caractéristiques physique du milieu comme l'intensité de l'éclairement et des écoulements.
L’adaptation du protocole standard décrit dans la norme NF T90-395 consiste donc à fixer les limites latérales de l’aire de relevé non pas systématiquement sur la limite en eau lors du relevé, mais sur la limite correspondant au niveau d’eau haut « normal », tels que décrit dans ce document. L’observateur pourra donc être amené à relever les taxons macrophytiques exondés au moment du relevé, s’ils se situent dans la bande marnante.";"Plantes macrophytiques : algues, Characées, bryophytes, phanérogames";;"Multi-groupes";"Locale (site)";"Fiche de terrain fournie : https://hydrobio-dce.inrae.fr/wp-content/uploads/2015/09/Fiche-terrain-IBMR-v_3.46.pdf ; notice de terrain : https://hydrobio-dce.inrae.fr/wp-content/uploads/2014/12/Notice-fiche-terrain-IBMR-v_3.4.pdf";;;"";;;"NF T90-395 : https://www.boutique.afnor.org/norme/nf-t90-395/qualite-de-l-eau-determination-de-l-indice-biologique-macrophytique-en-riviere-ibmr/article/743722/fa122110";;"Protocoles standardisés";"b33ed722-e794-4f0e-aeb3-c46c59073ab4";"false"
166;"IBP - échantillonnage";"P166";;257;"Méthodes de relevé de l'indice de biodiversité potentielle (IBP) - par échantillonnage";;"03/2013";"2.7";"true";"CNPF";"https://inpn.mnhn.fr/docs-web/docs/download/374432";"https://www.foretpriveefrancaise.com/data/389532_ibp_methodes_de_releve_v3_3_1_1.pdf";"Lien vers la page de présentation de l'IBP : https://www.foretpriveefrancaise.com/n/ibp-indice-de-biodiversite-potentielle/n:782 ; https://www.foretpriveefrancaise.com/n/realiser-des-releves-ibp/n:1978";"L'Indice de Biodiversité Potentielle (IBP) est un outil permettant aux gestionnaires forestiers d’intégrer aisément la biodiversité taxonomique ordinaire dans leur gestion courante. Cet indicateur, simple et rapide à relever, permet d’évaluer la capacité d'accueil d'un peuplement forestier pour les êtres vivants (plantes, oiseaux, insectes...), et d’identifier les points d'amélioration possibles lors des interventions sylvicoles. 
Il consiste à apprécier un ensemble de dix facteurs parmi ceux qui sont habituellement reconnus comme les plus favorables à la diversité interne des peuplements forestiers : composition spécifique et structuration du peuplement, maturité et offre en microhabitats liés aux arbres, présence d’habitats associés à la forêt, continuité de l’état boisé. Plusieurs facteurs décrivent le bois morts et les microhabitats pour tenir compte du rôle fonctionnel primordial et de la diversité des saproxyliques (plus de 25% de la diversité taxonomique forestière). Sept facteurs sont directement dépendants du peuplement et de la gestion, trois autres sont plutôt liés au contexte. Un score 0, 2 ou 5 est donné à chacun des facteurs selon une échelle de valeurs seuils.
L’IBP doit être décrit séparément par peuplement, éventuellement par type de peuplement s’ils sont composés de peuplements assez homogènes du point de vue des facteurs IBP et peu éloignés géographiquement. La méthode de l'IBP par échantillonnage s'applique dans le cas de relevés dans une forêt lors d’un diagnostic ou pour l’élaboration d’un plan de gestion où un échantillonnage systématique est prévu pour décrire les peuplements.";;;"Habitats";"Locale (site)";;;;"";;;;;"Protocoles standardisés";"85b2c612-151a-4f44-95ee-1360a18a54b2";"false"
167;"IBP - parcours plein";"P167";;255;"Méthodes de relevé de l'indice de biodiversité potentielle (IBP) - par parcours en plein";;"03/2013";"2.7";"true";"CNPF";"https://inpn.mnhn.fr/docs-web/docs/download/374432";"https://www.foretpriveefrancaise.com/data/389532_ibp_methodes_de_releve_v3_3_1_1.pdf";"Lien vers la page de présentation de l'IBP : https://www.foretpriveefrancaise.com/n/ibp-indice-de-biodiversite-potentielle/n:782 ; https://www.foretpriveefrancaise.com/n/realiser-des-releves-ibp/n:1978";"L'Indice de Biodiversité Potentielle (IBP) est un outil permettant aux gestionnaires forestiers d’intégrer aisément la biodiversité taxonomique ordinaire dans leur gestion courante. Cet indicateur, simple et rapide à relever, permet d’évaluer la capacité d'accueil d'un peuplement forestier pour les êtres vivants (plantes, oiseaux, insectes...), et d’identifier les points d'amélioration possibles lors des interventions sylvicoles. 
Il consiste à apprécier un ensemble de dix facteurs parmi ceux qui sont habituellement reconnus comme les plus favorables à la diversité interne des peuplements forestiers : composition spécifique et structuration du peuplement, maturité et offre en microhabitats liés aux arbres, présence d’habitats associés à la forêt, continuité de l’état boisé. Plusieurs facteurs décrivent le bois morts et les microhabitats pour tenir compte du rôle fonctionnel primordial et de la diversité des saproxyliques (plus de 25% de la diversité taxonomique forestière). Sept facteurs sont directement dépendants du peuplement et de la gestion, trois autres sont plutôt liés au contexte. Un score 0, 2 ou 5 est donné à chacun des facteurs selon une échelle de valeurs seuils.
L’IBP doit être décrit séparément par peuplement, éventuellement par type de peuplement s’ils sont composés de peuplements assez homogènes du point de vue des facteurs IBP et peu éloignés géographiquement. L'IBP par parcours plein s'utilise soit dans le cas du relevé d'une parcelle lors de la visite préalable à une coupe ou à une intervention sylvicole avec une surface du peuplement < 1,5 ha ; soit dans le cas d'un relevé dans une forêt lors d’un diagnostic ou pour l’élaboration d’un plan de gestion pour lequel un parcours des parcelles est prévu pour décrire les peuplements pour une surface du peuplement < 1,5 ha. A noter que parcours partiel et en plein peuvent être associés dans la même forêt en fonction des peuplements qui la composent.";;;"Habitats";"Locale (site)";;;;"";;;;;"Protocoles standardisés";"19170da2-6d79-4d71-b890-d87094b332ff";"false"
168;"IBP - parcours partiel continu";"P168";;256;"Méthodes de relevé de l'indice de biodiversité potentielle (IBP) - par parcours partiel continu et linéaire";;"03/2013";"2.7";"true";"CNPF";"https://inpn.mnhn.fr/docs-web/docs/download/374432";"https://www.foretpriveefrancaise.com/data/389532_ibp_methodes_de_releve_v3_3_1_1.pdf";"Lien vers la page de présentation de l'IBP : https://www.foretpriveefrancaise.com/n/ibp-indice-de-biodiversite-potentielle/n:782 ; https://www.foretpriveefrancaise.com/n/realiser-des-releves-ibp/n:1978";"L'Indice de Biodiversité Potentielle (IBP) est un outil permettant aux gestionnaires forestiers d’intégrer aisément la biodiversité taxonomique ordinaire dans leur gestion courante. Cet indicateur, simple et rapide à relever, permet d’évaluer la capacité d'accueil d'un peuplement forestier pour les êtres vivants (plantes, oiseaux, insectes...), et d’identifier les points d'amélioration possibles lors des interventions sylvicoles. 
Il consiste à apprécier un ensemble de dix facteurs parmi ceux qui sont habituellement reconnus comme les plus favorables à la diversité interne des peuplements forestiers : composition spécifique et structuration du peuplement, maturité et offre en microhabitats liés aux arbres, présence d’habitats associés à la forêt, continuité de l’état boisé. Plusieurs facteurs décrivent le bois morts et les microhabitats pour tenir compte du rôle fonctionnel primordial et de la diversité des saproxyliques (plus de 25% de la diversité taxonomique forestière). Sept facteurs sont directement dépendants du peuplement et de la gestion, trois autres sont plutôt liés au contexte. Un score 0, 2 ou 5 est donné à chacun des facteurs selon une échelle de valeurs seuils.
L’IBP doit être décrit séparément par peuplement, éventuellement par type de peuplement s’ils sont composés de peuplements assez homogènes du point de vue des facteurs IBP et peu éloignés géographiquement. L’IBP n’est ici relevé que sur une partie du peuplement pour diminuer le temps de parcours. Deux types de parcours sont
possibles : par parcours partiel continu et linéaire (décrit ici) ou par parcours parcours partiel discontinu sur des placettes circulaires (détaillé au n°169 de ce catalogue).
L'IBP par parcours partiel continu s'utilise soit dans le cas du relevé d'une parcelle lors de la visite préalable à une coupe ou à une intervention sylvicole avec une surface du peuplement > 8-10 ha ou entre 1,5 et 8-10 ha avec des difficultés d’observation (faible visibilité, peuplement difficilement pénétrable ou relief accidenté) ou des peuplements très homogènes (taillis de châtaignier, jeune plantation…) ; soit dans le cas d'un relevé dans une forêt lors d’un diagnostic ou pour l’élaboration d’un plan de gestion pour lequel un parcours des parcelles est prévu pour décrire les peuplements pour une surface du peuplement  > 8-10 ha ou entre 1,5 et 8-10 ha avec des difficultés d’observation (faible visibilité, peuplement difficilement pénétrable ou relief accidenté) ou des peuplements très homogènes (taillis de châtaignier, jeune plantation…). A noter que parcours partiel et en plein peuvent être associés dans la même forêt en fonction des peuplements qui la composent.
Dans le cas d'un parcours partiel continu et linéaire, le relevé IBP s’effectue le long d’un cheminement systématique fonction du relief.";;;"Habitats";"Locale (site)";;;;"";;;;;"Protocoles standardisés";"938f59f3-d7d7-4697-b543-0e03e041897e";"false"
169;"IBP - parcours partiel discontinu";"P169";;259;"Méthodes de relevé de l'indice de biodiversité potentielle (IBP) - par parcours partiel discontinu sur des placettes circulaires";;"03/2013";"2.7";"true";"CNPF";"https://inpn.mnhn.fr/docs-web/docs/download/374432";"https://www.foretpriveefrancaise.com/data/389532_ibp_methodes_de_releve_v3_3_1_1.pdf";"Lien vers la page de présentation de l'IBP : https://www.foretpriveefrancaise.com/n/ibp-indice-de-biodiversite-potentielle/n:782 ; https://www.foretpriveefrancaise.com/n/realiser-des-releves-ibp/n:1978";"L'Indice de Biodiversité Potentielle (IBP) est un outil permettant aux gestionnaires forestiers d’intégrer aisément la biodiversité taxonomique ordinaire dans leur gestion courante. Cet indicateur, simple et rapide à relever, permet d’évaluer la capacité d'accueil d'un peuplement forestier pour les êtres vivants (plantes, oiseaux, insectes...), et d’identifier les points d'amélioration possibles lors des interventions sylvicoles. 
Il consiste à apprécier un ensemble de dix facteurs parmi ceux qui sont habituellement reconnus comme les plus favorables à la diversité interne des peuplements forestiers : composition spécifique et structuration du peuplement, maturité et offre en microhabitats liés aux arbres, présence d’habitats associés à la forêt, continuité de l’état boisé. Plusieurs facteurs décrivent le bois morts et les microhabitats pour tenir compte du rôle fonctionnel primordial et de la diversité des saproxyliques (plus de 25% de la diversité taxonomique forestière). Sept facteurs sont directement dépendants du peuplement et de la gestion, trois autres sont plutôt liés au contexte. Un score 0, 2 ou 5 est donné à chacun des facteurs selon une échelle de valeurs seuils.
L’IBP doit être décrit séparément par peuplement, éventuellement par type de peuplement s’ils sont composés de peuplements assez homogènes du point de vue des facteurs IBP et peu éloignés géographiquement. L’IBP n’est ici relevé que sur une partie du peuplement pour diminuer le temps de parcours. Deux types de parcours sont
possibles : par parcours partiel continu et linéaire (détaillé au n°168 de ce catalogue)ou par parcours parcours partiel discontinu sur des placettes circulaires (décrit ici).
L'IBP par parcours partiel discontinu s'utilise soit dans le cas du relevé d'une parcelle lors de la visite préalable à une coupe ou à une intervention sylvicole avec une surface du peuplement > 8-10 ha ou entre 1,5 et 8-10 ha avec des difficultés d’observation (faible visibilité, peuplement difficilement pénétrable ou relief accidenté) ou des peuplements très homogènes (taillis de châtaignier, jeune plantation…) ; soit dans le cas d'un relevé dans une forêt lors d’un diagnostic ou pour l’élaboration d’un plan de gestion pour lequel un parcours des parcelles est prévu pour décrire les peuplements pour une surface du peuplement  > 8-10 ha ou entre 1,5 et 8-10 ha avec des difficultés d’observation (faible visibilité, peuplement difficilement pénétrable ou relief accidenté) ou des peuplements très homogènes (taillis de châtaignier, jeune plantation…). A noter que parcours partiel et en plein peuvent être associés dans la même forêt en fonction des peuplements qui la composent.
Dans le cas d'un parcours partiel discontinu sur des placettes circulaires, le parcours est constitué d’une ou plusieurs placettes de 1 ha (maxi 5 à 7 placettes / peuplement), réparties de manière systématique ou aléatoire, avec un taux
d’échantillonnage de 15 à 30 %.";;;"Habitats";"Locale (site)";;;;"";;;;;"Protocoles standardisés";"bd9b7117-90bd-4038-9e09-77eee31aa06a";"false"
170;"Charli";"P170";;170;"Protocoles de recueil de données hydromorphologiques en plan d'eau. Caractérisation des habitats des rives et du littoral (Charli)";;"06/2020";;"false";"OFB & INRAE";"https://inpn.mnhn.fr/docs-web/docs/download/376154";"http://oai.afbiodiversite.fr/cindocoai/download/PUBLI/1253/1/2020_010.pdf_6968Ko";"Présentation du protocole : https://professionnels.ofb.fr/fr/doc-guides-protocoles/protocoles-recueil-donnees-hydromorphologiques-en-plan-deau-caracterisation";"Les protocoles Charli (Caractérisation des habitats des rives et du littoral, décrit ici) et Alber (Altération des berges, détaillé au n°171 de ce catalogue) proposent une méthode normalisée de caractérisation des habitats littoraux et des modifications d’origine anthropique des berges, prenant en compte leur nature, leur diversité et leur répartition spatiale.
La méthode proposée par les deux protocoles consiste à cartographier de façon relativement fine (précision métrique) les éléments naturels ou anthropiques liés à l'hydromorphologie sur le pourtour d'un plan d'eau, en procédant à l'acquisition
d'informations géoréférencées, issues d'observations effectuées sur le terrain, et s'appuyant sur l'utilisation d'images aériennes orthorectifiées et de référentiels hydrographiques.
Pour cela, elle se décline en trois étapes principales : la préparation de supports cartographiques de saisie ; la prospection in situ du plan d'eau et la retranscription des observations sur les supports ; et la saisie et la bancarisation des informations recueillies sous un format numérique géoréférencé.
Les deux protocoles étant entièrement compatibles et complémentaires, il est recommandé de les appliquer de façon conjointe et simultanée sur un même site, en effectuant les différentes observations de terrain en parallèle. Cela permet d'apprécier l'hydromorphologie des zones rivulaires et littorales dans sa globalité. Il est néanmoins toujours possible, selon le temps imparti et les objectifs, d’appliquer les deux protocoles de façon indépendante ou de n'en appliquer qu'un seul.";;"Caractériser des habitats littoraux et des modifications d’origine anthropique des berges";"Habitats";"Locale (site)";;;;"";;;;;"Protocoles standardisés";"cac91444-1d1f-4db3-a420-c8dede30cc5b";"false"
171;"Alber";"P171";;171;"Protocoles de recueil de données hydromorphologiques en plan d'eau. Caractérisation de l'altération des berges (Alber)";;"2020";;"false";"OFB & INRAE";"https://inpn.mnhn.fr/docs-web/docs/download/376154";"http://oai.afbiodiversite.fr/cindocoai/download/PUBLI/1253/1/2020_010.pdf_6968Ko";"Présentation du protocole : https://professionnels.ofb.fr/fr/doc-guides-protocoles/protocoles-recueil-donnees-hydromorphologiques-en-plan-deau-caracterisation";"Les protocoles Charli (Caractérisation des habitats des rives et du littoral, détaillé au n°170 de ce catalogue) et Alber (Altération des berges, décrit ici) proposent une méthode normalisée de caractérisation des habitats littoraux et des modifications d’origine anthropique des berges, prenant en compte leur nature, leur diversité et leur répartition spatiale.
La méthode proposée par les deux protocoles consiste à cartographier de façon relativement fine (précision métrique) les éléments naturels ou anthropiques liés à l'hydromorphologie sur le pourtour d'un plan d'eau, en procédant à l'acquisition
d'informations géoréférencées, issues d'observations effectuées sur le terrain, et s'appuyant sur l'utilisation d'images aériennes orthorectifiées et de référentiels hydrographiques.
Pour cela, elle se décline en trois étapes principales : la préparation de supports cartographiques de saisie ; la prospection in situ du plan d'eau et la retranscription des observations sur les supports ; et la saisie et la bancarisation des informations recueillies sous un format numérique géoréférencé.
Les deux protocoles étant entièrement compatibles et complémentaires, il est recommandé de les appliquer de façon conjointe et simultanée sur un même site, en effectuant les différentes observations de terrain en parallèle. Cela permet d'apprécier l'hydromorphologie des zones rivulaires et littorales dans sa globalité. Il est néanmoins toujours possible, selon le temps imparti et les objectifs, d’appliquer les deux protocoles de façon indépendante ou de n'en appliquer qu'un seul.";;;"Habitats";"Locale (site)";;;;"";;;;;"Protocoles standardisés";"bb3e7666-4971-4741-84b3-5161d490921b";"false"
172;"IMOL";"P172";;172;"Indice biologique lacustre basé sur l'examen des peuplements de mollusques (IMOL)";;"1993";;"false";"CEMAGREF (Institut de recherche pour l’ingénierie de l’agriculture et de l’environnement)";"https://inpn.mnhn.fr/docs-web/docs/download/214089";"https://hydrobio-dce.irstea.fr/wp-content/uploads/2014/05/Mouthon_1993.pdf";;"Les mollusques (limnées et pisidies) sont potentiellement capables de coloniser la zone profonde des systèmes lacustres. Lorsque le milieu se dégrade, on observe une diminution de plus en plus importante de l'amplitude bathymétrique des espèces, ainsi qu'une disparition progressive ordonnée de la zone profonde à la zone littorale des Gastéropodes puis des pisidies (Bivalves). A partir de l'observation de ce processus de simplification croissante des malacocénoses, différents états ont été reconnus et un tableau de détermination d'un indice malacologique de qualité des systèmes lacustres (IMOL), variant de 0 à 8 est proposé. Le calcul de l'indice est effectué à partir de la détermination des genres et du critère présence-absence.
Un protocole d'échantillonnage standard des zones profonde, sublittorale et littorale permet d'obtenir le matériel biologique nécessaire à la mise en oeuvre de cette méthode. Cet indice qui vise à définir d'une manière simple et rapide l'état biologique global d'un lac s'applique aux milieux de petites dimensions (S <500 hect.), de profondeur maximale
supérieure à 10 m et d'altitude ne dépassant guère 1000 m. Toutefois, une extension de cette technique aux milieux profonds de grandes dimensions (lac Léman, Bourget, ...) d'une part et aux plans d'eau apparentés aux étangs d'autre part est envisageable.";;"Evaluer l'état biologique d'un lac sur la base de la présence-absence de mollusques en zone profonde, sublittorale te littorale";"Escargots et autres mollusques";"Locale (site)";;;;"";;;;;"Protocoles standardisés";"868acec1-4d89-40a4-9555-e2e4d8e59695";"false"
173;"Phytobenthos";"P173";;173;"Echantillonnage des communautés de phytobenthos en plans d'eau (Phytobenthos)";;"2013";;"false";"IRSTEA";"https://inpn.mnhn.fr/docs-web/docs/download/376166";"https://hydrobio-dce.irstea.fr/wp-content/uploads/2014/06/130218_V1_2_Echantillonnage_PhytoBenthos_PE_Irstea.pdf";"Présentation du protocole : https://hydrobio-dce.inrae.fr/plans-deau/phytobenthos/";"Ce document décrit une méthode d’échantillonnage des communautés de phytobenthos en plans d’eau douce. Cette méthode vise à fournir des données adaptées à l’évaluation de l’état écologique des plans d’eau dans le cadre de la mise en oeuvre de la Directive Cadre sur l'Eau. Elle est basée sur les communautés de diatomées benthiques et s’applique aux plans d’eau douce naturels ou d’origine anthropique faiblement marnants, c’est-à-dire dont l’amplitude maximale du marnage annuel est de l’ordre de 2 m. Cette méthode ne s’applique pas aux plans d’eau fortement marnants, les communautés de diatomées benthiques ne représentant, dans ces conditions hydrologiques particulières, que très partiellement l’état écologique global des plans d’eau.
Les diatomées benthiques, présentes sur les macrophytes (la base immergée des hélophytes) ou sur des supports inertes durs dans les plans d’eau, sont prélevées afin de produire des échantillons représentatifs du peuplement diatomique en place considéré comme un indicateur de la qualité de l’eau. 
Les données d'identification et de comptage obtenues obtenues par l’analyse microscopique de ces échantillons permettent de produire des indices de qualité d’eau basés sur les diatomées.";"Diatomées benthiques (algues brunes microscopiques)";"Evaluer l’état écologique des plans d’eau";"Autres";"Locale (site)";;;;"";;;;;"Protocoles standardisés";"f6ecce97-3f14-4111-a0d4-65650843ce94";"false"
174;;"P174";;174;"Qualité de l'eau - Prélèvement des macro-invertébrés aquatiques en rivières peu profondes";;;;"false";;;"https://www.boutique.afnor.org/norme/nf-t90-333/qualite-de-l-eau-prelevement-des-macro-invertebres-aquatiques-en-rivieres-peu-profondes/article/857631/fa182111";"https://www.boutique.afnor.org/fr-fr/norme/xp-t90337/qualite-de-leau-prelevements-des-macroinvertebres-aquatiques-en-rivieres-pr/fa192240/1791";"Le présent document présente un protocole de prélèvement des macro-invertébrés dans les cours d’eau peu profonds, dont la totalité des substrats devant être échantillonnée dans le lit mouillé peut l’être à pied ou au moyen d’embarcations, avec des appareils à main de type filet Surber ou haveneau. Le principe est de réaliser 12 échantillons élémentaires, répartis dans trois groupes (appelés phases) de substrats dominants ou marginaux. Développé pour un usage en France métropolitaine, le protocole est applicable également sur tout territoire présentant les mêmes types de cours d'eau.";;;"Multi-groupes";"Locale (site)";;;;"";;;"NF T90-333";;"Protocoles standardisés";"54d6a914-4e03-4350-b60b-9aadf668ea6c";"false"
175;;"P175";;175;"Protocole de suivi stationnel des macro-invertébrés benthiques de substrats meubles subtidaux et intertidaux - Façades Manche et Atlantique";;"2014";;"false";"Ifremer & MNHN";"https://inpn.mnhn.fr/docs-web/docs/download/376209";"https://www.aquaref.fr/system/files/Aquaref_2014_B2.1_Ifremer_Protocole_MIB_SM_DCE_Manche_Atlantique_VF.pdf";;"Pour répondre à la Directive Cadre sur l’Eau (DCE), la France a choisi de retenir le ""Multivariate AZTI Marine Biotic Index"" (M-AMBI) comme indice permettant de qualifier l’état écologique des masses d’eau au travers du paramètre Macro-Invertébrés Benthiques (MIB) de substrats meubles sur les façades Manche et Atlantique. L’objectif de ce document est de proposer un protocole standardisé applicable par tous les opérateurs DCE en Manche et en Atlantique, s’inscrivant dans la logique d’un développement conjoint des deux directives DCE et DCSMM (Directive Cadre Stratégie Milieu Marin). Ce protocole inclut les phases de planification de la surveillance, les méthodologies de prélèvement et d’analyse des échantillons, ainsi que la bancarisation pérenne des données.";"Macro-invertébrés benthiques";"Evaluater l’état écologique d’une sélection de Masses d’Eau Côtières (MEC) et de Transition (MET) sur la base du suivi du paramètre MacroInvertébrés Benthiques (MIB) sur les zones intertidales et subtidales";"Multi-groupes";"Locale (site)";;;;"";;;;;"Protocoles standardisés";"cd652a20-807e-49a6-b857-451f5222ce16";"false"
176;"Protocoles de suivi stationnel des herbiers à zostères pour la DCE";"P176";;176;"Protocoles de suivi stationnel des herbiers à zostères pour la Directive Cadre sur l’Eau (DCE) Zostera marina - Zostera noltei";;"2018";"3";"false";"Ifremer";"https://inpn.mnhn.fr/docs-web/docs/download/356489";"https://archimer.ifremer.fr/doc/00471/58250/";"Page de présentation des herbiers à Zostères : https://wwz.ifremer.fr/Recherche/Departements-scientifiques/Focus/Suivi-des-herbiers";"Le protocole français utilisé depuis 2007 pour le suivi stationnel des herbiers intertidaux de Zostera noltei est basé sur plusieurs métriques dont trois ont été retenues pour la proposition d’un indicateur de qualité DCE « Angiospermes » des herbiers de zostères. Ces trois métriques sont 1) la composition taxinomique, 2) l’extension spatiale de l’herbier et 3) le développement de l’herbier en termes non exclusifs de densité, biomasse et taux de recouvrement des herbiers.
Ce rapport constitue une mise à jour des précédents protocoles DCE de surveillance des herbiers de zostères sur les côtes françaises de Manche-Atlantique. Il décrit les différentes étapes d'échantillonnage sur le terrain et les mesures au laboratoire. Il décrit le protocole à appliquer pour chacune des deux espèces de zostères.";"Zostères (Zostera marina, Zostera noltei), macroalgues, algues épiphytes";;"Habitats";"Locale (site)";;;;"";;;;;"Protocoles standardisés";"45714aaa-1a27-4d88-ad1e-ee7f72e427f3";"false"
177;"Etat de conservation UE 3140 Natura 2000";"P177";;177;"Etat de conservation des ""Eaux oligo-mésotrophes calcaires avec végétation benthique à Chara spp."" (UE 3140). Guide d'évaluation à l'échelle des sites Natura 2000";;"2019";;"false";"UMS Patrimoine naturel";"https://inpn.mnhn.fr/docs-web/docs/download/259469";"https://inpn.mnhn.fr/docs-web/docs/download/259469";"Page de présentation des méthodologies d'évaluation de l'état de conservation des habitats d'intérêt communautaire : https://www.patrinat.fr/fr/methodologies-devaluation-de-letat-de-conservation-des-habitats-6072";"Ce document présente une méthodologie permettant d’évaluer l’état de conservation des habitats des eaux dormantes d'intérêt communautaire (relevant de la Directive européenne Habitats-Faune-Flore) à l’échelle des sites Natura 2000 sur la base d'indicateurs. Il propose une méthodologie pour décrire l'état de référence et une grille d'indicateurs pour l'évaluation de l'état de conservation de l’habitat « Eaux oligo-mésotrophes calcaires avec végétation benthique à Chara spp. » (UE 3140).";;;"Habitats";"Locale (site)";;;;"";;;;;"Protocoles standardisés";"78032e9d-690d-4595-835d-7ac8a1513ffa";"false"
178;"Etat de conservation UE 3110 Natura 2000";"P178";;178;"État de conservation des ""Eaux oligotrophes très peu minéralisées des plaines sablonneuses"" (UE 3110). Guide d'évaluation à l'échelle des sites Natura 2000";;"2019";;"false";"UMS Patrimoine naturel";"https://inpn.mnhn.fr/docs-web/docs/download/259469";"https://inpn.mnhn.fr/docs-web/docs/download/259469";"Page de présentation des méthodologies d'évaluation de l'état de conservation des habitats d'intérêt communautaire : https://www.patrinat.fr/fr/methodologies-devaluation-de-letat-de-conservation-des-habitats-6072";"Ce document présente une méthodologie permettant d’évaluer l’état de conservation des habitats des eaux dormantes d'intérêt communautaire (relevant de la Directive européenne Habitats-Faune-Flore) à l’échelle des sites Natura 2000 sur la base d'indicateurs. Il propose une méthodologie pour décrire l'état de référence et une grille d'indicateurs pour l'évaluation de l'état de conservation de l’habitat « Eaux oligotrophes très peu minéralisées des plaines sablonneuses » (UE 3110).";;;"Habitats";"Locale (site)";;;;"";;;;;"Protocoles standardisés";"ae39807e-6a09-4526-ab25-76e9ef4200dc";"false"
179;"Etat de conservation UE 3120 Natura 2000";"P179";;179;"État de conservation des ""Eaux oligotrophes très peu minéralisées sur sols généralement sableux de l'ouest méditerranéen à Isoetes spp."" (UE 3120). Guide d'évaluation à l'échelle des sites Natura 2000";;"2019";;"false";"UMS Patrimoine naturel";"https://inpn.mnhn.fr/docs-web/docs/download/259469";"https://inpn.mnhn.fr/docs-web/docs/download/259469";"Page de présentation des méthodologies d'évaluation de l'état de conservation des habitats d'intérêt communautaire : https://www.patrinat.fr/fr/methodologies-devaluation-de-letat-de-conservation-des-habitats-6072";"Ce document présente une méthodologie permettant d’évaluer l’état de conservation des habitats des eaux dormantes d'intérêt communautaire (relevant de la Directive européenne Habitats-Faune-Flore) à l’échelle des sites Natura 2000 sur la base d'indicateurs. Il propose une méthodologie pour décrire l'état de référence et une grille d'indicateurs pour l'évaluation de l'état de conservation de l’habitat « Eaux oligotrophes très peu minéralisées sur sols généralement sableux de l'ouest méditerranéen à Isoetes spp. » (UE 3120).";;;"Habitats";"Locale (site)";;;;"";;;;;"Protocoles standardisés";"87cb88ed-79e4-463f-87c4-ed18fa753747";"false"
180;"Etat de conservation UE 3130 Natura 2000";"P180";;180;"État de conservation des ""Eaux stagnantes, oligotrophes à mésotrophes avec végétation des Littorelletea uniflorae et/ou des Isoeto-Nanojuncetea"" (UE 3130). Guide d'évaluation à l'échelle des sites Natura 2000";;"2019";;"false";"UMS Patrimoine naturel";"https://inpn.mnhn.fr/docs-web/docs/download/259469";"https://inpn.mnhn.fr/docs-web/docs/download/259469";"Page de présentation des méthodologies d'évaluation de l'état de conservation des habitats d'intérêt communautaire : https://www.patrinat.fr/fr/methodologies-devaluation-de-letat-de-conservation-des-habitats-6072";"Ce document présente une méthodologie permettant d’évaluer l’état de conservation des habitats des eaux dormantes d'intérêt communautaire (relevant de la Directive européenne Habitats-Faune-Flore) à l’échelle des sites Natura 2000 sur la base d'indicateurs. Il propose une méthodologie pour décrire l'état de référence et une grille d'indicateurs pour l'évaluation de l'état de conservation de l’habitat « Eaux stagnantes, oligotrophes à mésotrophes avec végétation des Littorelletea uniflorae et/ou des Isoeto-Nanojuncetea » (UE 3130).";;;"Habitats";"Locale (site)";;;;"";;;;;"Protocoles standardisés";"edeb1387-6dfb-456a-8891-559bd977e203";"false"
181;"Etat de conservation UE 3160 Natura 2000";"P181";;181;"État de conservation des ""Lacs et mares dystrophes naturels"" (UE 3160). Guide d'évaluation à l'échelle des sites Natura 2000";;"2019";;"false";"UMS Patrimoine naturel";"https://inpn.mnhn.fr/docs-web/docs/download/259469";"https://inpn.mnhn.fr/docs-web/docs/download/259469";"Page de présentation des méthodologies d'évaluation de l'état de conservation des habitats d'intérêt communautaire : https://www.patrinat.fr/fr/methodologies-devaluation-de-letat-de-conservation-des-habitats-6072";"Ce document présente une méthodologie permettant d’évaluer l’état de conservation des habitats des eaux dormantes d'intérêt communautaire (relevant de la Directive européenne Habitats-Faune-Flore) à l’échelle des sites Natura 2000 sur la base d'indicateurs. Il propose une méthodologie pour décrire l'état de référence et une grille d'indicateurs pour l'évaluation de l'état de conservation de l’habitat « Lacs et mares dystrophes naturels » (UE 3160).";"Habitat, invertébrés aquatiques (odonates, branchiopodes, copépodes)";;"Habitats";"Locale (site)";;;;"";;;;;"Protocoles standardisés";"1782841f-d49b-483b-b73a-15c5bf7d3b68";"false"
182;"Etat de conservation UE 3150 Natura 2000";"P182";;182;"État de conservation des ""Lacs eutrophes naturels avec végétation du Magnopotamion ou de l'Hydrocharition"" (UE 3150). Guide d'évaluation à l'échelle des sites Natura 2000";;"2019";;"false";"UMS Patrimoine naturel";"https://inpn.mnhn.fr/docs-web/docs/download/259469";"https://inpn.mnhn.fr/docs-web/docs/download/259469";"Page de présentation des méthodologies d'évaluation de l'état de conservation des habitats d'intérêt communautaire : https://www.patrinat.fr/fr/methodologies-devaluation-de-letat-de-conservation-des-habitats-6072";"Ce document présente une méthodologie permettant d’évaluer l’état de conservation des habitats des eaux dormantes d'intérêt communautaire (relevant de la Directive européenne Habitats-Faune-Flore) à l’échelle des sites Natura 2000 sur la base d'indicateurs. Il propose une méthodologie pour décrire l'état de référence et une grille d'indicateurs pour l'évaluation de l'état de conservation de l’habitat « Lacs eutrophes naturels avec végétation du Magnopotamion ou de l'Hydrocharition » (UE 3150).";;;"Habitats";"Locale (site)";;;;"";;;;;"Protocoles standardisés";"b0b96161-8230-487d-8a2c-0797bbd91c38";"false"
183;"Etat de conservation UE 1150* Natura 2000";"P183";;183;"État de conservation des ""Lagunes côtières"" d'intérêt communautaire (UE 1150*). Guide d'évaluation à l'échelle des sites Natura 2000 (Version 2)";;"2018";"2";"false";"UMS Patrimoine naturel";"https://inpn.mnhn.fr/docs-web/docs/download/270630";"https://inpn.mnhn.fr/docs/N2000_EC/Eval_EC_1150_lagunes_cotieres_V2.zip";"Page de présentation des méthodologies d'évaluation de l'état de conservation des habitats d'intérêt communautaire : https://www.patrinat.fr/fr/methodologies-devaluation-de-letat-de-conservation-des-habitats-6072";"Ce document présente une méthodologie d'évaluation de l’état de conservation de l’habitat d'intérêt communautaire  (relevant de la Directive européenne Habitats-Faune-Flore) générique « Lagunes côtières » à l’échelle du site. L’analyse des résultats de cette évaluation est une aide à la gestion. L’évaluation de l’état de conservation de l’habitat est structurée en l’évaluation de trois grands paramètres : la structure et le fonctionnement de l’habitat, les altérations qu’il subit, et les évolutions de sa surface au sein du site. Ces paramètres sont eux-mêmes composés de critères auxquels sont associés un ou plusieurs indicateurs obtenus à partir de données relevées sur le terrain.";;;"Habitats";"Locale (site)";;;;"";;;;;"Protocoles standardisés";"d1320417-7146-49bb-af97-1b128cf903ea";"false"
184;"Etat de conservation UE 3170* Natura 2000";"P184";;184;"État de conservation des ""Mares temporaires méditerranéennes"" (UE 3170*). Guide d'évaluation à l'échelle des sites Natura 2000";;"2019";;"false";"UMS Patrimoine naturel";"https://inpn.mnhn.fr/docs-web/docs/download/259469";"https://inpn.mnhn.fr/docs-web/docs/download/259469";"Page de présentation des méthodologies d'évaluation de l'état de conservation des habitats d'intérêt communautaire : https://www.patrinat.fr/fr/methodologies-devaluation-de-letat-de-conservation-des-habitats-6072";"Ce document présente une méthodologie permettant d’évaluer l’état de conservation des habitats des eaux dormantes d'intérêt communautaire (relevant de la Directive européenne Habitats-Faune-Flore) à l’échelle des sites Natura 2000 sur la base d'indicateurs. Il propose une méthodologie pour décrire l'état de référence et une grille d'indicateurs pour l'évaluation de l'état de conservation de l’habitat « Mares temporaires méditerranéennes » (UE 3170*).";"Habitat, invertébrés aquatiques (odonates, branchiopodes, copépodes)";;"Habitats";"Locale (site)";;;;"";;;;;"Protocoles standardisés";"8fb487a3-73fe-4c63-9ddf-59c731b18d26";"false"
185;"Etat de conservation dunes non boisées littoral atlantique Natura 2000";"P185";;185;"État de conservation des habitats d'intérêt communautaire des dunes non boisées du littoral atlantique - Méthode d'évaluation à l'échelle du site Natura 2000 (Version 1)";;"2011";"1";"false";"UMS Patrimoine naturel";"https://inpn.mnhn.fr/docs-web/docs/download/247169";"http://spn.mnhn.fr/spn_rapports/archivage_rapports/2011/SPN%202011%20-%2018%20-%20Rapport_Goffe_2011_18.pdf";"Page de présentation des méthodologies d'évaluation de l'état de conservation des habitats d'intérêt communautaire : https://www.patrinat.fr/fr/methodologies-devaluation-de-letat-de-conservation-des-habitats-6072";"Ce document propose un cadre méthodologique commun pour l'évaluation de l'état de conservation des habitats d'intérêt communautaire (relevant de la Directive européenne Habitats-Faune-Flore) des dunes non boisées du littoral atlantique. La méthode présentée dans ce document est une première version, des évolutions pourront être envisagées suite à des tests de terrain à plus grande échelle et dans d’autres contextes.
L’évaluation de l’état de conservation des habitats au niveau d’un site Natura 2000 revêt deux intérêts principaux :
- le premier concerne la gestion d’un site. Ce cadre méthodologique devra être utilisé comme un outil de référence par les opérateurs, les résultats obtenus après analyses aideront à orienter des actions de gestion pour agir en faveur d’un bon état de conservation. En effet, il s’agit de disposer d’un cadre factuel pour diagnostiquer l’état des composantes d’un site
Natura 2000 et connaître son évolution.
- Le second concerne la mise à disposition des données récoltées à l’échelle des sites afin de contribuer à l’évaluation périodique nationale des habitats par zone biogéographique, prévue par l’article 17 de la DHFF.
Situées à l’interface entre le milieu maritime et le milieu forestier, les dunes littorales sont des
milieux dynamiques, et présentent une richesse floristique exceptionnelle. Ils constituent un écosystème original et fragile, pouvant être profondément bouleversé par une pression anthropique croissante. Il est donc important et nécessaire d’engager des réflexions méthodologiques pour les habitats des systèmes dunaires en France.";"Habitats, coléoptères";;"Habitats";"Locale (site)";;;;"";;;;;"Protocoles standardisés";"b83c9b92-e22a-46a5-bd4c-1f758373606c";"false"
186;"Etat de conservation habitats forestiers Natura 2000";"P186";;186;"État de conservation des habitats forestiers d'intérêt communautaire - Évaluation à l'échelle du site Natura 2000 - Guide d'application (Version 2)";;"2016";"2";"false";"SPN-MNHN";"https://inpn.mnhn.fr/docs/N2000_EC/Eval_EC_habitats_forestiers_version2_MNHN-SPN_2016.zip";"https://inpn.mnhn.fr/docs/N2000_EC/Eval_EC_habitats_forestiers_version2_MNHN-SPN_2016.zip";"Page de présentation des méthodologies d'évaluation de l'état de conservation des habitats d'intérêt communautaire : https://www.patrinat.fr/fr/methodologies-devaluation-de-letat-de-conservation-des-habitats-6072";"Ce document est un guide d’application présentant le volet pratique et le choix des indicateurs retenus dans la cadre de 
l’évaluation de l’état de conservation des habitats forestiers d'intérêt communautaire (relevant de la Directive européenne Habitats-Faune-Flore). Il décrit les étapes nécessaires à la mise en place d’une évaluation de l’état de conservation : la phase préparatoire (inventaire des moyens et des données disponibles, cartographie des habitats, stratégie d’échantillonnage), la réalisation de la phase de terrain, et enfin l’analyse des données, et le commentaire et la valorisation de l’évaluation.";;;"Habitats";"Locale (site)";;;;"";;;;;"Protocoles standardisés";"478e033d-57bf-49dd-9a65-93ab0a937b6c";"false"
187;"Etat de conservation UE 6430 Natura 2000";"P187";;187;"Évaluation de l'état de conservation des habitats agropastoraux - Guide d'application pour l'évaluation des mégaphorbiaies riveraines (UE 6430 - sous-type A)";;"2015";"3";"false";"SPN-MNHN";"https://inpn.mnhn.fr/docs-web/docs/download/141210";"https://inpn.mnhn.fr/docs/N2000_EC/Eval_EC_habitats_agropastoraux_version3_MNHN-SPN_2015.zip";"Page de présentation des méthodologies d'évaluation de l'état de conservation des habitats d'intérêt communautaire : https://www.patrinat.fr/fr/methodologies-devaluation-de-letat-de-conservation-des-habitats-6072";"Ce document présente une méthodologie permettant d’évaluer l’état de conservation des habitats agropastoraux d'intérêt communautaire (relevant de la Directive européenne Habitats-Faune-Flore) à l’échelle des sites Natura 2000 sur la base d'indicateurs. Il propose une méthodologie pour décrire l'état de référence et une grille d'indicateurs pour l'évaluation de l'état de conservation de l’habitat « mégaphorbiaies riveraines » (UE 6430 - sous-type A).";"Habitat, Lépidoptères Rhopalocères";;"Habitats";"Locale (site)";;;;"";;;;;"Protocoles standardisés";"abaaa578-d53a-46f1-abbb-bd2079c5736a";"false"
188;"Etat de conservation UE 6210 Natura 2000";"P188";;188;"Évaluation de l'état de conservation des habitats agropastoraux - Guide d'application pour l'évaluation des pelouses calcicoles (UE 6210)";;"2015";"3";"false";"SPN-MNHN";"https://inpn.mnhn.fr/docs-web/docs/download/141210";"https://inpn.mnhn.fr/docs/N2000_EC/Eval_EC_habitats_agropastoraux_version3_MNHN-SPN_2015.zip";"Page de présentation des méthodologies d'évaluation de l'état de conservation des habitats d'intérêt communautaire : https://www.patrinat.fr/fr/methodologies-devaluation-de-letat-de-conservation-des-habitats-6072";"Ce document présente une méthodologie permettant d’évaluer l’état de conservation des habitats agropastoraux d'intérêt communautaire (relevant de la Directive européenne Habitats-Faune-Flore) à l’échelle des sites Natura 2000 sur la base d'indicateurs. Il propose une méthodologie pour décrire l'état de référence et une grille d'indicateurs pour l'évaluation de l'état de conservation de l’habitat « pelouses calcicoles » (UE 6210).
Pour l'inventaire des papillons (inventaire ""couleur"" et ""espèces"") constituant l'un des indicateurs de l'état de conservation de l'habitat, il est réalisé par observation directe sur transect ou alors en se reportant aux protocoles du Chronoventaire, de STERF ou du réseau de Réserves Naturelles de France référencés respectivement aux n°147, 100 et 22 de ce catalogue. Pour l'indicateur s'intéressant aux coléoptères coprophages, des pièges à fosse sont utilisés (piège de chute à excréments (type CSR)).";"Habitat, Lépidoptères Rhopalocères, Coprophages";;"Habitats";"Locale (site)";;;;"";;;;;"Protocoles standardisés";"ffe9faa9-ecc5-4f2e-a4df-a7269f7d1da0";"false"
189;"Etat de conservation UE 6410 Natura 2000";"P189";;189;"Évaluation de l'état de conservation des habitats agropastoraux - Guide d'application pour l'évaluation des prairies à molinie (UE 6410)";;"2015";"3";"false";"SPN-MNHN";"https://inpn.mnhn.fr/docs-web/docs/download/141210";"https://inpn.mnhn.fr/docs/N2000_EC/Eval_EC_habitats_agropastoraux_version3_MNHN-SPN_2015.zip";"Page de présentation des méthodologies d'évaluation de l'état de conservation des habitats d'intérêt communautaire : https://www.patrinat.fr/fr/methodologies-devaluation-de-letat-de-conservation-des-habitats-6072";"Ce document présente une méthodologie permettant d’évaluer l’état de conservation des habitats agropastoraux d'intérêt communautaire (relevant de la Directive européenne Habitats-Faune-Flore) à l’échelle des sites Natura 2000 sur la base d'indicateurs. Il propose une méthodologie pour décrire l'état de référence et une grille d'indicateurs pour l'évaluation de l'état de conservation de l’habitat « prairies à molinie » (UE 6410).";"Habitats, Lépidoptères diurnes";;"Habitats";"Locale (site)";;;;"";;;;;"Protocoles standardisés";"c21d3806-3f74-448e-9199-4735e206b413";"false"
190;"Etat de conservation UE 6510 et 6520 Natura 2000";"P190";;190;"Évaluation de l'état de conservation des habitats agropastoraux - Guide d'application pour l'évaluation des prairies de fauche (UE 6510 et 6520)";;"2015";"3";"false";"SPN-MNHN";"https://inpn.mnhn.fr/docs-web/docs/download/141210";"https://inpn.mnhn.fr/docs/N2000_EC/Eval_EC_habitats_agropastoraux_version3_MNHN-SPN_2015.zip";"Page de présentation des méthodologies d'évaluation de l'état de conservation des habitats d'intérêt communautaire : https://www.patrinat.fr/fr/methodologies-devaluation-de-letat-de-conservation-des-habitats-6072";"Ce document présente une méthodologie permettant d’évaluer l’état de conservation des habitats agropastoraux d'intérêt communautaire (relevant de la Directive européenne Habitats-Faune-Flore) à l’échelle des sites Natura 2000 sur la base d'indicateurs. Il propose une méthodologie pour décrire l'état de référence et une grille d'indicateurs pour l'évaluation de l'état de conservation de l’habitat « prairies de fauche » (UE 6510 et 6520).
Pour l'inventaire des papillons (inventaire ""couleur"" et ""espèces"") constituant l'un des indicateurs de l'état de conservation de l'habitat, il est réalisé par observation directe sur transect ou alors en se reportant aux protocoles du Chronoventaire, de STERF ou du réseau de Réserves Naturelles de France référencés respectivement aux n°147, 100 et 22 de ce catalogue. Pour l'indicateur s'intéressant aux coléoptères coprophages, des pièges à fosse sont utilisés (piège de chute à excréments (type CSR)).";"Habitats, Lépidoptères diurnes, Coprophages";;"Habitats";"Locale (site)";;;;"";;;;;"Protocoles standardisés";"6176f1ef-6187-4896-bb86-42d058d955bf";"false"
191;"Etat de conservation habitats marins Natura 2000";"P191";;191;"Évaluation de l'état de conservation des habitats naturels marins à l'échelle d'un site Natura 2000 - Guide méthodologique (Version 1)";;"2011";"1";"false";"SPN-MNHN";"https://inpn.mnhn.fr/docs-web/docs/download/247172";"https://inpn.mnhn.fr/docs/N2000_EC/Rapport_EC_habmar_V1final2.zip";"Page de présentation des méthodologies d'évaluation de l'état de conservation des habitats d'intérêt communautaire : https://www.patrinat.fr/fr/methodologies-devaluation-de-letat-de-conservation-des-habitats-6072";"Ce rapport correspond à une première version du Guide méthodologique pour évaluer l’état de conservation des habitats naturels marins d'intérêt communautaire (relevant de la Directive européenne Habitats-Faune-Flore) au niveau local (site Natura 2000). Cette première version est plus particulièrement à l’attention des bureaux d’études (BET) qui font le travail de cartographie des habitats et l’évaluation de l’état de ces habitats dans les sites dans le cadre du marché de l’Agence des Aires Marines Protégées. Elle sera également diffusée aux services de l’Etat. Les tableaux de synthèse des descripteurs permettant d’évaluer l’état de conservation sont fournis dans une version évolutive selon les différentes corrections des
scientifiques et selon l’avancée des connaissances.";"Habitat, faune marine (épifaune sessile : cnidaires, polychètes tubicoles, grands bivalves, etc. ; crustacés décapodes, etc.)";;"Habitats";"Locale (site)";;;;"";;;;;"Protocoles standardisés";"74c6e06a-e135-48a8-9e8b-4614f56e033b";"false"
192;"Etat de conservation UE 1130 Natura 2000";"P192";;192;"Méthode d'évaluation de l'état de conservation de l'habitat d'intérêt  communautaire ""Estuaires"" (UE 1130) de la façade Manche/Atlantique";;"2015";;"false";"UMS Patrimoine naturel";"https://inpn.mnhn.fr/docs-web/docs/download/247361";"https://inpn.mnhn.fr/docs/N2000_EC/SPN-2015-67-Phase_preliminaire_N2000_Estuaires_1130.pdf";"Page de présentation des méthodologies d'évaluation de l'état de conservation des habitats d'intérêt communautaire : https://www.patrinat.fr/fr/methodologies-devaluation-de-letat-de-conservation-des-habitats-6072";"Ce document présente une méthodologie permettant d’évaluer l’état de conservation des habitats « Estuaires » (UE 1130) d'intérêt communautaire (relevant de la Directive européenne Habitats-Faune-Flore) à l’échelle des sites Natura 2000 sur la base d'indicateurs. Le but de cette étude préliminaire est de contribuer à la réflexion pour la future mise en place d’une
méthode d’évaluation de l’état de conservation des estuaires de la façade Manche/Atlantique. Actuellement en phase préliminaire, les objectifs sont de repréciser une typologie des estuaires par rapport à celles déjà existantes, d’apporter une réflexion sur l’évaluation de l’état de conservation d’un complexe d’habitats, puis de rechercher les indicateurs développés dans le cadre de la Directive Cadre sur l’Eau (DCE) et d’autres sources susceptibles d’être utiles pour notre démarche, dans le contexte de la DHFF.";"Habitat, flore (phytoplancton, macrophytes), poissons, faune invertébrée benthique, bivalves, annélides polychètes, amphipodes";;"Habitats";"Locale (site)";;;;"";;;;;"Protocoles standardisés";"64c26ed7-f6b8-4b9c-b4f4-89352965faaa";"false"
193;"Etat de conservation habitats humides et aquatiques Natura 2000";"P193";;193;"État de conservation des habitats humides et aquatiques d'intérêt communautaire. Méthode d'évaluation à l'échelle du site Natura 2000 - Guide d'application (Version 1)";;"2013";"1";"false";"SPN-MNHN";"https://inpn.mnhn.fr/docs-web/docs/download/247258";"https://inpn.mnhn.fr/docs/N2000_EC/SPN-2013-13-Etat_de_conservation_des_habitats_humides_et_aquatiques_d_interet_communautaire_Methode_d_evaluation_a_lechelle_du_site_Natura_2000_Guide_d_application_V1.pdf";"Page de présentation des méthodologies d'évaluation de l'état de conservation des habitats d'intérêt communautaire : https://www.patrinat.fr/fr/methodologies-devaluation-de-letat-de-conservation-des-habitats-6072";"Ce document présente une méthodologie permettant d’évaluer l’état de conservation des habitats humides et aquatiques d'intérêt communautaire (relevant de la Directive européenne Habitats-Faune-Flore) à l’échelle des sites Natura 2000 sur la base d'indicateurs. Un rapport d’étude détaillé (Viry, 2013) présente l’état de la réflexion et la démarche qui ont amené à l’élaboration de la méthode. La méthode d’évaluation de l’état de conservation résultant de cette étude est envisagée comme un outil évolutif à l’usage des gestionnaires, non pas comme une méthode fixe.
Ce document constitue un guide d’application pratique en complément du rapport d’étude (Viry, 2013) afin d’accompagner la mise en pratique de la méthode sur le terrain par les gestionnaires";"Habitats, flore, Oiseaux, Odonates, Orthoptères, Reptiles/amphibiens";;"Habitats";"Locale (site)";;;;"";;;;;"Protocoles standardisés";"097824ea-6b36-4ed7-a9d8-22b76ddf43c5";"false"
194;"Etat de conservation habitats tourbeux Natura 2000";"P194";;194;"État de conservation des habitats tourbeux d'intérêt communautaire - Méthode d’évaluation à l’échelle du site Natura 2000";;"2015";;"false";"SPN-MNHN";"https://inpn.mnhn.fr/docs-web/docs/download/247331";"https://inpn.mnhn.fr/docs/N2000_EC/SPN-2015-57-Methodologie_d_evaluation_E_C_tourbieres.pdf";"Page de présentation des méthodologies d'évaluation de l'état de conservation des habitats d'intérêt communautaire : https://www.patrinat.fr/fr/methodologies-devaluation-de-letat-de-conservation-des-habitats-6072";"Ce document présente une méthodologie permettant d’évaluer l’état de conservation des habitats tourbeux d'intérêt communautaire (relevant de la Directive européenne Habitats-Faune-Flore) à l’échelle des sites Natura 2000 sur la base d'indicateurs. Il propose une méthodologie pour décrire l'état de référence et une grille d'indicateurs pour l'évaluation de l'état de conservation des tourbières acides à sphaignes, un ensemble de cinq habitats d’intérêt communautaire qui comprend les tourbières hautes actives (code UE : 7110*), les tourbières hautes dégradées encore susceptibles de régénération naturelle (code UE : 7120), les tourbières de couverture (code UE : 7130), les tourbières de transition et tremblantes (code UE : 7140) et les dépressions sur substrats tourbeux du Rhynchosporion (code UE : 7150).";"Habitats, flore, Arachnides, Odonates, Lépidoptères, Diptères, Orthoptères";;"Habitats";"Locale (site)";;;;"";;;;;"Protocoles standardisés";"b78cde80-3923-4566-aad0-f8712af58f9a";"false"
195;"Etat de conservation UE 4010 et UE 4020* Natura 2000";"P195";;195;"État de conservation des « Landes humides atlantiques septentrionales à Erica tetralix » (UE 4010) et des « Landes humides atlantiques tempérées à Erica ciliaris et Erica tetralix » (UE 4020*) - Guide d’évaluation à l’échelle des sites Natura 2000";;"2020";;"false";"UMS Patrimoine naturel";"https://inpn.mnhn.fr/docs-web/docs/download/321270";"https://inpn.mnhn.fr/docs-web/docs/download/321270";"Page de présentation des méthodologies d'évaluation de l'état de conservation des habitats d'intérêt communautaire : https://www.patrinat.fr/fr/methodologies-devaluation-de-letat-de-conservation-des-habitats-6072";"Ce document présente une méthodologie permettant d’évaluer l’état de conservation des habitats de landes humides d'intérêt communautaire (relevant de la Directive européenne Habitats-Faune-Flore) à l’échelle des sites Natura 2000 sur la base d'indicateurs. Il propose une méthodologie pour décrire l'état de référence et une grille d'indicateurs pour l'évaluation de l'état de conservation des  « Landes humides atlantiques septentrionales à Erica tetralix » (UE 4010) et des « Landes humides atlantiques tempérées à Erica ciliaris et Erica tetralix » (UE 4020*).";;;"Habitats";"Locale (site)";;;;"";;;;;"Protocoles standardisés";"b5774a0d-fc3d-4a2e-8fb1-7ff708019652";"false"
196;"Etat de conservation UE 7210* Natura 2000";"P196";;196;"Évaluation de l'état de conservation des bas-marais calcaires d'intérêt communautaire. Cahiers d'évaluation à l'échelle des sites Natura 2000 (Version 2)";;"2021";"2";"false";"UMS Patrimoine naturel";"https://inpn.mnhn.fr/docs-web/docs/download/363529";"https://inpn.mnhn.fr/docs-web/docs/download/363529";;"Ce document présente une méthodologie permettant d’évaluer l’état de conservation des bas-marais calcaires d'intérêt communautaire (relevant de la Directive européenne Habitats-Faune-Flore) à l’échelle des sites Natura 2000 sur la base d'indicateurs. Il propose une méthodologie pour décrire l'état de référence et une grille d'indicateurs pour l'évaluation de l'état de conservation de l’habitat « Marais calcaires à Cladium mariscus et espèces du Caricion davallianae » (UE 7210*).";;;"Habitats";"Locale (site)";;;;"";;;;;"Protocoles standardisés";"a3afa643-770d-4d90-938e-9be8f95bd265";"false"
197;"Lichens Go (2020)";"P197";;197;"Lichens Go (version 2020)";;"2020";;"false";"Programme PartiCitae (Participation Citadine à l’observation de l’Environnement) : Sorbonne Université";"https://inpn.mnhn.fr/docs-web/docs/download/374431";"http://www.particitae.upmc.fr/fr/suivez-les-lichens/protocole-lichens-go.html";"Le lien vers le livret complet avec le protocole détaillé : www.particitae.upmc.fr/_resources/doc/livret-lichens-2020-10-complet.pdf?download=true";"Ce protocole permet d'évaluer la qualité de l’air par l'observation des lichens qui indiquent un niveau de pollution cumulé sur plusieurs années";"Lichens poussant sur les arbres en milieu urbain";"Suivi des lichens sur les arbres en ville, évaluation de la qualité de l'air";"Champignons et lichens";"Nationale";"Fiche de relevés disponibles ici : www.particitae.upmc.fr/_resources/doc/Fiche-terrain_Lichens-Go.pdf?download=true ; interface de saisie de Lichens GO! :  http://www.particitae.upmc.fr/fr/suivez-les-lichens/saisie-de-donnees-lichens-go.html";"Espèce et circonférence des arbres concernés par le relevé, liste des espèces de lichens ; livret de reconnaissance proposé ici : www.particitae.upmc.fr/_resources/doc/livret-lichens-2020-10-complet.pdf?download=true";"Face du tronc orienté vers l'éventuel bâtiment (Nord, sud, etc.)";"";;;;;"Protocoles standardisés";"bc8bbbfd-92fc-4445-9f81-6cde64e56442";"false"
198;;"P198";;198;"A la recherche de primevères officinales";;"2021";;"false";"Université de Tartu (Suède)";"https://inpn.mnhn.fr/docs-web/docs/download/387966";"https://media.voog.com/0000/0045/2035/files/Instructions_FR.pdf";"Page de présentation du protocole : https://www.nurmenukk.ee/faire-une-observation";"En étudiant la primevère officinale en tant que plante caractéristique des prairies, l'objectif est d'obtenir des connaissances non seulement sur cette espèce, mais également d'améliorer la compréhension du statut d'autres espèces similaires. Les informations collectées sur la primevère officinale aident à donner un aperçu de la bonne santé de la primevère officinale mais également des autres plantes prairiales. À l'aide de ces connaissances, on peut évaluer l'influence du changement du paysage sur certains aspects importants de la biodiversité. En particulier, les primevères officinales peuvent indiquer si les biotopes qu'elles habitent se portent bien ou se sont détériorés.
Ce protocole propose de rechercher cette espèce de façon protocolée en recherchant une zone où les fleurs sont nombreuses (observation d'environ 30 minutes, idéalement d'une centaine de plantes) et de noter si les fleurs sont de morphe ""S"" ou ""L"".";"Primevère officinale (Primula veris)";"Améliorer les connaissances sur la Primevère officinale et les plantes prairiales, les effets du réchauffement climatique et l'état de santé des milieux prairiaux";"Plantes, mousses et fougères";"Internationale";"Formulaire papier ou en ligne : https://www.nurmenukk.ee/observation-1";;;"";;;;;"Enquêtes (ponctuelles ou continues)";"404a4d65-ce4b-41ed-b2ea-49ecb0e29e21";"false"
199;"POPReptile 1 Inventaires simples (2020)";"P199";;199;"POPReptile 1 Inventaires simples (version 2020)";;"2020";;"false";"SHF, RNF, ONF, UNCPIE, UMR CEFE, UMR CEBC";"https://inpn.mnhn.fr/docs-web/docs/download/376870";"lashf.org/wp-content/uploads/2019/10/POP_Protocole_POPReptile1.pdf";"Lien vers le site de présentation du programme POPReptile : http://lashf.org/popreptile/";"L’objectif principal de la mise en oeuvre de ce protocole est de connaître la tendance (accroissement, diminution, stabilité) des populations des Reptiles à l’échelle nationale, et de tester une série d’hypothèses pour expliquer les tendances observées, tout en facilitant la mise en place de suivis standardisés à l’échelle locale. Ce protocole a été conçu pour permettre la participation d’un public averti (en général des professionnels de l’environnement) et nécessite une animation importante pour sa mise en oeuvre annuelle.
Ces indicateurs sont voués à devenir de précieux outils d’aide à la décision pour nos partenaires institutionnels. Ils permettront également d’étayer les méthodologies d’évaluation de l’état de conservation des espèces cibles (comme par exemple les espèces classées menacées par les Listes Rouges UICN ou les espèces d’intérêts communautaires) ou de leurs habitats (évaluation zone Natura2000, évaluation de pratiques de gestion dans des aires protégées, etc.).
L’objectif du protocole POPReptile 1 : Inventaires simples est d’inventorier les espèces de reptiles présentes sur une aire géographique donnée. Ce protocole s’adresse à tous (naturalistes, gestionnaires, associations). Il s'agit d’un protocole léger, flexible et donc facile à réaliser. Il est mené sur 2 ans et permet de déterminer la présence de reptiles squamates
(lézards et serpents), ainsi que la probabilité de détection et le nombre des contacts réalisés. En multipliant le nombre de suivis à l’échelle nationale, il sera possible de mieux connaître la répartition des espèces mais aussi d’identifier les habitats et les milieux importants pour la conservation de ces espèces.";"Squamates (lézards et serpents)";"Inventorier les espèces de reptiles présentes sur une aire géographique donnée";"Amphibiens et reptiles";"Locale (site)";;;;"";;;;;"Protocoles standardisés";"9adf67e9-44e6-48a6-a5af-7f17dd819a0e";"false"
200;"POPReptile 2 Suivis temporels (2020)";"P200";;200;"POPReptile 2 Suivis temporels (version 2020)";;"2020";;"false";"SHF, RNF, ONF, UNCPIE, UMR CEFE, UMR CEBC";"https://inpn.mnhn.fr/docs-web/docs/download/384246";"lashf.org/wp-content/uploads/2019/10/POP_Protocole_POPReptile2.pdf";"Lien vers le site de présentation du programme POPReptile : http://lashf.org/popreptile/";"L’objectif principal de la mise en oeuvre de ce protocole est de connaître la tendance (accroissement, diminution, stabilité) des populations des Reptiles à l’échelle nationale, et de tester une série d’hypothèses pour expliquer les tendances observées, tout en facilitant la mise en place de suivis standardisés à l’échelle locale. Ce protocole a été conçu pour permettre la participation d’un public averti (en général des professionnels de l’environnement) et nécessite une animation importante pour sa mise en oeuvre annuelle.
Ces indicateurs sont voués à devenir de précieux outils d’aide à la décision pour nos partenaires institutionnels. Ils permettront également d’étayer les méthodologies d’évaluation de l’état de conservation des espèces cibles (comme par exemple les espèces classées menacées par les Listes Rouges UICN ou les espèces d’intérêts communautaires) ou de leurs habitats (évaluation zone Natura2000, évaluation de pratiques de gestion dans des aires protégées, etc.).
L’objectif du protocole POPReptile 2 : Suivis temporels est d’inventorier les espèces de reptiles présentes sur une aire géographique donnée et de suivre leur évolution dans le temps (protocole identique au POPReptile 1 : Inventaires simples, mais répété dans le temps chaque année, en déplaçant les transects au sein des sites tous les 2 ans). Ce protocole s’adresse à tous (naturalistes, gestionnaires, associations). Il s'agit d’un protocole léger, flexible et donc facile à réaliser. Il est mené sur au moins 2 ans et permet de déterminer l’évolution, au cours du temps, de la présence de reptiles squamates (lézards et serpents), ainsi que la probabilité de détection et le nombre des contacts réalisés. En multipliant le nombre de suivis à l’échelle nationale, il sera possible de mieux connaître la répartition des espèces mais aussi d’identifier les habitats et les milieux importants pour la conservation de ces espèces.";"Squamates (lézards et serpents)";"Inventorier les espèces de reptiles présentes sur une aire géographique donnée et suivre leur évolution dans le temps";"Amphibiens et reptiles";"Locale (site)";;;;"";;;;;"Protocoles standardisés";"f4478aa7-56ec-4354-892b-ca6e59ef6050";"false"
201;"POPReptile 3 Habitats et gestion (2020)";"P201";;201;"POPReptile 3 Habitats et gestion (version 2020)";;"2020";;"false";"SHF, RNF, ONF, UNCPIE, UMR CEFE, UMR CEBC";"https://inpn.mnhn.fr/docs-web/docs/download/384247";"lashf.org/wp-content/uploads/2019/10/POP_Protocole_POPReptile3.pdf";"Lien vers le site de présentation du programme POPReptile : http://lashf.org/popreptile/";"L’objectif principal de la mise en oeuvre de ce protocole est de connaître la tendance (accroissement, diminution, stabilité) des populations des Reptiles à l’échelle nationale, et de tester une série d’hypothèses pour expliquer les tendances observées, tout en facilitant la mise en place de suivis standardisés à l’échelle locale. Ce protocole a été conçu pour permettre la participation d’un public averti (en général des professionnels de l’environnement) et nécessite une animation importante pour sa mise en oeuvre annuelle.
Ces indicateurs sont voués à devenir de précieux outils d’aide à la décision pour nos partenaires institutionnels. Ils permettront également d’étayer les méthodologies d’évaluation de l’état de conservation des espèces cibles (comme par exemple les espèces classées menacées par les Listes Rouges UICN ou les espèces d’intérêts communautaires) ou de leurs habitats (évaluation zone Natura2000, évaluation de pratiques de gestion dans des aires protégées, etc.).
L’objectif du protocole POPReptile 3 : Habitats & Gestion est de répondre à des problématiques identifiées par les gestionnaires. Ce protocole est plus conséquent que les autres (nombre de transects >10) et sa conception nécessite une réflexion au ""cas par cas"". Il permet de comparer l’occurrence, la probabilité de détection et l’abondance relative d’espèces de reptiles squamates (lézards et serpents) entre différents habitats et/ou modes de gestion au sein d’une aire donnée. L’acquisition des données est réalisée sur une période d’un à deux ans pour des comparaisons spatiales (habitat/milieu) ou sur une période plus longue pour des comparaisons temporelles (effet d'un mode de gestion, évolution du milieu).";"Squamates (lézards et serpents)";"Comparer l’occurrence, la probabilité de détection et l’abondance relative d’espèces de reptiles squamates (lézards et serpents) entre différents habitats et/ou modes de gestion au sein d’une aire donnée";"Amphibiens et reptiles";"Locale (site)";;;;"";;;;;"Protocoles standardisés";"f15e9a3d-26a9-4d53-bb23-0f50ff79e662";"false"
202;"IKA Lagomorphes";"P202";;202;"Protocole de suivi des populations de lapins et lièvre par la méthode des Indices kilométriques d’abondance (IKA)";;;;"false";"OFB";;;"La page présentant le Réseau Lièvre : A COMPLETER";"Pour estimer l’abondance de l’effectif reproducteur de lièvres et de lapins, l'OFB met en place avec le réseau Lièvre un dispositif d'échantillonnage nocturne systématique. En fonction des contraintes liées au type d’habitat ou des habitudes
locales, la méthode utilisée est, soit l’Échantillonnage par point avec un projecteur (EPP, décrite au n°63 de ce catalogue), soit la méthode des Indices kilométriques d’abondance (IKA). L'IKA exprime un nombre moyen de contacts par kilomètre, et on peut convertir ce dernier en Taux de Rencontre (utilisé dans le cadre de l'EPP) via la relation TR ~ IKA/2,5, afin de mettre l’ensemble des sites sur une échelle de comparaison commune.";;;"Mammifères";"Locale (site)";;;;"";;;;;"Protocoles standardisés";"7204737b-9093-46df-9e9e-5740ef0ca2cb";"false"
203;;"P203";;203;"Cahier des charges 2017 à destination des aménageurs et/ou des bureaux d'étude pour la réalisation des prospections des terriers et indices de présence du Hamster commun";;"2017";;"false";"ONCFS";"https://inpn.mnhn.fr/docs-web/docs/download/374633";"www.oncfs.gouv.fr/IMG/pdf/CC_prospections_hamster_BE_2017.pdf";;"Ce document correspond à un cahier des charges à destination des aménageurs et/ou des bureaux d’étude pour la réalisation des prospections des terriers et indices de présence du Grand Hamster. Ce protocole doit en particulier mettre en évidence si le projet d'aménagement considéré a une incidence sur la destruction de spécimens de hamster ou sur l’altération ou la dégradation de sites de repos et de reproduction occupés par l'espèce dans les deux ans qui précèdent sa réalisation. Cette incidence est considérée comme effective au titre de l'impact sur l'espèce :
1. si le projet concerné se situe au sein du territoire défini en annexe 1 (Zone de Protection Statique) de l’arrêté interministériel du 9 décembre 2016, relatif aux mesures de protection de l’habitat du hamster commun ; Cricetus cricetus).
2. si l’étude des impacts du projet met en évidence la présence d’au moins un terrier de hamster commun, à moins de 300 m du lieu d’implantation du projet (non séparé de l’emprise du projet par des surfaces défavorables ou infranchissables (cf. arrêté sus-cité) et ce dans les deuxes années précédents le dépôt du dossier, au sein du territoire défini en annexe 2 (zone d’accompagnement) de l’arrêté interministériel du 9 décembre 2016, relatif aux mesures de protection de l’habitat du hamster commun ; Cricetus cricetus).
3. si l’étude met en évidence la présence d’un terrier de hamster commun sous l’emprise du projet, quel que soit le lien d’implantation du projet.";;;"Mammifères";"Régionale";;;;"";;;;;"Guides et recommandations";"5c05fdfa-5c15-42cb-9369-1316f44705bf";"false"
204;;"P204";;204;"Protocole d'inventaire maille du Conservatoire Botanique National du Bassin Parisien (version 2019)";;"2019";"2019";"false";"CBNBP, MNHN";"https://inpn.mnhn.fr/docs-web/docs/download/383769";"cbnbp.mnhn.fr/cbnbp/cbnbp/telechargement/Protocole_Maille_Vegetation.pdf";"Lien vers les protocoles et le manuel d'instructions : http://cbnbp.mnhn.fr/cbnbp/ressources/protocoles.jsp";"Ce protocole d’inventaire maille, initié en 2011, doit permettre de renouveler le jeu de données sur la flore, acquis dans une première phase d’inventaire à l’échelle communale, à l’horizon de 15-20 ans. Ce nouveau protocole d’inventaire a pour principe l’acquisition de nouvelles données, avec l’objectif de contacter un maximum d’espèces présentes sur la maille. Ces nouvelles données permettront d’actualiser les référentiels sur la flore d’une région, de diffuser des cartes de distribution des espèces, d’identifier les éléments patrimoniaux de la flore (indices de rareté, listes rouges d’espèces menacées etc.) et les espaces à forts enjeux floristiques pour orienter les politiques liées aux aires protégées.
Ce protocole constitue la mise à jour de la version de 2015 référencée a n°72 de ce catalogue.";;;"Plantes, mousses et fougères";"Régionale";;;;"";;;;;"Protocoles standardisés";"fbac4f32-ab3d-4aaf-b6b6-931271b7d504";"false"
205;"CILIF 2010";"P205";;205;"Complément à l'inventaire des libellules de France (CILIF) - Actualisation janvier 2010";;"2010";;"false";"Société française d’odonatologie";;"http://www.libellules.org/protocole/cilif.html";;"Dans la continuité de l'Atlas des odonates de France, ce protocole sert à recueillir des données de répartition des odonates en France, et notamment de répertorier des éléments importants sur les comportements et stades biologiques, mais également sur les habitats des libellules observées. Ces éléments sont indispensables pour que les odonatologues écologues analysent le fonctionnement local des populations de libellules ou tout simplement caractérisent la reproduction des espèces sur le site d’observation et ainsi envisagent leur conservation.";"Odonates";;"Insectes et araignées";"Nationale";;;;"";;;;;"Protocoles standardisés";"92b90ccc-f860-4846-bf7d-cb2798b8394f";"false"
206;"SDA : Alpages sentinelles Flore – Biomasse";"P206";;206;"Sentinelles des Alpes : Alpages sentinelles Flore – Biomasse";;;;"false";"Inrae - Laboratoire EcoSystèmes et Sociétés en Montagne";;;"Page de présentation du programme ""Alpages sentinelles"" : https://www.alpages-sentinelles.fr/observatoire/";"Le projet Sentinelles des Alpes (SDA) vise à proposer une stratégie d’observation et d’organisation/concertation territoriale sur du long terme des réponses des socio-écosystèmes aux changements globaux à l’échelle du massif des Alpes françaises. Pour ce faire, il s’appuie sur cinq dispositifs « sentinelles » (également appelés « observatoires») qui  génèrent et animent des protocoles de récoltes de données climatiques, biologiques et socio-économiques. Ainsi les objets d’études sont : les alpages (Alpages Sentinelles ; AS), les lacs (Lacs Sentinelles ; LS), la flore patrimoniale (ou rare) des Alpes (Flore Sentinelle ; FS), la dynamique de la biodiversité suivant des gradients altitudinaux avec le dispositif ORCHAMP (OR) et de la haute montagne avec le dispositif Refuges Sentinelles (RS).
La tendance globale de réchauffement, associée à des aléas climatiques de plus en plus fréquents et marqués, impacte les végétations à la fois en termes de productivité annuelle (quantité d’herbe produite annuellement et disponible pour les troupeaux) et d’évolution de leur composition botanique et de la biodiversité associée.
Le protocole ""Alpages sentinelles Flore – Biomasse"" s'intéresse au suivi de la ressource fourragère disponible en début de saison : il permet une estimation de la biomasse disponible par relevé de hauteurs de végétation. C'est un suivi annuel : sur 2 à 4 stations en moyenne par alpage, des hauteurs d’herbe sont mesurées chaque année avant le premier passage des troupeaux. Ces mesures permettent de suivre la variabilité interannuelle de la quantité de fourrage disponible à l’arrivée des animaux.";"Flore";"Evaluer les effets du réchauffement climatique et des pratiques agro-pastorales sur la productivité annuelle de la végétation des alpages";"Plantes, mousses et fougères";"Régionale";;;;"";;;;;"Protocoles standardisés";"ecf41fb4-73cf-4f77-b87d-d6a5ab3a36de";"false"
207;"SDA : Alpages sentinelles Flore – Composition";"P207";;207;"Sentinelles des Alpes : Alpages sentinelles Flore – Composition (protocole commun)";;;;"false";"Inrae - Laboratoire EcoSystèmes et Sociétés en Montagne";;;"Page de présentation du programme ""Alpages sentinelles"" : https://www.alpages-sentinelles.fr/observatoire/";"Le projet Sentinelles des Alpes (SDA) vise à proposer une stratégie d’observation et d’organisation/concertation territoriale sur du long terme des réponses des socio-écosystèmes aux changements globaux à l’échelle du massif des Alpes françaises. Pour ce faire, il s’appuie sur cinq dispositifs « sentinelles » (également appelés « observatoires») qui  génèrent et animent des protocoles de récoltes de données climatiques, biologiques et socio-économiques. Ainsi les objets d’études sont : les alpages (Alpages Sentinelles ; AS), les lacs (Lacs Sentinelles ; LS), la flore patrimoniale (ou rare) des Alpes (Flore Sentinelle ; FS), la dynamique de la biodiversité suivant des gradients altitudinaux avec le dispositif ORCHAMP (OR) et de la haute montagne avec le dispositif Refuges Sentinelles (RS).
La tendance globale de réchauffement, associée à des aléas climatiques de plus en plus fréquents et marqués, impacte les végétations à la fois en termes de productivité annuelle (quantité d’herbe produite annuellement et disponible pour les troupeaux) et d’évolution de leur composition botanique et de la biodiversité associée.
Le protocole ""Alpages sentinelles Flore – Composition (protocole commun)"" s'intéresse au suivi pluriannuel de la composition floristique : sur 1 à 4 stations par alpage, un relevé complet des espèces présentes au sein des pelouses est effectué sur un linéaire de 40 mètres selon la méthode des points contacts, tous les 5 ans en moyenne. Ces mesures, réalisées sur 130 placettes à l’échelle du dispositif, permettent de surveiller des évolutions potentielles de la composition floristique des pelouses d’alpage sur le très long terme.";"Flore";"Evaluer les effets du réchauffement climatique et des pratiques agro-pastorales sur le diversité floristique des alpages et la biodiversité associée";"Plantes, mousses et fougères";"Régionale";;;;"";;;;;"Protocoles standardisés";"db57b137-4e71-4066-96ab-a468b049c19d";"false"
208;"SDA : Lacs sentinelles - Chlorophylle";"P208";;208;"Sentinelles des Alpes : Lacs sentinelles - Chlorophylle";;;;"false";;;"http://www.lacs-sentinelles.org/fr/les-protocoles";;"Le projet Sentinelles des Alpes (SDA) vise à proposer une stratégie d’observation et d’organisation/concertation territoriale sur du long terme des réponses des socio-écosystèmes aux changements globaux à l’échelle du massif des Alpes françaises. Pour ce faire, il s’appuie sur cinq dispositifs « sentinelles » (également appelés « observatoires ») qui  génèrent et animent des protocoles de récoltes de données climatiques, biologiques et socio-économiques. Ainsi les objets d’études sont : les alpages (Alpages Sentinelles ; AS), les lacs (Lacs Sentinelles ; LS), la flore patrimoniale (ou rare) des Alpes (Flore Sentinelle ; FS), la dynamique de la biodiversité suivant des gradients altitudinaux avec le dispositif ORCHAMP (OR) et de la haute montagne avec le dispositif Refuges Sentinelles (RS).
Milieux emblématiques des montagnes, à haute valeur sociale, culturelle et écologique, les lacs d'altitude sont des écosystèmes fragiles. Leur localisation en tête de bassin versant et les conditions climatiques extrêmes auxquelles ils sont soumis, engendrent un fonctionnement spécifique encore mal connu. Le réseau ""Lacs Sentinelles"" a pour vocation : (1) d'améliorer les connaissances sur le fonctionnement des lacs d’altitude, (2) d’identifier les menaces qui pèsent sur ces lacs, notamment celles liées aux changements globaux, (3) de définir, à terme, les actions de gestion à engager sur ces milieux, afin de mieux les préserver.
Le protocole ""Lacs sentinelles - Chlorophylle"" s'intéresse";;;"Plantes, mousses et fougères";"Régionale";;;"la transparence de l'eau; un profil de sonde multi-paramètres sur l'ensemble de la colonne d'eau; un relevé des températures";"";;;;;"Protocoles standardisés";"042fcbf4-b187-4af4-9f9d-1002b3b8c873";"false"
209;"SDA : Lacs sentinelles - Phytoplancton";"P209";;209;"Sentinelles des Alpes : Lacs sentinelles - Phytoplancton";;;;"false";;;"http://www.lacs-sentinelles.org/fr/les-protocoles";;"Le projet Sentinelles des Alpes (SDA) vise à proposer une stratégie d’observation et d’organisation/concertation territoriale sur du long terme des réponses des socio-écosystèmes aux changements globaux à l’échelle du massif des Alpes françaises. Pour ce faire, il s’appuie sur cinq dispositifs « sentinelles » (également appelés « observatoires ») qui  génèrent et animent des protocoles de récoltes de données climatiques, biologiques et socio-économiques. Ainsi les objets d’études sont : les alpages (Alpages Sentinelles ; AS), les lacs (Lacs Sentinelles ; LS), la flore patrimoniale (ou rare) des Alpes (Flore Sentinelle ; FS), la dynamique de la biodiversité suivant des gradients altitudinaux avec le dispositif ORCHAMP (OR) et de la haute montagne avec le dispositif Refuges Sentinelles (RS).
Milieux emblématiques des montagnes, à haute valeur sociale, culturelle et écologique, les lacs d'altitude sont des écosystèmes fragiles. Leur localisation en tête de bassin versant et les conditions climatiques extrêmes auxquelles ils sont soumis, engendrent un fonctionnement spécifique encore mal connu. Le réseau ""Lacs Sentinelles"" a pour vocation : (1) d'améliorer les connaissances sur le fonctionnement des lacs d’altitude, (2) d’identifier les menaces qui pèsent sur ces lacs, notamment celles liées aux changements globaux, (3) de définir, à terme, les actions de gestion à engager sur ces milieux, afin de mieux les préserver.
Le protocole ""Lacs sentinelles - Phytoplancton"" s'intéresse";;;"Autres";"Régionale";;;"la transparence de l'eau; un profil de sonde multi-paramètres sur l'ensemble de la colonne d'eau; un relevé des températures";"";;;;;"Protocoles standardisés";"85097975-7bf4-4f32-9d52-215053973dea";"false"
210;"SDA : Lacs sentinelles - Poissons";"P210";;210;"Sentinelles des Alpes : Lacs sentinelles - Poissons";;;;"false";;;"http://www.lacs-sentinelles.org/fr/les-protocoles";;"Le projet Sentinelles des Alpes (SDA) vise à proposer une stratégie d’observation et d’organisation/concertation territoriale sur du long terme des réponses des socio-écosystèmes aux changements globaux à l’échelle du massif des Alpes françaises. Pour ce faire, il s’appuie sur cinq dispositifs « sentinelles » (également appelés « observatoires ») qui  génèrent et animent des protocoles de récoltes de données climatiques, biologiques et socio-économiques. Ainsi les objets d’études sont : les alpages (Alpages Sentinelles ; AS), les lacs (Lacs Sentinelles ; LS), la flore patrimoniale (ou rare) des Alpes (Flore Sentinelle ; FS), la dynamique de la biodiversité suivant des gradients altitudinaux avec le dispositif ORCHAMP (OR) et de la haute montagne avec le dispositif Refuges Sentinelles (RS).
Milieux emblématiques des montagnes, à haute valeur sociale, culturelle et écologique, les lacs d'altitude sont des écosystèmes fragiles. Leur localisation en tête de bassin versant et les conditions climatiques extrêmes auxquelles ils sont soumis, engendrent un fonctionnement spécifique encore mal connu. Le réseau ""Lacs Sentinelles"" a pour vocation : (1) d'améliorer les connaissances sur le fonctionnement des lacs d’altitude, (2) d’identifier les menaces qui pèsent sur ces lacs, notamment celles liées aux changements globaux, (3) de définir, à terme, les actions de gestion à engager sur ces milieux, afin de mieux les préserver.
Le protocole ""Lacs sentinelles - Poissons"" s'intéresse";;;"Poissons";"Régionale";;;"la transparence de l'eau; un profil de sonde multi-paramètres sur l'ensemble de la colonne d'eau; un relevé des températures";"";;;;;"Protocoles standardisés";"d4a5d41d-2446-4743-9cab-463486dba0c6";"false"
211;"SDA : Lacs sentinelles - Zooplancton";"P211";;211;"Sentinelles des Alpes : Lacs sentinelles - Zooplancton";;;;"false";;;"http://www.lacs-sentinelles.org/fr/les-protocoles";;"Le projet Sentinelles des Alpes (SDA) vise à proposer une stratégie d’observation et d’organisation/concertation territoriale sur du long terme des réponses des socio-écosystèmes aux changements globaux à l’échelle du massif des Alpes françaises. Pour ce faire, il s’appuie sur cinq dispositifs « sentinelles » (également appelés « observatoires ») qui  génèrent et animent des protocoles de récoltes de données climatiques, biologiques et socio-économiques. Ainsi les objets d’études sont : les alpages (Alpages Sentinelles ; AS), les lacs (Lacs Sentinelles ; LS), la flore patrimoniale (ou rare) des Alpes (Flore Sentinelle ; FS), la dynamique de la biodiversité suivant des gradients altitudinaux avec le dispositif ORCHAMP (OR) et de la haute montagne avec le dispositif Refuges Sentinelles (RS).
Milieux emblématiques des montagnes, à haute valeur sociale, culturelle et écologique, les lacs d'altitude sont des écosystèmes fragiles. Leur localisation en tête de bassin versant et les conditions climatiques extrêmes auxquelles ils sont soumis, engendrent un fonctionnement spécifique encore mal connu. Le réseau ""Lacs Sentinelles"" a pour vocation : (1) d'améliorer les connaissances sur le fonctionnement des lacs d’altitude, (2) d’identifier les menaces qui pèsent sur ces lacs, notamment celles liées aux changements globaux, (3) de définir, à terme, les actions de gestion à engager sur ces milieux, afin de mieux les préserver.
Le protocole ""Lacs sentinelles - Zooplancton"" s'intéresse";;;"Autres";"Régionale";;;"la transparence de l'eau; un profil de sonde multi-paramètres sur l'ensemble de la colonne d'eau; un relevé des températures";"";;;;;"Protocoles standardisés";"9e398be8-440d-4ccb-8637-6d1bf04a6fa5";"false"
212;"SDA : Lacs sentinelles - Diatomées";"P212";;212;"Sentinelles des Alpes : Lacs sentinelles - Diatomées";;;;"false";;;"http://www.lacs-sentinelles.org/fr/les-protocoles";;"Le projet Sentinelles des Alpes (SDA) vise à proposer une stratégie d’observation et d’organisation/concertation territoriale sur du long terme des réponses des socio-écosystèmes aux changements globaux à l’échelle du massif des Alpes françaises. Pour ce faire, il s’appuie sur cinq dispositifs « sentinelles » (également appelés « observatoires ») qui  génèrent et animent des protocoles de récoltes de données climatiques, biologiques et socio-économiques. Ainsi les objets d’études sont : les alpages (Alpages Sentinelles ; AS), les lacs (Lacs Sentinelles ; LS), la flore patrimoniale (ou rare) des Alpes (Flore Sentinelle ; FS), la dynamique de la biodiversité suivant des gradients altitudinaux avec le dispositif ORCHAMP (OR) et de la haute montagne avec le dispositif Refuges Sentinelles (RS).
Milieux emblématiques des montagnes, à haute valeur sociale, culturelle et écologique, les lacs d'altitude sont des écosystèmes fragiles. Leur localisation en tête de bassin versant et les conditions climatiques extrêmes auxquelles ils sont soumis, engendrent un fonctionnement spécifique encore mal connu. Le réseau ""Lacs Sentinelles"" a pour vocation : (1) d'améliorer les connaissances sur le fonctionnement des lacs d’altitude, (2) d’identifier les menaces qui pèsent sur ces lacs, notamment celles liées aux changements globaux, (3) de définir, à terme, les actions de gestion à engager sur ces milieux, afin de mieux les préserver.
Le protocole ""Lacs sentinelles - Diatomées"" s'intéresse";;;"Autres";"Régionale";;;"la transparence de l'eau; un profil de sonde multi-paramètres sur l'ensemble de la colonne d'eau; un relevé des températures";"";;;;;"Protocoles standardisés";"02c737a0-3865-42e4-b6e4-e136f25c6015";"false"
213;"SDA : Flore sentinelle - Espèces Territoire";"P213";;213;"Sentinelles des Alpes : Flore sentinelle -  Espèces Territoire";;;;"false";"Conservatoire botanique national alpin";"https://inpn.mnhn.fr/docs-web/docs/download/387989";;"https://floresentinelle.fr/index.php/protocoles/";"Le projet Sentinelles des Alpes (SDA) vise à proposer une stratégie d’observation et d’organisation/concertation territoriale sur du long terme des réponses des socio-écosystèmes aux changements globaux à l’échelle du massif des Alpes françaises. Pour ce faire, il s’appuie sur cinq dispositifs « sentinelles » (également appelés « observatoires ») qui  génèrent et animent des protocoles de récoltes de données climatiques, biologiques et socio-économiques. Ainsi les objets d’études sont : les alpages (Alpages Sentinelles ; AS), les lacs (Lacs Sentinelles ; LS), la flore patrimoniale (ou rare) des Alpes (Flore Sentinelle ; FS), la dynamique de la biodiversité suivant des gradients altitudinaux avec le dispositif ORCHAMP (OR) et de la haute montagne avec le dispositif Refuges Sentinelles (RS).
Le programme ""Flore sentinelle"" a pour objectifs d'identifier et comprendre les dynamiques démographiques des espèces végétales et des habitats, sentinelles pour le suivi des changements globaux dans les Alpes françaises.
Les protocoles ""Espèces"" permettent de suivre des espèces identifiées par le réseau comme étant d’intérêt et sur la base d’un état des lieux (bilan stationnel) réalisé au préalable  (référencé au n°215 de ce catalogue). Le protocole ""Territoire"" permet d'avoir des résultats de tendance de l’espèce étudiée à l’échelle des Alpes. Il se base sur un échantillonnage de pointages connus de l’espèce. Sur chaque pointage échantillonné, des observations sont réalisées pour les espèces, en présence/absence de l’espèce sur des mailles de 25mX25m, donnant accès aux données de zone de prospection, aire de présence et fréquence.";"Flore";"Etudier la dynamique démographique des espèces végétales à l'échelle de la population alpine et l'impact des changements globaux";"Plantes, mousses et fougères";"Régionale";;;;"";;;;;"Protocoles standardisés";"efbb1e7d-cc3b-4e2e-976a-f58655c6f9da";"false"
214;"SDA : Flore sentinelle - Espèces Station";"P214";;214;"Sentinelles des Alpes : Flore sentinelle -  Espèces Station";;;;"false";"Conservatoire botanique national alpin";"https://inpn.mnhn.fr/docs-web/docs/download/387989";;"https://floresentinelle.fr/index.php/protocoles/";"Le projet Sentinelles des Alpes (SDA) vise à proposer une stratégie d’observation et d’organisation/concertation territoriale sur du long terme des réponses des socio-écosystèmes aux changements globaux à l’échelle du massif des Alpes françaises. Pour ce faire, il s’appuie sur cinq dispositifs « sentinelles » (également appelés « observatoires ») qui  génèrent et animent des protocoles de récoltes de données climatiques, biologiques et socio-économiques. Ainsi les objets d’études sont : les alpages (Alpages Sentinelles ; AS), les lacs (Lacs Sentinelles ; LS), la flore patrimoniale (ou rare) des Alpes (Flore Sentinelle ; FS), la dynamique de la biodiversité suivant des gradients altitudinaux avec le dispositif ORCHAMP (OR) et de la haute montagne avec le dispositif Refuges Sentinelles (RS).
Le programme ""Flore sentinelle"" a pour objectifs d'identifier et comprendre les dynamiques démographiques des espèces végétales et des habitats, sentinelles pour le suivi des changements globaux dans les Alpes françaises.
Les protocoles ""Espèces"" permettent de suivre des espèces identifiées par le réseau comme étant d’intérêt et sur la base d’un état des lieux (bilan stationnel) réalisé au préalable (référencé au n°215 de ce catalogue). Le protocole ""Station"" permet d'avoir des résultats de tendance de l’espèce étudiée à l’échelle des sites. Il vise à comprendre la dynamique des populations et des compositions végétales sur une station donnée ; il peut être répliqué sur plusieurs stations. Sur chaque station, des observations sont réalisées sur des placettes permanentes : relevés des perturbations, données de gestion ; données environnementales (Température, granulométrie) ; pour les espèces, effectifs/fréquence.";"Flore";"Etudier la dynamique démographique des espèces végétales à l'échelle d'un site et l'impact des changements globaux";"Plantes, mousses et fougères";"Locale (site)";;;;"";;;;;"Protocoles standardisés";"e5481db1-9e3a-4b20-84ae-87b7bdbb5389";"false"
215;"SDA : Flore sentinelle - Espèces Bilan stationnel";"P215";;215;"Sentinelles des Alpes : Flore sentinelle - Espèces Bilan stationnel";;;;"false";"Conservatoire botanique national alpin";"https://inpn.mnhn.fr/docs-web/docs/download/387989";;"https://floresentinelle.fr/index.php/protocoles/";"Le projet Sentinelles des Alpes (SDA) vise à proposer une stratégie d’observation et d’organisation/concertation territoriale sur du long terme des réponses des socio-écosystèmes aux changements globaux à l’échelle du massif des Alpes françaises. Pour ce faire, il s’appuie sur cinq dispositifs « sentinelles » (également appelés « observatoires ») qui  génèrent et animent des protocoles de récoltes de données climatiques, biologiques et socio-économiques. Ainsi les objets d’études sont : les alpages (Alpages Sentinelles ; AS), les lacs (Lacs Sentinelles ; LS), la flore patrimoniale (ou rare) des Alpes (Flore Sentinelle ; FS), la dynamique de la biodiversité suivant des gradients altitudinaux avec le dispositif ORCHAMP (OR) et de la haute montagne avec le dispositif Refuges Sentinelles (RS).
Le programme ""Flore sentinelle"" a pour objectifs d'identifier et comprendre les dynamiques démographiques des espèces végétales et des habitats, sentinelles pour le suivi des changements globaux dans les Alpes françaises.
Les protocoles ""Espèces"" permettent de suivre des espèces identifiées par le réseau comme étant d’intérêt et sur la base d’un état des lieux (bilan stationnel) réalisé au préalable. Ce dernier consiste en une visite de tous les pointages connus et données historiques d’une espèce donnée. Sur chaque site est réalisé une cartographie de la zone de prospection (ZP) et de l’aire de présence (AP), une quantification de la présence (classe d’effectifs, comptage, estimation du pourcentage de recouvrement, fréquence en point contact ou placette contact), une évaluation des perturbations, et une évaluation de la qualité de l’habitat.";"Flore";"Etat de référence pour étudier la dynamique démographique des espèces végétales à l'échelle d'un site et l'impact des changements globaux";"Plantes, mousses et fougères";"Locale (site)";;;;"";;;;;"Protocoles standardisés";"b19f1925-478f-4e7d-9415-5207a78e2c62";"false"
216;"SDA : Flore sentinelle - Habitats Territoire";"P216";;216;"Sentinelles des Alpes : Flore sentinelle - Habitats Territoire";;;;"false";"Conservatoire botanique national alpin";"https://inpn.mnhn.fr/docs-web/docs/download/387989";;"https://floresentinelle.fr/index.php/protocoles/";"Le projet Sentinelles des Alpes (SDA) vise à proposer une stratégie d’observation et d’organisation/concertation territoriale sur du long terme des réponses des socio-écosystèmes aux changements globaux à l’échelle du massif des Alpes françaises. Pour ce faire, il s’appuie sur cinq dispositifs « sentinelles » (également appelés « observatoires ») qui  génèrent et animent des protocoles de récoltes de données climatiques, biologiques et socio-économiques. Ainsi les objets d’études sont : les alpages (Alpages Sentinelles ; AS), les lacs (Lacs Sentinelles ; LS), la flore patrimoniale (ou rare) des Alpes (Flore Sentinelle ; FS), la dynamique de la biodiversité suivant des gradients altitudinaux avec le dispositif ORCHAMP (OR) et de la haute montagne avec le dispositif Refuges Sentinelles (RS).
Le programme ""Flore sentinelle"" a pour objectifs d'identifier et comprendre les dynamiques démographiques des espèces végétales et des habitats, sentinelles pour le suivi des changements globaux dans les Alpes françaises.
Les protocoles ""Habitats"" permettent de suivre des habitats identifiés par le réseau comme étant d’intérêt. Le protocole ""Territoire"" permet d'avoir des résultats de tendance de l’espèce étudiée à l’échelle des Alpes. Il se base sur un échantillonnage de pointages connus de l’habitat ciblé. Sur chaque pointage échantillonné, des observations sont réalisées en présence/absence d’espèces caractéristiques au sein d’une maille de 50mX50m ou de 100mX100m, donnant accès aux données de présence/absence d’espèces caractéristiques/mailles, fréquence/indice floristique ; présence/absence d’espèces caractéristiques/mailles, fréquence/indice floristique.";"Habitats";"Etudier l'évolution de la qualité des habitats à l'échelle des Alpes et l'impact des changements globaux";"Habitats";"Régionale";;;;"";;;;;"Protocoles standardisés";"85706bc5-3fd2-4c92-8287-4170f846f75f";"false"
217;"SDA : Flore sentinelle - Habitats Station";"P217";;217;"Sentinelles des Alpes : Flore sentinelle - Habitats Station";;;;"false";"Conservatoire botanique national alpin";"https://inpn.mnhn.fr/docs-web/docs/download/387989";;"https://floresentinelle.fr/index.php/protocoles/";"Le projet Sentinelles des Alpes (SDA) vise à proposer une stratégie d’observation et d’organisation/concertation territoriale sur du long terme des réponses des socio-écosystèmes aux changements globaux à l’échelle du massif des Alpes françaises. Pour ce faire, il s’appuie sur cinq dispositifs « sentinelles » (également appelés « observatoires ») qui  génèrent et animent des protocoles de récoltes de données climatiques, biologiques et socio-économiques. Ainsi les objets d’études sont : les alpages (Alpages Sentinelles ; AS), les lacs (Lacs Sentinelles ; LS), la flore patrimoniale (ou rare) des Alpes (Flore Sentinelle ; FS), la dynamique de la biodiversité suivant des gradients altitudinaux avec le dispositif ORCHAMP (OR) et de la haute montagne avec le dispositif Refuges Sentinelles (RS).
Le programme ""Flore sentinelle"" a pour objectifs d'identifier et comprendre les dynamiques démographiques des espèces végétales et des habitats, sentinelles pour le suivi des changements globaux dans les Alpes françaises.
Les protocoles ""Habitats"" permettent de suivre des habitats identifiés par le réseau comme étant d’intérêt. Le suivi ""station"" vise à comprendre la dynamique des populations et des compositions végétales sur une station donnée ; il peut être répliqué sur plusieurs stations. Sur chaque station, des observations sont réalisées sur des placettes permanentes : relevés des perturbations, données de gestion ; données environnementales (Température, granulométrie) ; et relevés de végétation.";"Habitats";"Etudier l'évolution de la qualité des habitats à l'échelle d'une station et l'impact des changements globaux";"Habitats";"Locale (site)";;;;"";;;;;"Protocoles standardisés";"c4208795-0139-4528-9234-05946df9b94d";"false"
218;"SDA : ORCHAMP - Protocole Flore lignes de lecture";"P218";;218;"Sentinelles des Alpes : Observatoire spatio-temporel de la biodiversité et du fonctionnement des socio-écosystèmes de montagne (ORCHAMP) - Protocole Flore lignes de lecture";"protocole ""Downslope Plant Survey"" du projet GLORIA";;;"false";"Conservatoire botanique national alpin & Laboratoire d'écologie alpine (LECA)";"https://inpn.mnhn.fr/docs-web/docs/download/387996";"https://orchamp.osug.fr/images/BB_31466.pdf";"https://orchamp.osug.fr/ProtocoleVeget#";"Le projet Sentinelles des Alpes (SDA) vise à proposer une stratégie d’observation et d’organisation/concertation territoriale sur du long terme des réponses des socio-écosystèmes aux changements globaux à l’échelle du massif des Alpes françaises. Pour ce faire, il s’appuie sur cinq dispositifs « sentinelles » (également appelés « observatoires ») qui  génèrent et animent des protocoles de récoltes de données climatiques, biologiques et socio-économiques. Ainsi les objets d’études sont : les alpages (Alpages Sentinelles ; AS), les lacs (Lacs Sentinelles ; LS), la flore patrimoniale (ou rare) des Alpes (Flore Sentinelle ; FS), la dynamique de la biodiversité suivant des gradients altitudinaux avec le dispositif ORCHAMP (OR) et de la haute montagne avec le dispositif Refuges Sentinelles (RS).
L'Observatoire spatio-temporel de la biodiversité et du fonctionnement des socio-écosystèmes de montagne (ORCHAMP) s’intéresse à la biodiversité et au fonctionnement des écosystèmes des Alpes françaises en réponse aux effets des changements climatiques et d’utilisation des terres. Le protocole Flore est constitué de deux protocoles mis en œuvre sur les mêmes placettes, dont le protocole ""lignes de lecture"". Ce dernier permet de caractériser des changements d’abondance locale de la végétation par la méthode des points contacts le long de la ligne de lecture au travers du suivi de l’abondance relative locale des espèces dominantes qui représentent la majorité de la biomasse et impactent fortement le fonctionnement global du système.";"Flore";"Mettre en évidence l'influence du climat et de la gestion sur l’abondance des espèces et de l'évolution dans le temps de cette abondance";"Plantes, mousses et fougères";"Locale (site)";;;;"";;;;;"Protocoles standardisés";"89befe5e-d9df-4446-a872-93672f39f5d3";"false"
219;"SDA : ORCHAMP - Protocole Flore inventaires exhaustifs";"P219";;219;"Sentinelles des Alpes : Observatoire spatio-temporel de la biodiversité et du fonctionnement des socio-écosystèmes de montagne (ORCHAMP) - Protocole Flore inventaires exhaustifs";"protocole ""Downslope Plant Survey"" du projet GLORIA";;;"false";"Conservatoire botanique national alpin & Laboratoire d'écologie alpine (LECA)";"https://inpn.mnhn.fr/docs-web/docs/download/387996";"https://orchamp.osug.fr/images/BB_31466.pdf";"https://orchamp.osug.fr/ProtocoleVeget#";"Le projet Sentinelles des Alpes (SDA) vise à proposer une stratégie d’observation et d’organisation/concertation territoriale sur du long terme des réponses des socio-écosystèmes aux changements globaux à l’échelle du massif des Alpes françaises. Pour ce faire, il s’appuie sur cinq dispositifs « sentinelles » (également appelés « observatoires ») qui  génèrent et animent des protocoles de récoltes de données climatiques, biologiques et socio-économiques. Ainsi les objets d’études sont : les alpages (Alpages Sentinelles ; AS), les lacs (Lacs Sentinelles ; LS), la flore patrimoniale (ou rare) des Alpes (Flore Sentinelle ; FS), la dynamique de la biodiversité suivant des gradients altitudinaux avec le dispositif ORCHAMP (OR) et de la haute montagne avec le dispositif Refuges Sentinelles (RS).
L'Observatoire spatio-temporel de la biodiversité et du fonctionnement des socio-écosystèmes de montagne (ORCHAMP) s’intéresse à la biodiversité et au fonctionnement des écosystèmes des Alpes françaises en réponse aux effets des changements climatiques et d’utilisation des terres. Le protocole Flore est constitué de deux protocoles mis en œuvre sur les mêmes placettes, dont le protocole ""inventaires exhaustifs"". Ce dernier permet de caractériser la dynamique des
cortèges d’espèces végétales (dont les espèces marginales) le long d’un gradient d’altitude par l’étude du pool local d’espèces (présence/absence) par tranche altitudinale. Cet objectif nécessite de connaître la liste exhaustive des espèces
présentes par placette. Afin d’obtenir une information spatiale plus précise, le pool local d’espèce sera déterminé pour chacune des 3 sous-placettes de 10 m x 3 m.";"Flore";"Mettre en évidence l'évolution dans le temps et dans l'espace du pool local d'espèces et de leur réponse face aux changements climatiques";"Plantes, mousses et fougères";"Locale (site)";;;;"";;;;;"Protocoles standardisés";"f4cb7e1d-d065-4b91-b919-f90ca73de672";"false"
224;"STOC EPS RNF";"P224";;224;"Instructions pour le programme STOC EPS pour le réseau RNF (2003)";;"2003";;"false";"CRBPO";"https://inpn.mnhn.fr/docs-web/docs/download/389494";"https://www.google.com/url?sa=t&rct=j&q=&esrc=s&source=web&cd=&ved=2ahUKEwj4u5nUvcfyAhVJx4UKHZ16DOoQFnoECAMQAQ&url=https%3A%2F%2Fwww.reserves-naturelles.org%2Fsites%2Fdefault%2Ffiles%2Ffichiers%2Fprotocole-stoc-eps-2003.pdf&usg=AOvVaw13KAO1rGbLU1ObqseB9Iiv";;"Ce protocole est une déclinaison du protocole STOC EPS référencé au n°99 de ce catalogue. Appliqué au réseau des réserves naturelles de France, ce protocole par échantillonnages ponctuels simples (EPS) est d’obtenir une évaluation des tendances d’évolution des effectifs de différentes espèces communes nicheuses de France. Le nombre de contacts avec une espèce en un point donné est une mesure de l’abondance de l’espèce dans le milieu. Si l’on totalise les contacts avec cette espèce dans tous les milieux du même type ou dans une région, et si l’on compare les valeurs obtenues au cours du temps, on peut apprécier la tendance d’évolution de l’espèce dans ce type de milieu ou à un niveau régional.
Au sein de la réserve, au moins 10 points représentatifs des habitats du site doivent être suivis, plus si cela est réalisable.";"Oiseaux nicheurs communs diurnes";"Evaluation des tendances d’évolution des effectifs de différentes espèces communes nicheuses de France dans les réserves naturelles";"Oiseaux";"Nationale";;;;"";;;;;"Protocoles standardisés";"af6f7a0c-8a20-4203-bbca-ce2e9c7e02aa";"false"
225;;"P225";;225;"Inventaire flore Nouvelle Aquitaine : Notice méthodologique";;;;"false";"Conservatoir botanique national sud-atlantique";"https://inpn.mnhn.fr/docs-web/docs/download/389518";"https://obv-na.fr/ofsa/ressources/1_outils_terrain/OFSA-MIG-201203.pdf";"Site de l'Observatoire de la biodiversité végétale de Nouvelle-Aquitaine : https://obv-na.fr/observatoire#presentation";"L’Observatoire de la Biodiversité Végétale (OBV) de Nouvelle-Aquitaine est un dispositif public et collaboratif dédié à la connaissance du patrimoine naturel végétal et fongique de la région Nouvelle-Aquitaine. Il succède à l'Observatoire de la Flore Sud-Atlantique (OFSA) par la suite de l'élargissement de ce dernier à la grande région Nouvelle-Aquitaine née de la fusion des anciennes régions Aquitaine, Limousin et Poitou-Charentes.
Il vise à rassembler, gérer, valider et diffuser toutes les informations sur la biodiversité végétale et fongique (flore vasculaire, mousses, algues, lichens, champignons, végétations et cartographies d’habitats). Dans ce cadre, une notice méthodologique pour les relevés de la flore est proposée.";"Flore";"Evaluer l'aire de répartition des espèces en région Nouvelle-Aquitaine";"Plantes, mousses et fougères";"Régionale";;;;"";;;;;"Guides et recommandations";"d7aa902f-bc1b-493e-9ac2-8f172d65a4a7";"false"
226;"REMMOA & SAMM";"P226";;226;"Guide méthodologique des campagnes d’observation aérienne de la mégafaune marine (REMMOA & SAMM)";;"2014";;"false";"Observatoire PELAGIS - Université de La Rochelle & CNRS";"https://inpn.mnhn.fr/docs-web/docs/download/389521";"https://www.observatoire-pelagis.cnrs.fr/wp-content/uploads/2021/08/GuideMethodoAerien2020.pdf";"Page de présentation du programme SAMM : https://www.observatoire-pelagis.cnrs.fr/pelagis-2/les-programmes/samm/ ; et du programme REMMOA (outre-mer) : https://remmoa.wordpress.com/a-propos/";"Pour répondre aux engagements d’acquisition de connaissances et de suivi de la mégafaune marine au large, les campagnes REMMOA, REcensement des Mammifères marins et autre Mégafaune pélagique par Observation Aérienne (outre-mer) et les campagnes SAMM, Suivi Aérien de la Mégafaune Marine (métropole), ont pour principal objectif de cartographier la diversité et la densité de mégafaune pélagique dans la ZEE française par observation aérienne.
Ces campagnes ont pour objectif de produire un état des lieux de la distribution spatiale et de l’abondance des oiseaux et mammifères marins, tortues marines, raies, requins et grands poissons visibles en surface dans les eaux d’outre-mer et de métropole. Les activités humaines (pêche, trafic maritime, déchets) sont également répertoriées. Ces données sont également corrélées aux observations d’animaux relevées afin d’évaluer l’impact potentiel des activités anthropiques sur la conservation des habitats marins. Grâce aux techniques de modélisation, nous pouvons identifier les habitats préférentiels associés aux fortes densités d’animaux ou à une forte diversité biologique.";"Mammifères marins, oiseaux marins, tortues de mer, raies, requins et grands poissons visibles en surface";"Etat des lieux ""instantané"" de l'abondance et la répartition des espèces, identifier et localiser les habitats favorables et localiser les pressions anthropiques";"Multi-groupes";"Nationale";;;;"";;;;;"Protocoles standardisés";"7d3b8609-0c91-462b-bcc6-5b287079bd22";"false"
227;;"P227";;227;"Oiseaux des jardins";;"2014";;"false";"MNHN & LPO";"https://inpn.mnhn.fr/docs-web/docs/download/389571";"https://cdnfiles1.biolovision.net/www.oiseauxdesjardins.fr/userfiles/Guideaideparticipation.pdf";"Site de l'observatoire : https://www.oiseauxdesjardins.fr/";"Ce protocole de sciences participatives invite les observateurs à renseigner et compter les espèces présentes dans leur jardin. L'Observatoire fonctionne tout au long de l'année, avec deux moments forts : le dernier week-end de janvier (pour les oiseaux hivernants) et le dernier week-end de mai (pour les nicheurs). Vous pouvez contribuer seulement lors de ces deux animations, mais essayez de suivre certains jardins en y comptant les oiseaux une fois par semaine, sur autant de semaines que possible.
L'objectif est de comprendre quand et pourquoi les oiseaux visitent les jardins. Les migrateurs reviennent-ils plus tôt quand le printemps est précoce ? Les oiseaux granivores viennent-ils plus aux mangeoires dans les jardins proches des plaines agricoles où les graines sauvages manqueraient en hiver ? Comment les aménagements urbains agissent sur la capacité des oiseaux à vivre en ville ?";"Oiseaux";"Déterminer la fréquence et l'abondance des oiseaux, évaluer l'utilisation des jardins par les oiseaux et l'effet de certaines pratiques";"Oiseaux";"Nationale";;;;"";;;;;"Enquêtes (ponctuelles ou continues)";"209dc0a4-d294-4f42-b28d-05b25122fb3e";"false"
228;;"P228";;228;"Protocole minimal commun pour le suivi de la Chevêche d’Athéna (Athene noctua) par capture-recapture en nichoirs  dans le cadre d'un programme personnel de baguage en France (v.1.0)";;"2015";;"false";"CRBPO";"https://inpn.mnhn.fr/docs-web/docs/download/389522";"https://crbpo.mnhn.fr/IMG/pdf/protocole_commun_pp_athnoc_v1_0.pdf";"Page de présentation des ""programmes personnels"" du CRBPO : https://crbpo.mnhn.fr/spip.php?article43";"Un suivi rentre dans le cadre des programmes personnels lorsqu’une personne souhaite faire une étude sur une espèce ou un groupe d’espèces en utilisant des méthodes de capture particulières (autres que filets : matoles, clap-net, au nid…) ou des méthodes de marquage particulières (autres que les bagues classiques). Ce type de programme nécessite une demande particulière auprès du CRBPO. 
Pour les programmes personnels portant sur la Chevêche d’Athéna (Athene noctua), il est demandé que le porteur de programme personnel s’engage à mettre en œuvre le protocole commun défini en 2015 décrit ici, par les personnes suivant l’espèce en France et le CRBPO. C’est un protocole minimal. Chaque programme peut ajouter des éléments supplémentaires, adaptés à ses propres objectifs. Le but de ce protocole commun est en particulier d’améliorer la capturabilité des mâles, élément-clé limitant lorsqu’un objectif de l’étude est de comprendre la dispersion, et son rôle dans la recolonisation (ou la disparition) d’une zone. D’autre part, pour les petites populations, il y aura trop peu de données de capture-recapture pour permettre des analyses démographiques par programme personnel. Il sera alors souhaitable d’analyser les données de plusieurs populations (programmes personnels) simultanément. Et pour que cela soit possible, il faudra que le protocole de base ait été le même dans les différents programmes personnels.";"Chevêche d'Athéna (Athene noctua)";"Quantifier la survie, le recrutement et le mouvement des individus et étudier l’effet des facteurs environnementaux sur le fonctionnement démographique des populations";"Oiseaux";"Locale (site)";;;;"";;;;;"Protocoles standardisés";"a867d168-1d42-4d39-824f-1ae470c4c883";"false"
229;"ALAMER pour tous";"P229";;229;"Plages vivantes - Protocole Algues de la LAisse de MER (ALAMER) pour tous";;"2018";;"false";"Vigie-Nature, programme Plages vivantes : MNHN";"https://inpn.mnhn.fr/docs-web/docs/download/389523";"https://www.plages-vivantes.fr/files/Protocole_ALAMER_MultiQuadrat_PourTous_V1.pdf";"Page de présentation du protocole : https://www.plages-vivantes.fr/alamer/edito/le-protocole-alamer-pour-tous ; clé d'identification des algues : https://www.plages-vivantes.fr/files/Cle_ALAMER_Bretagne_V2.pdf";"Les algues sont des végétaux marins qui se développent en mer et vont former de véritables communautés appelées habitats marins. Au gré de leur cycle de vie, des vents, des courants et des marées, ces algues vont se décrocher de leur substrat et une quantité plus ou moins variable va venir s’échouer sur le haut des plages et composer en partie la laisse de mer. Avec le changement climatique et l’eutrophisation des eaux, la composition en algues des habitats marins change et donc la composition des laisses de mer aussi. Les usages des plages et les pratiques de gestion évoluent et peuvent affecter la conservation d’espèces emblématiques ou vulnérables associées à ces laisses. Documenter la composition de ces laisses, pour comprendre ces changements et mieux conserver cet écosystème, là est tout l’enjeu du programme Plages Vivantes.
Dans quelle mesure les espèces d’algues de la laisse de mer sont-elles différentes d’une plage à l’autre ou au cours des saisons ? Reflètent-elles la composition en algues des habitats marins à proximité ? 
Pour répondre à ces questions, les scientifiques ont besoin d’étudier la composition en algues et la structure de la laisse de mer à large échelle spatiale et temporelle. D’où le protocole ALAMER, proposé dans un premier temps à l’échelle du littoral de la Manche et de l’Atlantique. En proposant à tous de participer à cet échantillonnage, les scientifiques espèrent récolter un grand nombre de données tout en sensibilisant les participants aux enjeux de préservation de cet écosystème.
Pour participer, nul besoin d’être un spécialiste ! Tous peuvent aller à la découverte des espèces de nos côtes et identifier une trentaine d’espèces ou groupes d’espèces d’algues. Les données récoltées par les participants volontaires viendront compléter celles des scientifiques et devraient permettre d’enrichir les connaissances pour contribuer à mieux conserver les espèces et les habitats.
Le protocole est décliné en deux niveaux de participation : ""pour tous"" et ""pour les scolaires"" (répertorié au n°230 de ce catalogue).";"Algues";"Dans quelle mesure les espèces d’algues de la laisse de mer sont-elles différentes d’une plage à l’autre ou au cours des saisons ? Reflètent-elles la composition en algues des habitats marins à proximité ?";"Autres";"Nationale";"Fiche de terrain (un seul quadrat) : https://www.plages-vivantes.fr/files/FT_ALAMER_MonoQuadrat_PourTous_V1.pdf ; fiche terrain plusieurs quadrats : https://www.plages-vivantes.fr/files/FT_ALAMER_MultiQuadrats_PourTous_V1.pdf";;;"";;;;;"Protocoles standardisés";"139f0e91-31a1-4f49-9e82-c4d52f07e4d6";"false"
230;;"P230";;230;"Protocole national de surveillance scientifique des fonctions écologiques des prés salés (ouverts à la mer) pour l’ichtyofaune";;"2018";;"false";"Observatoire du Patrimoine Naturel Littoral (RNF-AFB)";"https://inpn.mnhn.fr/docs-web/docs/download/389572";"https://www.reserves-naturelles.org/sites/default/files/private/3_document_etat_davancement_protocole_ichtyofaune-pres_sales_cst_06.07.18.pdf";"L’ensemble de ces fiches standardisées, les devis des différents matériels d’échantillonnage et divers documents d’aide à l’identification des espèces sont disponibles via la dropbox suivante : https://www.dropbox.com/sh/o957cdocvv1n1au/AADI0tCA5fDnySpodPYdC4A8a?dl=0";"Dans le cadre de l'l’Observatoire du Patrimoine Naturel Littoral (RNF-AFB), ce protocole s'intéresse à l’analyse des fonctions écologiques des prés salés sur le littoral français et des effets de différentes mesures de gestion et du réchauffement climatique sur leurs fonctions. Le protocole proposé est composé d’un socle commun et de 4 volets optionnels. Le socle commun est la partie à réaliser à chaque campagne d’échantillonnage. Elle comprend l’analyse de la communauté ichtyologique du chenal, les mesures des paramètres physico-chimiques et l’analyse des contenus stomacaux d’espèces cibles. 
Les volets optionnels regroupent différentes analyses directes ou indirectes des proies potentielles de l’ichtyofaune dans les chenaux de prés salés suivis.";"Prés salés, poissons";"Analyse des fonctions écologiques des prés salés sur le littoral français et des effets de différentes mesures de gestion et du réchauffement climatique sur leurs fonctions";"Multi-groupes";"Nationale";;;;"";;;;;"Protocoles standardisés";"03d6fcdb-2d73-4f96-b6aa-9dad38962eeb";"false"
231;"OBSenMER - Observations avec effort (niveau 2)";"P231";;231;"OBSenMER (Cybelle planète) - Observations avec effort (niveau 2)";;"2019";;"false";"Cybelle planète";"https://inpn.mnhn.fr/docs-web/docs/download/389573";"http://www.cybelle-planete.org/images/pdf/2017_livretcontributeur_cybelleplanete.pdf";"Page de présentation du programme : https://www.obsenmer.org/pages/presentation";"OBSenMER est une plateforme numérique collaborative et gratuite qui facilite la collecte, la sauvegarde et le partage des observations en mer. Elle concerne tous les types d’observations : mammifères marins, poissons, oiseaux, mais aussi les activités humaines, telles que la plaisance, la pêche, la pollution, etc. OBSenMER s’adresse à tous les amoureux de la mer : néophytes, observateurs occasionnels comme chevronnés, naturalistes expérimentés et scientifiques.
Le programme propose trois méthodologies (protocoles) appliquées : l'Observation ponctuelle (niveau 1) (non répertoriée dans ce catalogue) qui permet, lors de sorties en mer, de rapidement noter et signaler l’observation d’une des espèces étudiées à un endroit et à un moment donné ; l'Observation avec effort (niveau 2) (décrite ici), qui introduit la notion « d’effort d’observation ». L’observateur, durant 15 minutes minimum, assure une veille attentive et note les espèces rencontrées le long de son trajet ; et l'Observations experts (niveau 3), qui nécessite une personne compétente et formée pour suivre un protocole clairement défini. Il n’est accessible qu’aux collecteurs de données qualifiés : associations d’écovolontariat, naturalistes, professionnels, scientifiques…
Ce protocole ""Observations avec effort (niveau 2)"" permet d’évaluer l’abondance faunistique dans la zone prospectée par le navire : un paramètre très utile pour un suivi de la biodiversité.";"Mammifères marins, poissons, oiseaux, etc. observables en mer";"Evaluer la répartition, l'abondance des espèces contactées et l'effet des activités humaines";"Multi-groupes";"Nationale";;;;"";;;;;"Protocoles standardisés";"0f4dfa49-94c7-48cb-aa15-630f88f628d2";"false"
232;"IKA Guyane";"P232";;232;"Suivi de la grande faune amazonienne par Indice Kilométrique d'Abondance (IKA)";;"2009";;"false";"Parc amazonien de Guyane";"https://inpn.mnhn.fr/docs-web/docs/download/389904";"http://www.parc-amazonien-guyane.fr/fr/download/file/fid/849";"Page de présentation du protocole : https://www.parc-amazonien-guyane.fr/fr/des-actions/etudes-inventaires-suivis/suivi-de-la-grande-faune-ika";"Ce protocole du Parc amazonien de Guyane s'intéresse aux effets de l’activité cynégétique sur la faune sauvage. En effet, les mesures de gestion durable des ressources cynégétiques nécessitent l'évaluation des indices démographiques représentant la densité des différentes espèces chassées. Le Parc amazonien de Guyane pour ses suivis directs d’abondance des populations de grande faune dans divers sites, se réfère à la méthode standardisée et éprouvée des transects linéaires de l'Office française de la biodiversité (OFB), qui a initié le projet en 1999. Celle-ci s’est révélée la plus adaptée à l’écosystème forestier amazonien et permet d’obtenir des indices kilométriques d’abondance (IKA, nombre d’observation par kilomètre parcouru) ou d’en extrapoler statistiquement des valeurs de densités. L'action s'effectue sur les zones fréquentées par les chasseurs autour de chaque bassin de vie et dans des sites non chassés.
Ces données permettent de comparer les abondances obtenues entre différentes zones de chasse et avec ceux des zones témoins, et surtout de suivre l’évolution de ces abondances au cours du temps sur un même site. Les résultats contribuent
à l’évaluation de l'impact de la chasse sur la démographie des gibiers.";"Espèces gibiers : Mammifères (Ongulés, Xénarthres, Primates, Rongeurs, Chauves-souris, Carnivores), Reptiles (caïmans, iguanes, tortues terrestres), Oiseaux (certaines espèces)";"Estimation de l'abondance du gibier et évaluation de l'impact de la chasse sur la démographie des gibiers";"Multi-groupes";"Régionale";;;;"";;;;;"Protocoles standardisés";"94679ce8-4a8e-4ef9-bad1-2809ba395110";"false"
233;" Protocole de terrain pour le comptage des oiseaux d'eau";"P233";;233;"Guide méthodologique pour le suivi des oiseaux d'eau : Protocole de terrain pour le comptage des oiseaux d'eau";"Guidance on waterbird monitoring methodology: Field protocol for waterbird counting";"2012";;"false";"Wetlands International";"https://inpn.mnhn.fr/docs-web/docs/download/389916";"https://europe.wetlands.org/wp-content/uploads/sites/3/2016/08/Protocol-for-waterbird-counting_FR_.pdf";;"Le Dénombrement International d'Oiseaux d'Eau (DIOE) est un programme de suivi sur site des effectifs d'oiseaux d'eau, coordonné depuis 1967 par Wetlands International, initialement connu sous le nom de Bureau International de Recherche pour les Oiseaux d'Eau et les Zones Humides (BIROE, IWRB en anglais International Waterfowl and Wetlands Research Bureau). Le Dénombrement est effectué au niveau global, et l'ancienne division en quatre suivis continentaux a été remplacé en 2003 par une nouvelle stratégie de coordination globale. 
Le dénombrement a lieu chaque année dans près de 100 pays, avec la participation d'environ 15 000 compteurs, dont la plupart sont bénévoles.
Les objectifs des dénombrements sont les suivants : évaluer la taille des populations d'oiseaux d'eau, décrire l'évolution de l'effectif et de la distribution de ces populations, identifier les zones humides d'importance internationale pour les oiseaux d'eau, quelle que soit la saison, et fournir les informations nécessaires à la gestion et à la protection des populations d'oiseaux d'eau grâce à des conventions internationales, à la législation nationale et à autres moyens.";"Oiseaux d'eau";"Evaluer la taille des populations d'oiseaux d'eau, décrire l'évolution de l'effectif et de la distribution de ces populations, identifier les zones humides d'importance internationale pour les oiseaux d'eau et fournir les informations nécessaires à la gestion et à la protection des populations d'oiseaux d'eau";"Oiseaux";"Internationale";;;;"";;;;;"Protocoles standardisés";"de56b4e5-5c45-4447-a404-8762141e5795";"false"
234;;"P234";;234;"Les étourneaux dans la ville : biologie et méthodes de gestion. Etude des lignes de vol";;"2014";;"false";"INRA & Plante & Cité";"https://inpn.mnhn.fr/docs-web/docs/download/389905";"https://www.plante-et-cite.fr/files/ressource/file:329";"https://www.plante-et-cite.fr/ressource/fiche/193/les_etourneaux_dans_la_ville_biologie_et_methodes_de_gestion";"Ce protocole s'inscrit dans un rapport s'intéressant aux méthodes et outils d’effarouchement actuels à mettre en place dans les nombreuses villes confrontées aux nuisances causées par des effectifs importants d’étourneaux sansonnets qui investissent des sites urbains chaque nuit, notamment en hiver. Dans le cadre de l'élaboration d'une stratégie d'effarouchement globale, ce protocole concerne en particulier l'étude des lignes de vol. ll s'agit d'observer précisément les migrations vespérales des étourneaux entre leur zone de gagnage diurne à la campagne et leurs sites de dortoirs urbains nocturnes.
Ces observations se font de préférence quand les étourneaux sont les plus nombreux, c'est à dire en hiver (octobre-février), lorsque les migrateurs viennent de l'Europe de l'Est et se mêlent aux oiseaux sédentaires. Il permet de comprendre comment se forment les dortoirs d'étourneaux en ville ; par où ils arrivent et en quelle quantité, mais aussi de déterminer les lignes de vol principales afin de localiser, sous celles-ci, des sites de dortoirs potentiels moins gênants. C'est en effet dans le secteur par où ils entrent dans la ville qu'ils auront tendance à choisir un nouveau site de dortoir.";"Etourneau sansonnet (Sturnus vulgaris)";"Comprendre comment se forment les dortoirs d'étourneaux en ville et déterminer les lignes de vol principales afin de localiser, sous celles-ci, des sites de dortoirs potentiels moins gênants";"Oiseaux";"Locale (site)";;;;"";;;;;"Protocoles standardisés";"6df9a50b-b8f7-465d-8663-de53e3bfd81f";"false"
235;;"P235";;235;"Méthode de recueil de données applicable sur les sites de l'observatoire régional de la migration des oiseaux en Aquitaine";;"2015";;"false";"LPO";"https://inpn.mnhn.fr/docs-web/docs/download/389906";"https://cdnfiles2.biolovision.net/www.migraction.net/pdffiles/news/Protocole_2015023JPU-9540.pdf";"Page de présentation du portail Migraction : https://www.migraction.net/ ; une aide à la saisie sur le portail : https://www.google.com/url?sa=t&rct=j&q=&esrc=s&source=web&cd=&ved=2ahUKEwiM7L3E-M7yAhUKJBoKHa11C7wQFnoECAQQAQ&url=http%3A%2F%2Ffiles.biolovision.net%2Fwww.migraction.net%2Fuserfiles%2Fimage%2FProtocoledesaisie2016LL.pdf&usg=AOvVaw2iQJQocAI-uSbGN59rs6Mf";"Dans le cadre du suivi de la migration des oiseaux en Aquitaine, ce protocole propose une méthode de recueil de données de comptages sur les sites de passages migratoires. L'objectif est de parvenir, par le croisement de l'ensemble des variables (liées au site, aux observateurs, aux conditions météorologiques et à l'oiseau), à un résultat interprétable ou non (calcul d'indices) dans le cadre d'un monitoring, et d'aider, par la sélection et la combinaison de certaines d'entre elles, à l'amélioration de la connaissance dans les domaines de l'ornithologie et de la méthodologie.";"Oiseaux migrateurs";"Estimation de la taille des populations migratrices (indice annuel incluant plusieurs variables)";"Oiseaux";"Locale (site)";;;;"";;;;;"Protocoles standardisés";"98775f99-b70b-4f92-9071-1b1aa4424356";"false"
236;;"P236";;236;"Méthode de suivi des colonies d'oiseaux marins : dénombrement de l'effectif nicheur et suivi de la production en jeunes";;"2020";;"false";"GISOM (groupement d’intérêt scientifique oiseaux marins)";"https://inpn.mnhn.fr/docs-web/docs/download/389918";"https://www.google.com/url?sa=t&rct=j&q=&esrc=s&source=web&cd=&ved=2ahUKEwiS_aCwhM_yAhUI3BoKHasvDsMQFnoECAUQAQ&url=http%3A%2F%2Foiseaux-marins.org%2Fupload%2Fiedit%2F1%2Factualites%2FInfo%2FROMN20-22%2FA2_GISOMmethodocompile_avril2020.pdf&usg=AOvVaw3UbyAwkM65J2CqxBEWJrvl";"Page de l'enquêre sur les oiseaux marins nicheurs : https://oiseaux-marins.org/accueil/agenda/123-296/lancement-du-6eme-recensement-des-oiseaux-marins-nicheurs-2020-2022";"Dans le cadre de l’enquête « oiseaux marins nicheurs de France 2020-2022"", ce protocole propose une méthode de suivi pour les espèces d'oiseux marins vivant en colonie (fulmars, macareux, goélands, mouettes, etc.). Pour chaque espèce ou groupe d'espèces, les méthodes de dénombrement sont énoncées afin de réaliser des comptages homogènes d'année en année et de pouvoir évaluer la tendance d'évolution des populations en France.";"Fulmar boréal, Macareux moine, Puffin cendré, Puffin yelkouan, Puffin des Anglais, Océanite tempête, Fou de Bassan, Grand Cormoran, Cormoran huppé, Goéland brun, Goéland argenté, Goéland leucophée, Goéland marin, Goéland railleur, Goéland d'Audoin, Goéland cendré, Mouette mélanocéphale, Mouette rieuse, Mouette tridactyle, Sterne hansel, Sterne caugek, Sterne de Dougall, Sterne pierregarin, Sterne naine, Guillemot de Troïl, Pingouin torda";"Suivi de la reproduction, évolution des tendances de population";"Oiseaux";"Nationale";;;;"";;;;;"Protocoles standardisés";"fd95e4b1-00d8-4897-aa54-b944ae8a3cdd";"false"
237;;"P237";;237;"Milan royal - Protocole de suivi des populations nicheuses";;"2008";;"false";"LPO Mission Rapaces";"https://inpn.mnhn.fr/docs-web/docs/download/389932";"https://www.lpo.fr/images/rapaces/cahiers_techniques/CT_milan.pdf";"Page de la LPO Mission Rapaces sur le Milan royal : http://rapaces.lpo.fr/milan-royal";"Dans le cadre du plan national de restauration du Milan royal (2003-2013) puis d'un plan national d'actions (2018-2027), ce protocole a été mis en place afin d'assurer un réseau de suivi de populations échantillons destiné à collecter des informations sur les paramètres démographiques et l’évolution des effectifs. Le principe de ce suivi consiste donc à recenser chaque année les couples nicheurs de milans royaux sur une surface délimitée et de suivre leur reproduction.
Le protocole établi et présenté ci-après vise à harmoniser, planifier et standardiser les suivis afin de permettre des comparaisons.
Ce protocole est couplé avec un suivi des individus hivernants (répertorié au n°238 de ce catalogue).";"Milan royal (Milvus milvus)";"Etudier les paramètres démographiques et l’évolution des effectifs";"Oiseaux";"Nationale";;;;"";;;;;"Protocoles standardisés";"3570c4b6-a17c-4375-a2f4-ea4ea92efda2";"false"
238;;"P238";;238;"Milan royal - Protocole de suivi des dortoirs hivernaux";;"2008";;"false";"LPO Mission Rapaces";"https://inpn.mnhn.fr/docs-web/docs/download/389932";"https://www.lpo.fr/images/rapaces/cahiers_techniques/CT_milan.pdf";"Page de la LPO Mission Rapaces sur le Milan royal : http://rapaces.lpo.fr/milan-royal";"Dans le cadre du plan national de restauration du Milan royal (2003-2013) puis d'un plan national d'actions (2018-2027), un protocole de suivi du Milan royal est mis en place. Il inclut un suivi de la reproduction (recensé au n°237 de ce catalogue) et un dénombrement des hivernants. A l’instar des dénombrements annuels des oiseaux d’eau hivernants (Wetlands International), un comptage simultané des milans royaux hivernants est décrit dans ce protocole. La localisation des dortoirs débute dès les mois d’octobre et novembre et les recherches sont intensifiées fin décembre et les premiers jours de janvier. Un comptage simultané peut être envisagé début janvier.";"Milan royal (Milvus milvus)";"Suivre la répartition et les effectifs des population hivernantes";"Oiseaux";"Nationale";;;;"";;;;;"Protocoles standardisés";"64208e90-d22d-4479-9755-d63874ae7438";"false"
239;;"P239";;239;"Observatoire des rapaces diurnes";;"2005";;"false";"LPO";"https://inpn.mnhn.fr/docs-web/docs/download/389819";"http://files.biolovision.net/observatoire-rapaces.lpo.fr/pdffiles/news/Support_Protocole-Observateurs_Coordinateurs-5136.pdf";"Site de l'observatoire : http://observatoire-rapaces.lpo.fr/";"L’Observatoire des Rapaces diurnes est en place depuis 2005 et fait suite à l’enquête Rapaces diurnes de 2000-2002 qui avait pour but de réaliser l’état des lieux de la distribution et de l’abondance des rapaces en France.
L’objectif de ce suivi annuel est de déterminer les distributions, abondances et tendances des espèces les plus communes telles que l’Autour des palombes, la Bondrée apivore, le Busard cendré, le Busard des roseaux, le Busard Saint-Martin, la Buse variable, le Circaète-Jean-le-Blanc, l’Epervier d’Europe, le Faucon crécerelle, le Faucon hobereau, le Milan noir et le Milan royal. Ce suivi permet d’appréhender l’état de conservation de chacune de ces espèces et ainsi d’orienter les stratégies de protection des rapaces à large distribution en France.
Le protocole repose sur le recensement exhaustif des couples nicheurs de tous les rapaces diurnes présents en période de reproduction dans un carré de 5 km de côté. Un indice de reproduction est attribué à chaque couple et le nombre de couples certains, probables et possibles est déterminé dans le carré à la fin de la saison de reproduction.";"Rapaces diurnes (Autour des palombes, Bondrée apivore, Busard cendré, Busard des roseaux, Busard Saint-Martin, Buse variable, Circaète-Jean-le-Blanc, Epervier d’Europe, Faucon crécerelle, Faucon hobereau, Milan noir et Milan royal)";"Déterminer les distributions, abondances et tendances";"Oiseaux";"Nationale";;;;"";;;;;"Protocoles standardisés";"d40d1978-01a5-4276-8e78-0faa63d135ad";"false"
240;"STORI";"P240";;240;"Suivi Temporel des Oiseaux nicheurs en Rivière (STORI)";;"2010";;"false";;"https://inpn.mnhn.fr/docs-web/docs/download/389934";;;"Le suivi standardisé des communautés d’oiseaux, à l’échelle d’un cours d’eau entier, durant une longue période, permet  non seulement de mesurer les fluctuations des populations mais aussi d’appréhender l’évolution de tout un territoire à travers celle des peuplements qui l’habitent. Un tel suivi a été pratiqué le long de l’Allier dans le cadre plus large du suivi temporel des communautés d’oiseaux nicheurs au bord des rivières (programme STORI) qui a été mis en place également le long de la Loire en 1989.
Les différentes campagnes de recensement ont eu pour objectifs de décrire le gradient ornithologique amont-aval et d’évaluer l’intérêt du peuplement, d’analyser les liens entre la structure du peuplement d’oiseaux et celle du milieu et de suivre les changements de ce peuplement, à moyen terme, dans un contexte d’évolution assez modéré de l’environnement.";"Oiseaux";"Mesurer les fluctuations des populations d'oiseaux, leur lien avec leur habitat et leur évolution";"Oiseaux";"Régionale";;;;"";;;;;"Protocoles standardisés";"e3c0756d-f25e-41c3-abab-19196c925a0b";"false"
241;;"P241";;242;"Anatidés et Limicoles nicheurs en France : enquêtes 2010";;"2010";"2010";"true";"LPO & ONCFS";"https://inpn.mnhn.fr/docs-web/docs/download/389936";"https://www.google.com/url?sa=t&rct=j&q=&esrc=s&source=web&cd=&cad=rja&uact=8&ved=2ahUKEwi-weDz4NDyAhUJCRoKHWbFAZoQFnoECAMQAQ&url=https%3A%2F%2Fwww.png-courliscendre.fr%2Fapp%2Fdownload%2F7412643954%2FENQUETE_NATIONALE_LIMICOLES_ANATIDES_NICHEURS_M%25C3%25A9thode_2010.pdf%3Ft%3D1521806410&usg=AOvVaw1hwAbAxzj4rVottd8E9gWO";;"Une enquête portant sur les Limicoles et les Anatidés nicheurs de France a été réalisée en 2010 sous une coordination LPO – ONCFS. Pour ces espèces, une réactualisation des connaissances, quinze années après l’enquête de 1995, s’avère urgente étant donné la périodicité de 10 ans appropriée pour fournir les évaluations de tendances nationales qui permettent l’application des critères de l’UICN pour évaluer les menaces. Idéalement, la reproduction périodique de cette enquête avec un intervalle de 10 ans permettrait une mise à jour des informations en adéquation avec les préconisations de l’UICN.";"Limicoles et Anatidés";"Evaluer les effectifs nicheurs en France de 14 espèces de Limicoles et de 17 espèces d’Anatidés par région et département, déterminer et préciser la distribution actuelle des espèces de Limicoles et d’Anatidés nicheurs par région et par département, estimer les tendances d’évolution des effectifs et de la distribution de ces espèces en France, évaluer pour chaque espèce la proportion des effectifs qui nichent dans les Zones de Protection Spéciales (ZPS) et en dehors de celles-ci, mettre à jour la base de données Natura 2000, conformément aux obligations réglementaires de l’Union Européenne pour les Directives « Habitats » et « Oiseaux », produire un indicateur de gestion des sites permettant d’évaluer les actions de gestion et de restauration des sites à travers le maintien ou la régression des Limicoles et Anatidés nicheurs dans les espaces protégés, et produire des indicateurs « biodiversité » concernant des espèces sensibles des zones
humides";"Oiseaux";"Nationale";;;;"";;;;;"Protocoles standardisés";"9409dc40-3f2e-4003-804c-6bbaf7098608";"false"
242;"LIMAT";"P242";;242;"Enquête nationale Limicoles & Anatidés nicheurs (LIMAT) 2021-2022";;"2020";"2020";"false";"LPO France & OFB";"https://inpn.mnhn.fr/docs-web/docs/download/389938";"https://www.google.com/url?sa=t&rct=j&q=&esrc=s&source=web&cd=&cad=rja&uact=8&ved=2ahUKEwi-weDz4NDyAhUJCRoKHWbFAZoQFnoECAkQAQ&url=https%3A%2F%2Fcdnfiles1.biolovision.net%2Fwww.faune-auvergne.org%2Fuserfiles%2FLIMAT20212022%2FEnquteLIMATprsentationprotocole231120.pdf&usg=AOvVaw34Owvxw5SSUH9m0ncKcRtO";"Pages de présentation du programme LIMAT : https://professionnels.ofb.fr/fr/node/1336 ; https://www.faune-france.org/index.php?m_id=20161";"Cette nouvelle enquête (LIMAT) s’inscrit avant tout dans le sillage de la précédente conduite en 2010 et coordonnée par la LPO et l’ONCFS (référencée au n°241 de ce catalogue). Ainsi, elle permettra de répondre au besoin d'actualiser les connaissances sur les populations nicheuses d’Anatidés, Foulque, Limicoles et Grèbes pour évaluer leur statut de conservation en France et en Europe. Ces estimations des tailles de populations nicheuses permettront également d’alimenter le prochain rapportage Directive oiseaux portant sur la période 2019-2024. La fréquence de l’enquête évolue pour adopter celle du rapportage, passant de 10 ans à 6 ans. L’enquête LIMAT va s’étaler sur 2 ans (2021 et 2022). Le prochain rendez-vous sera donc en 2027-2028.";"Anatidés, Foulque, Limicoles et Grèbes";"Estimations des tailles de populations nicheuses";"Oiseaux";"Nationale";;;;"";;;;;"Protocoles standardisés";"8f08f604-1f2b-402c-9bbe-95aab8f6c218";"false"
243;;"P243";;243;"Recensement National des Hérons coloniaux de France";;"2019";;"false";"CNRS Université de Rennes 1";"https://inpn.mnhn.fr/docs-web/docs/download/389951";"http://files.biolovision.net/www.faune-france.org/userfiles/RapportrecHrons2014FINAL-compress.pdf";;"Depuis 1974, le Recensement National des Hérons est devenu officiel avec le label du Ministère chargé de l’Environnement, et fait partie des indicateurs nationaux de la biodiversité mis en place par ce ministère en 1996. Ces recensements nationaux étaient espacés initialement de 6 ou 7 ans jusqu’en 1981 (1962-1968-1974-1981), puis tous les 4 ou 5 ans (1985-1989-1994), avant de reprendre le rythme initial (2000, 2007, 2014) compte tenu de la lourdeur croissante de l’opération avec le nombre d’espèces et surtout celui des colonies.
Ce document présente le dernier recensement de 2014, et le protocole permettant d'évaluer la distribution nationale des colonies de hérons ainsi que l’évolution des effectifs (nombre de nids et de colonies) par espèce recensée par région et département, ainsi qu'à l'échelle nationale.";"Héron cendré, Héron pourpré, Héron bihoreau, Héron crabier, Géron garde-bœufs, Aigrette garzette, Grande Aigrette";"évaluer la distribution nationale des colonies et l’évolution des effectifs";"Oiseaux";"Nationale";;;;"";;;;;"Protocoles standardisés";"ec80ea6b-a923-4a13-a66b-6a9c15a24e80";"false"
244;;"P244";;244;"Protocole de suivi - Comptages en sortie de cavité/gîte anthropique à la Réunion";;;;"false";"Groupe Chiroptères Océan Indien";"https://inpn.mnhn.fr/docs-web/docs/download/409114";"https://www.borbonica.re/files/outils_taxonomiques/protocole_comptage_sortie_gites_chiros_vf_gcoi.pdf";;"Les comptages en sortie de gîte pour le Petit Molosse de La Réunion sont relativement fréquents, particulièrement dans le cadre des études d’impacts. Ce protocole de « comptage en sortie/entrée de gîte » vise à bien cadrer ces observations de manière à ce que les données soient standardisées pour être comparables d’un site à un autre et exploitables dans le temps. Il offre en outre la possibilité d’effectuer des analyses fines des données tel que des décalages dans le temps du pic de sortie des individus dont les causes peuvent être recherchées.";"Petit Molosse (Mormopterus francoimoutoui) de La Réunion";"Suivre l'évolution dans le temps des effectifs en présence dans les gîtes d’importance pour l’espèce, connaître les effectifs dans le cadre de l’aide aux particuliers apportés par le Réseau Sauv’Souris.";"Mammifères";"Locale (site)";"Fiches de relevés données en annexe";"Comportements de sortie et de retour au gîte (nombre d'individus), éventuels comportements atypiques";"Heure, données météorologiques (couverture nuageuse, vent, pluie)";"";;;;;"Protocoles standardisés";"dd936b9c-f23d-432b-be59-3f7c5a9c48b2";"false"
245;;"P245";;245;"Protocole de suivi Roussette noire – Pteropus niger – à La Réunion";;;;"false";"Groupe Chiroptères Océan Indien";"https://inpn.mnhn.fr/docs-web/docs/download/409115";"https://www.borbonica.re/files/outils_taxonomiques/protocole_conduite_visites_terrain_ptenig_gcoi_v5.pdf";;"Les observations régulières de Pteropus niger sont nécessaires pour l’amélioration des connaissances et le suivi de l’espèce à La Réunion. Ce protocole de « conduite des visites sur le terrain » vise à bien cadrer ces observations de manière à ce que le dérangement soit minimal pour les animaux et que les données soient standardisées pour être exploitables dans le temps.";"Pteropus niger – Roussette noire ou Grande Roussette noire des Mascareignes";"Obtenir une estimation de la taille totale de la colonie étudiée, suivre les variations inter/intra-annuelles de l’effectif de la colonie.";"Mammifères";"Régionale";"Fiches de relevés données en annexe";"Stade (adulte/juvénile), sexe (mâle/femelle), comportements observés
(accouplement, interaction sociale...).";"Données météorologiques (couverture nuageuse, vent, pluie)";"";;;;;"Protocoles standardisés";"aaf06800-e60b-47fc-9abb-912c92a65488";"false"
246;;"P246";;246;"Echantillonnage à l'électricité - Indice Abondance Anguille (IAA)";;"2019";;"false";"AFB";"https://inpn.mnhn.fr/docs-web/docs/download/409153";"https://www6.inra.fr/diapfc/content/download/3659/36581/file/Livret%20indice%20anguille.pdf";;"Méthode de pêche électrique par échantillonnage par points, dérivée de la méthode d’Echantillonnage Ponctuel d’Abondance (EPA) (Lafaille et al., 2005). L'IAA a été conçu pour que l’échantillonnage soit représentatif de la gamme des conditions d’habitat disponibles, sans a priori sur les préférences d’habitat de l’espèce. Cette méthode présente une bonne efficacité de capture des anguilles, nécessite peu de personnes et de temps pour sa mise en place. Les données obtenues sont sous forme d’indice.";"Anguilles";"Suivi démographique des populations : l’abondance des différentes classes de tailles renseigne du remplacement des générations (ou recrutement). C’est un outil de diagnostic des populations d’anguilles et de leurs habitats en cours d’eau.";"Poissons";"Locale (site)";;"Nombre d’anguilles pêchées";"Temps de pêche (min/sec),longueur de la station, largeur moyenne de la station";"";;"https://inpn.mnhn.fr/docs-web/docs/download/271850";;"Indice d’abondance anguille (IAA)";"Protocoles standardisés";"e3d6ed08-c152-4f5e-af35-96647358b4dd";"false"
247;;"P247";;247;"Échantillonnage à l'électricité - Indice Abondance Saumon (IAS)";;"2019";;"false";"AFB";"https://inpn.mnhn.fr/docs-web/docs/download/409120";"https://www6.inra.fr/diapfc/content/download/3658/36578/file/Livret%20indice%20d'abondance%20saumon%20.pdf";;"Méthode de pêche à l'électricité des juvéniles (age 0+) de saumon atlantique en cours d'eau. Elle consiste en la prospection de radiers/rapides (>40cm/s) par traits sur une durée totale de 5 minutes.";"Saumon atlantique (Salmo salar)";"Estimer le niveau d’abondance de juvéniles de saumon atlantique (Salmo salar) sur une station. Ce protocole vise les juvéniles de l’année (d’âge 0+) dont l’abondance traduit le renouvellement des générations au sein de la population (ou recrutement) et la survie après les phases de développement embryonnaire sous gravier et les premiers mois de vie en milieu ouvert.";"Poissons";"Locale (site)";;"En fin de pêche : longueur, poids, sexe, prélèvement de tissus des poissons capturés";"Nombre de traits réalisés,  longueur de la station,  largeur moyenne de la station, surface d’équivalent radier-rapide (SRR).";"";;"https://inpn.mnhn.fr/docs-web/docs/download/271850";;"Indice d’Abondance Saumon (IAS)";"Protocoles standardisés";"d4c67473-92c5-4e8a-ab17-002cd5bd0bf1";"false"
248;;"P248";;248;"Suivi des déplacements altitudinaux des communautés d’orthoptères en lien avec le changement climatique dans les parcs nationaux du Mercantour et des Écrins";;"2020";;"false";"Couturier Thibaut, Mourguiart Bastien, Mansons Jérôme, Braud Yoan, Combrisson Damien, Jailloux Adrien, Besnard Aurélien";"https://inpn.mnhn.fr/docs-web/docs/download/400255";"https://www.researchgate.net/publication/355046807_Suivi_des_deplacements_altitudinaux_des_communautes_d%27orthopteres_en_lien_avec_le_changement_climatique_dans_les_parcs_nationaux_du_Mercantour_et_des_Ecrins";;"Ce document propose un cadre pour le recueil, le stockage et l'analyse des données de suivis d'orthoptères afin de mesurer des changements de distribution latitudinale au altitudinale des communautés d'orthoptères. Le suivi se fait par observation directe ou via capture ainsi que par écoute dans des stations regroupées le long de transects altitudinaux.";"Ce protocole porte sur les orthoptères et en particulier sur les criquets.";"Etudier les effets du changement climatique sur la distribution altitudinale des communautés d'orthoptères.";"Insectes et araignées";"Régionale";;;;"";;;;;"Guides et recommandations";"bc8e419c-3252-454e-b9a7-554fceb9b949";"false"
249;"STOM";"P249";;249;"Suivi temporel des oiseaux de montagne";;"2018";"2018";"false";"Jules Chiffard-Caribaburu, Anne Delestrade, Aurélien Besnard, Philippe Fontanilles.";"https://inpn.mnhn.fr/docs-web/docs/download/400245";;;"Adaptation du protocole STOC au milieu montagnard notamment en introduisant la notion de parcours qui permet la faisabilité de dix points d'écoute dans une matinée dans les milieux les plus escarpés. La détection des individus se fait par observation directe ou avec jumelles ainsi que par écoute.";"Oiseaux de montagne";"Ce suivi a pour objet de répondre à la question suivante : Comment évoluent sur le long terme les abondances des oiseaux communs dans les habitats ouverts d'altitude ?";"Oiseaux";"Nationale";;"Habitat et végétation";"Altitude, déneigment, météo, visibilité, éléments de paysage";"";;;;;"Protocoles standardisés";"509b5636-9fc5-4781-be36-cce9c61eb591";"false"
250;"LigérO - Protocole Flore";"P250";;250;"La boîte à outils de suivi des milieux humides - Protocole Flore";;"2021";;"false";"Conservatoire d'espaces naturels Centre-Val-de-Loire";"https://inpn.mnhn.fr/docs-web/docs/download/400295";;;"Ce protocole est une déclinaison sur le bassin Loire-Bretagne du protocole flore de RhoMeo. Les inventaires sont réalisés sur un ensemble de placettes réparties de manière à échantilonner le plus d'habitats naturels possibles pour évaluer la flore d'un site.";"Flore";"Inventorier la flore d'un site";"Plantes, mousses et fougères";"Locale (site)";;;;"";;;;;"Protocoles standardisés";"85573d5d-f9ca-4b4d-8ddd-8788e4b3e125";"false"
251;"LigérO - Protocole Amphibiens";"P251";;;"La boîte à outils de suivi des milieux humides - Protocole Amphibiens";;"2021";;"false";"Conservatoire d'espaces naturels Centre-Val-de-Loire";"https://inpn.mnhn.fr/docs-web/docs/download/400295";;;"Ce protocole est une déclinaire sur le bassin Loire-Bretagne du protocole amphibiens de RhoMeO. Il permet de réaliser une inventaire calibré et reproductible du peuplement d'amphibiens dans des zones humides par la réalisation de points d'écoute et d'observations.";"Amphibiens";"Réaliser un inventaire calibré et reproductible du peuplement d'amphibiens de la zone humide.";"Amphibiens et reptiles";"Locale (site)";;;;"";;;;;"Protocoles standardisés";"e9bed149-331d-4787-964d-32d89a7a282a";"false"
252;"LigérO - Protocole Odonates";"P252";;;"La boîte à outils de suivi des milieux humides - Protocole Odonates";;"2021";;"false";"Conservatoire d'espaces naturels Centre-Val-de-Loire";"https://inpn.mnhn.fr/docs-web/docs/download/400295";;;"Ce protocole est une déclinaison sur le bassin Loire-Bretagne du protocole odonates de RhoMeO. Il consiste à réaliser des inventaires d'odonates par observation directe ou capture d'individus le long de transect ou au sein d'un point en fonction de la configuration du milieu inventorié.";"Odonates";"Réaliser un inventaire du peuplement d'odonates de la zone humide le plus complet possible dans un minimum de temps en appliquant une pression d'observation calibrée et reproductible.";"Insectes et araignées";"Locale (site)";;;;"";;;;;"Protocoles standardisés";"718d2504-aa7d-4eb8-940c-6cf391749835";"false"
253;"Flash";"P253";;;"Protocole de suivi des oiseaux de passage hivernants en France";;"2017";;"false";"Roux, D., Body G., Eraud, C., Dej, F.";"https://inpn.mnhn.fr/docs-web/docs/download/400296";;;"Réalisation de parcours le long de route aux alentours de la mi-janvier pour évaluer l'abondance et la répartition des espèces de passage pendant l'hiver. La détection des individus se fait par écoute active et observation directe ou avec des jumelles.";"Oiseaux de passage";"Evaluer sur le long terme l'abondance et la répartition des espèces classées ""Oiseaux de passage"" au cours de l'hiver.";"Oiseaux";"Nationale";;;;"";;;;;"Protocoles standardisés";"38ce567a-d4c9-40fb-8b20-7adc48797dc4";"false"
254;"ACT";"P254";;;"Protocole de suivi des populations nicheuses des oiseaux de passage en France";;"2017";;"false";"Roux, D., Body G., Eraud, C., Dej, F.";"https://inpn.mnhn.fr/docs-web/docs/download/400296";;;"Chaque année depuis 1996, le même réseau de points répartis le long d'itinéraires routiers est parcouru par les observateurs affiliés au réseau afin d'évaluer les tendances démographiques en France des populations d'oiseaux nicheurs via la méthode des points d'écoute.";"Oiseaux nicheurs";"Evaluer les tendances démographiques en France des populations d'oiseaux nicheurs sur le long terme.";"Oiseaux";"Nationale";;;;"";;;;;"Protocoles standardisés";"05831eb2-21a1-484f-b2ff-a8a78ca2b0a6";"false"
255;"IBP - parcours plein (v.3.0)";"P255";;255;"Méthodes de relevé de l'indice de biodiversité potentielle (IBP) - par parcours en plein (v.3.0)";;"2022";"3.0";"false";"Centre national de la propriété forestière (CNPF) & Institut national de recherche agronomique (INRA)";"https://inpn.mnhn.fr/docs-web/docs/download/402336";"https://inpn.mnhn.fr/docs-web/docs/download/402336";"Page de présentation de l'IBP : https://www.cnpf.fr/n/ibp-indice-de-biodiversite-potentielle/n:782 ; fiche de relevé selon le domaine/région biogéographique : https://www.cnpf.fr/data/ibp_def_fr_v3_0_1.pdf";"L'Indice de Biodiversité Potentielle (IBP) est un outil permettant aux gestionnaires forestiers d’intégrer aisément la biodiversité taxonomique ordinaire dans leur gestion courante. Cet indicateur, simple et rapide à relever, permet d’évaluer la capacité d'accueil d'un peuplement forestier pour les espèces animales, végétales et fongiques, et d’identifier les points d'amélioration possibles lors des interventions sylvicoles. L’IBP s’utilise sur tout le territoire métropolitain français, avec des adaptations de définition selon la région biogéographique et l’étage de végétation (voir fiche de relevé).
Il consiste à apprécier un ensemble de dix facteurs (notés de A à J) parmi ceux qui sont habituellement reconnus comme les plus favorables à la diversité interne des peuplements forestiers : composition spécifique et structuration verticale du peuplement, maturité et offre en microhabitats liés aux arbres (gros bois morts, dendromicrohabitats), présence d’habitats associés à la forêt (milieux ouverts, aquatiques et rocheux) et continuité de l’état boisé. 
Le diagnostic IBP ne nécessite ni mesures complexes, ni connaissances naturalistes particulières sur les espèces, sauf pour l’identification des arbres. En pratique, il s’agit de parcourir le peuplement en dénombrant des éléments relatifs à chacun des dix facteurs, par exemple le nombre de gros arbres morts ou de strates. Ces observations permettent d’attribuer un score entre 0 et 5 pour chaque facteur. L’addition de ces scores donne l’IBP et permet de situer le peuplement dans un gradient de faible à forte capacité d’accueil. Il permet aussi d’identifier, au sein du peuplement, les éléments favorables à la diversité en espèces ou, au contraire, ceux insuffisamment représentés qu’il serait souhaitable de favoriser lors des actes de gestion.
L’IBP doit être décrit séparément par peuplement, éventuellement par type de peuplement s’ils sont composés de peuplements assez homogènes du point de vue des facteurs IBP et peu éloignés géographiquement. Quatre méthodes sont possibles, décrites dans ce catalogue des n°255 à 259.
La méthode du parcours en plein est la plus simple : tout le peuplement est parcouru de manière homogène, en virées régulières, en s’aidant du GPS en mode trace. On observe le peuplement sur une largeur qui ne doit pas être trop élevée (10-15 m à gauche, 10-15 m à droite de l’axe du cheminement), en faisant attention à ne pas compter deux fois les mêmes éléments entre deux observateurs voisins ou lors d’un retour de virée. Le score IBP est donné en fin de parcours en fonction des observations.
Cette méthode est bien adaptée aux peuplements de faible surface (< 5 ha). Dans les autres cas, d’autres méthodes sont utilisables (voir n°256 à 258). Pour le choix de la méthode à appliquer, se référer au document de référence.";"Habitat forestier via l'inventaire de tous les groupes (espèces animales, végétales et fongiques)";"Evaluer la capacité d'accueil d'un peuplement forestier et améliorer la gestion";"Habitats";"Locale (site)";"fiche de relevé selon le domaine/région biogéographique : https://www.cnpf.fr/data/ibp_def_fr_v3_0_1.pdf";;;"";;;;;"Protocoles standardisés";"107e1d80-7dc3-4d20-9481-90fc81b8e9fd";"false"
256;"IBP - parcours partiel linéaire (v.3.0)";"P256";;256;"Méthodes de relevé de l'indice de biodiversité potentielle (IBP) - par parcours partiel linéaire (v.3.0)";;"2022";"3.0";"false";"Centre national de la propriété forestière (CNPF) & Institut national de recherche agronomique (INRA)";"https://inpn.mnhn.fr/docs-web/docs/download/402336";"https://inpn.mnhn.fr/docs-web/docs/download/402336";"Page de présentation de l'IBP : https://www.cnpf.fr/n/ibp-indice-de-biodiversite-potentielle/n:782 ; fiche de relevé selon le domaine/région biogéographique : https://www.cnpf.fr/data/ibp_def_fr_v3_0_1.pdf";"L'Indice de Biodiversité Potentielle (IBP) est un outil permettant aux gestionnaires forestiers d’intégrer aisément la biodiversité taxonomique ordinaire dans leur gestion courante. Cet indicateur, simple et rapide à relever, permet d’évaluer la capacité d'accueil d'un peuplement forestier pour les espèces animales, végétales et fongiques, et d’identifier les points d'amélioration possibles lors des interventions sylvicoles. L’IBP s’utilise sur tout le territoire métropolitain français, avec des adaptations de définition selon la région biogéographique et l’étage de végétation (voir fiche de relevé).
Il consiste à apprécier un ensemble de dix facteurs (notés de A à J) parmi ceux qui sont habituellement reconnus comme les plus favorables à la diversité interne des peuplements forestiers : composition spécifique et structuration verticale du peuplement, maturité et offre en microhabitats liés aux arbres (gros bois morts, dendromicrohabitats), présence d’habitats associés à la forêt (milieux ouverts, aquatiques et rocheux) et continuité de l’état boisé. 
Le diagnostic IBP ne nécessite ni mesures complexes, ni connaissances naturalistes particulières sur les espèces, sauf pour l’identification des arbres. En pratique, il s’agit de parcourir le peuplement en dénombrant des éléments relatifs à chacun des dix facteurs, par exemple le nombre de gros arbres morts ou de strates. Ces observations permettent d’attribuer un score entre 0 et 5 pour chaque facteur. L’addition de ces scores donne l’IBP et permet de situer le peuplement dans un gradient de faible à forte capacité d’accueil. Il permet aussi d’identifier, au sein du peuplement, les éléments favorables à la diversité en espèces ou, au contraire, ceux insuffisamment représentés qu’il serait souhaitable de favoriser lors des actes de gestion.
L’IBP doit être décrit séparément par peuplement, éventuellement par type de peuplement s’ils sont composés de peuplements assez homogènes du point de vue des facteurs IBP et peu éloignés géographiquement. Quatre méthodes sont possibles, décrites dans ce catalogue des n°255 à 259.
Avec la méthode du parcours partiel, seule une fraction représentative du peuplement est parcourue (par ex. une virée sur deux), avec rapide complément d’observation dans la zone non parcourue, pour diminuer le temps de parcours. La surface parcourue doit couvrir au moins 1 ha et représenter entre 15 et 50 % de la surface totale. Deux types de parcours partiels sont possibles : le parcours partiel linéaire et le parcours partiel sur une ou plusieurs placettes (décrit au n°259 de ce catalogue). Avec le parcours partiel linéaire, le relevé IBP s’effectue le long d’un cheminement linéaire fonction du relief et de la forme du peuplement, par exemple en espaçant les virées. Le parcours doit être représentatif du peuplement et recouper le maximum de la variabilité écologique (topographie, milieux aquatiques et rocheux…), notamment en échantillonnant les bordures. Le cheminement est proche de celui généralement pratiqué en description de peuplement.
Pour le choix de la méthode à appliquer, se référer au document de référence.";"Habitat forestier via l'inventaire de tous les groupes (espèces animales, végétales et fongiques)";"Evaluer la capacité d'accueil d'un peuplement forestier et améliorer la gestion";"Habitats";"Locale (site)";"fiche de relevé selon le domaine/région biogéographique : https://www.cnpf.fr/data/ibp_def_fr_v3_0_1.pdf";;;"";;;;;"Protocoles standardisés";"54936654-cd31-4200-809c-980f73655d01";"false"
257;"IBP - échantillonnage typologique (v.3.0)";"P257";;257;"Méthodes de relevé de l'indice de biodiversité potentielle (IBP) - par échantillonnage typologique (v.3.0)";;"2022";"3.0";"false";"Centre national de la propriété forestière (CNPF) & Institut national de recherche agronomique (INRA)";"https://inpn.mnhn.fr/docs-web/docs/download/402336";"https://inpn.mnhn.fr/docs-web/docs/download/402336";"Page de présentation de l'IBP : https://www.cnpf.fr/n/ibp-indice-de-biodiversite-potentielle/n:782 ; fiche de relevé selon le domaine/région biogéographique : https://www.cnpf.fr/data/ibp_def_fr_v3_0_1.pdf";"L'Indice de Biodiversité Potentielle (IBP) est un outil permettant aux gestionnaires forestiers d’intégrer aisément la biodiversité taxonomique ordinaire dans leur gestion courante. Cet indicateur, simple et rapide à relever, permet d’évaluer la capacité d'accueil d'un peuplement forestier pour les espèces animales, végétales et fongiques, et d’identifier les points d'amélioration possibles lors des interventions sylvicoles. L’IBP s’utilise sur tout le territoire métropolitain français, avec des adaptations de définition selon la région biogéographique et l’étage de végétation (voir fiche de relevé).
Il consiste à apprécier un ensemble de dix facteurs (notés de A à J) parmi ceux qui sont habituellement reconnus comme les plus favorables à la diversité interne des peuplements forestiers : composition spécifique et structuration verticale du peuplement, maturité et offre en microhabitats liés aux arbres (gros bois morts, dendromicrohabitats), présence d’habitats associés à la forêt (milieux ouverts, aquatiques et rocheux) et continuité de l’état boisé. 
Le diagnostic IBP ne nécessite ni mesures complexes, ni connaissances naturalistes particulières sur les espèces, sauf pour l’identification des arbres. En pratique, il s’agit de parcourir le peuplement en dénombrant des éléments relatifs à chacun des dix facteurs, par exemple le nombre de gros arbres morts ou de strates. Ces observations permettent d’attribuer un score entre 0 et 5 pour chaque facteur. L’addition de ces scores donne l’IBP et permet de situer le peuplement dans un gradient de faible à forte capacité d’accueil. Il permet aussi d’identifier, au sein du peuplement, les éléments favorables à la diversité en espèces ou, au contraire, ceux insuffisamment représentés qu’il serait souhaitable de favoriser lors des actes de gestion.
L’IBP doit être décrit séparément par peuplement, éventuellement par type de peuplement s’ils sont composés de peuplements assez homogènes du point de vue des facteurs IBP et peu éloignés géographiquement. Quatre méthodes sont possibles, décrites dans ce catalogue des n°255 à 259.
La méthode par échantillonnage typologique permet un diagnostic rapide, mais non exhaustif (sans les bordures) d’un peuplement / type de peuplement, avec évaluation du score IBP moyen et de sa variabilité, à partir de placettes de 1 ha réparties selon un plan d’échantillonnage au jugé, couvrant au mieux la variabilité du peuplement. L’IBP est relevé dans chaque placette par parcours en plein, ce qui permet de calculer la moyenne et la dispersion des scores IBP dans le type de peuplement. Contrairement à la méthode du parcours, aucun relevé complémentaire n’est réalisé en dehors des placettes. Ce relevé non exhaustif est donc bien adapté pour définir des itinéraires de gestion par type de peuplement, moins pour donner des consignes précises dans une parcelle avant une intervention ou le marquage d’une coupe.
Cette méthode est destinée au diagnostic IBP sur de grandes surfaces (propriété, massif), mais elle peut aussi s’utiliser dans les peuplements de plus faible surface, lorsque l’on souhaite un taux d’échantillonnage inférieur à celui d’un parcours partiel.
Pour le choix de la méthode à appliquer, se référer au document de référence.";"Habitat forestier via l'inventaire de tous les groupes (espèces animales, végétales et fongiques)";"Evaluer la capacité d'accueil d'un peuplement forestier et améliorer la gestion";"Habitats";"Locale (site)";"fiche de relevé selon le domaine/région biogéographique : https://www.cnpf.fr/data/ibp_def_fr_v3_0_1.pdf";;;"";;;;;"Protocoles standardisés";"79b08204-addf-4c16-868c-6a601abaac87";"false"
258;"IBP - inventaire systématique (v.3.0)";"P258";;258;"Méthodes de relevé de l'indice de biodiversité potentielle (IBP) - par inventaire systématique (v.3.0)";;"2022";"3.0";"false";"Centre national de la propriété forestière (CNPF) & Institut national de recherche agronomique (INRA)";"https://inpn.mnhn.fr/docs-web/docs/download/402336";"https://inpn.mnhn.fr/docs-web/docs/download/402336";"Page de présentation de l'IBP : https://www.cnpf.fr/n/ibp-indice-de-biodiversite-potentielle/n:782 ; fiche de relevé selon le domaine/région biogéographique : https://www.cnpf.fr/data/ibp_def_fr_v3_0_1.pdf";"L'Indice de Biodiversité Potentielle (IBP) est un outil permettant aux gestionnaires forestiers d’intégrer aisément la biodiversité taxonomique ordinaire dans leur gestion courante. Cet indicateur, simple et rapide à relever, permet d’évaluer la capacité d'accueil d'un peuplement forestier pour les espèces animales, végétales et fongiques, et d’identifier les points d'amélioration possibles lors des interventions sylvicoles. L’IBP s’utilise sur tout le territoire métropolitain français, avec des adaptations de définition selon la région biogéographique et l’étage de végétation (voir fiche de relevé).
Il consiste à apprécier un ensemble de dix facteurs (notés de A à J) parmi ceux qui sont habituellement reconnus comme les plus favorables à la diversité interne des peuplements forestiers : composition spécifique et structuration verticale du peuplement, maturité et offre en microhabitats liés aux arbres (gros bois morts, dendromicrohabitats), présence d’habitats associés à la forêt (milieux ouverts, aquatiques et rocheux) et continuité de l’état boisé. 
Le diagnostic IBP ne nécessite ni mesures complexes, ni connaissances naturalistes particulières sur les espèces, sauf pour l’identification des arbres. En pratique, il s’agit de parcourir le peuplement en dénombrant des éléments relatifs à chacun des dix facteurs, par exemple le nombre de gros arbres morts ou de strates. Ces observations permettent d’attribuer un score entre 0 et 5 pour chaque facteur. L’addition de ces scores donne l’IBP et permet de situer le peuplement dans un gradient de faible à forte capacité d’accueil. Il permet aussi d’identifier, au sein du peuplement, les éléments favorables à la diversité en espèces ou, au contraire, ceux insuffisamment représentés qu’il serait souhaitable de favoriser lors des actes de gestion.
L’IBP doit être décrit séparément par peuplement, éventuellement par type de peuplement s’ils sont composés de peuplements assez homogènes du point de vue des facteurs IBP et peu éloignés géographiquement. Quatre méthodes sont possibles, décrites dans ce catalogue des n°255 à 259.
La méthode par inventaire systématique implique des relevés IBP réalisés sur des placettes de petite surface (moins de 1/3 ha) réparties selon un plan d’échantillonnage systématique, simultanément avec l’inventaire dendrométrique ou typologique lorsqu’il a lieu. Le score IBP est calculé dans chaque type de peuplement à partir de toutes les placettes qui s’y trouvent.
Pour le choix de la méthode à appliquer, se référer au document de référence.";"Habitat forestier via l'inventaire de tous les groupes (espèces animales, végétales et fongiques)";"Evaluer la capacité d'accueil d'un peuplement forestier et améliorer la gestion";"Habitats";"Locale (site)";"fiche de relevé selon le domaine/région biogéographique : https://www.cnpf.fr/data/ibp_def_fr_v3_0_1.pdf";;;"";;;;;"Protocoles standardisés";"f23f4f43-9691-4a60-a043-b3c7084ff5ff";"false"
259;"IBP - parcours partiel sur une ou plusieurs placettes (v.3.0)";"P259";;259;"Méthodes de relevé de l'indice de biodiversité potentielle (IBP) - par parcours partiel sur une ou plusieurs placettes (v.3.0)";;"2022";"3.0";"false";"Centre national de la propriété forestière (CNPF) & Institut national de recherche agronomique (INRA)";"https://inpn.mnhn.fr/docs-web/docs/download/402336";"https://inpn.mnhn.fr/docs-web/docs/download/402336";"Page de présentation de l'IBP : https://www.cnpf.fr/n/ibp-indice-de-biodiversite-potentielle/n:782 ; fiche de relevé selon le domaine/région biogéographique : https://www.cnpf.fr/data/ibp_def_fr_v3_0_1.pdf";"L'Indice de Biodiversité Potentielle (IBP) est un outil permettant aux gestionnaires forestiers d’intégrer aisément la biodiversité taxonomique ordinaire dans leur gestion courante. Cet indicateur, simple et rapide à relever, permet d’évaluer la capacité d'accueil d'un peuplement forestier pour les espèces animales, végétales et fongiques, et d’identifier les points d'amélioration possibles lors des interventions sylvicoles. L’IBP s’utilise sur tout le territoire métropolitain français, avec des adaptations de définition selon la région biogéographique et l’étage de végétation (voir fiche de relevé).
Il consiste à apprécier un ensemble de dix facteurs (notés de A à J) parmi ceux qui sont habituellement reconnus comme les plus favorables à la diversité interne des peuplements forestiers : composition spécifique et structuration verticale du peuplement, maturité et offre en microhabitats liés aux arbres (gros bois morts, dendromicrohabitats), présence d’habitats associés à la forêt (milieux ouverts, aquatiques et rocheux) et continuité de l’état boisé. 
Le diagnostic IBP ne nécessite ni mesures complexes, ni connaissances naturalistes particulières sur les espèces, sauf pour l’identification des arbres. En pratique, il s’agit de parcourir le peuplement en dénombrant des éléments relatifs à chacun des dix facteurs, par exemple le nombre de gros arbres morts ou de strates. Ces observations permettent d’attribuer un score entre 0 et 5 pour chaque facteur. L’addition de ces scores donne l’IBP et permet de situer le peuplement dans un gradient de faible à forte capacité d’accueil. Il permet aussi d’identifier, au sein du peuplement, les éléments favorables à la diversité en espèces ou, au contraire, ceux insuffisamment représentés qu’il serait souhaitable de favoriser lors des actes de gestion.
L’IBP doit être décrit séparément par peuplement, éventuellement par type de peuplement s’ils sont composés de peuplements assez homogènes du point de vue des facteurs IBP et peu éloignés géographiquement. Quatre méthodes sont possibles, décrites dans ce catalogue des n°255 à 259.
Avec la méthode du parcours partiel, seule une fraction représentative du peuplement est parcourue (par ex. une virée sur deux), avec rapide complément d’observation dans la zone non parcourue, pour diminuer le temps de parcours. La surface parcourue doit couvrir au moins 1 ha et représenter entre 15 et 50 % de la surface totale. Deux types de parcours partiels sont possibles : le parcours partiel linéaire (décrit au n°256 de ce catalogue) et le parcours partiel sur une ou plusieurs placettes. Dans ce second cas, le parcours est réalisé sur une ou plusieurs placettes circulaires de 1 ha, 0,5 ha ou 0,33 ha (rayon à l’horizontal de 56,4 m, 39,9 m ou 32,6 m), les placettes de 1 ha ayant l’avantage de permettre un calcul aisé de l’IBP dans chacune d’elles. Les placettes sont réparties au jugée en cherchant à être le plus représentatif possible du peuplement, soit préalablement au bureau avec report sur carte ou GPS, soit au moment du relevé. Dans le cas de plusieurs placettes, on peut effectuer le relevé en continu sur la même fiche ou effectuer un relevé par placette.
Pour le choix de la méthode à appliquer, se référer au document de référence.";"Habitat forestier via l'inventaire de tous les groupes (espèces animales, végétales et fongiques)";"Evaluer la capacité d'accueil d'un peuplement forestier et améliorer la gestion";"Habitats";"Locale (site)";"fiche de relevé selon le domaine/région biogéographique : https://www.cnpf.fr/data/ibp_def_fr_v3_0_1.pdf";;;"";;;;;"Protocoles standardisés";"912bc4c9-1e34-4255-863f-8b539f4e61fc";"false"
