"CD_TECHNIQUE";"LB_TECHNIQUE_FR";"NIVEAU";"CD_TECH_METIER";"CD_TECH_SUP";"LB_TECH_COMPLET_FR";"LB_TECHNIQUE_EN";"CATEGORIE_TECH";"CIBLE";"DESCR_TECHNIQUE";"DESCR_CIBLE_TECH";"ACTIVE";"DERANGEMENT";"PRELEVEMENT";"COMM_COLLECTE";"CORRESP_OCCTAX";"CORRESP_SOH";"TAG_TAX";"TAG_HAB";"UUID";"GELE"
1001;"Fauchage terrestre au filet fauchoir";"2";"T1001";1180;"Fauchage terrestre au filet fauchoir, fauchage de la végétation";"Sweep net";"Capture/piégeage/prélèvement";"Multi-groupes";"Fauche de la végétation par filet fauchoir. Rendement faible, nécessite bonnes connaissances, biais de capture. Prélèvement possible des individus non déterminables in situ. Peu d'installation mais temps de mise en œuvre long.";"Lépidoptères Rhopalocères et Zygaenidae, Hyménoptères, Odonates, Coléoptères floricoles, Orthoptères, Hémiptères, Névroptères, Pollinisateurs, phytophages, floricoles, saproxyliques, terricoles, mollusques terrestres, araignées (liste non exhaustive)";"Active";"Dérangement";"Prélèvement sélectif";;;;"true";"false";"118cae15-c1ee-4a07-8c8c-d805a8f5f861";"false"
1002;"Ecorçage";"2";"T1002";1180;"Ecorçage";;"Capture/piégeage/prélèvement";"Insectes et araignées";"L'opérateur décortique des habitats liés au bois mort, puis examen immédiat des matériaux ou capture. Rendement faible, nécessite bonnes connaissances, biais de capture. Possibilité de combiner à d'autres méthodes (aspirateur à bouche, tamisage Berlèse…)";"Lépidoptères Rhopalocères et Zygaenidae, Hyménoptères, Odonates, Coléoptères floricoles, Orthoptères, Hémiptères, Névroptères, Pollinisateurs, phytophages, floricoles, saproxyliques, terricoles, etc.";"Active";"Dérangement";"Prélèvement sélectif";"Peut être sélectif.";;;"true";"false";"ac487a7a-3a69-4b09-be5a-379d6a151669";"false"
1003;"Brossage terrestre (écorces…)";"2";"T1003";1180;"Brossage terrestre (écorces…)";;"Capture/piégeage/prélèvement";"Insectes et araignées";"Frottement du tronc d'un arbre sur une zone définie et récupération des invertébrés qui tombent. Rendement faible, nécessite bonnes connaissances. Biais de capture.";"Lépidoptères Rhopalocères et Zygaenidae, Hyménoptères, Odonates, Coléoptères floricoles, Orthoptères, Hémiptères, Névroptères, Pollinisateurs, phytophages, floricoles, saproxyliques, terricoles, etc.";"Active";"Dérangement";"Prélèvement sélectif";"Peut être sélectif.";;;"true";"false";"3364e192-27e3-4db7-ad75-9d7a06ca7513";"false"
1004;"Battage (battage de la végétation, parapluie japonais)";"2";"T1004";1180;"Battage (battage de la végétation, parapluie japonais)";;"Capture/piégeage/prélèvement";"Insectes et araignées";"L'opérateur secoue les branches d'arbres/arbustes ou les frappe avec un bâton de façon à faire tomber les invertébrés sur une bâche ou un entonnoir. Rendement faible, nécessite bonnes connaissances, biais de capture.";"Lépidoptères Rhopalocères et Zygaenidae, Hyménoptères, Odonates, Coléoptères floricoles, Orthoptères, Hémiptères, Névroptères, Pollinisateurs, phytophages, floricoles, saproxyliques, terricoles, etc. ; Mollusques terrestres, Arachnides";"Active";"Dérangement";"Prélèvement sélectif";"Peut être sélectif.";;;"true";"false";"2aeec8a9-ad73-4c78-bd6b-68547b43beb4";"false"
1005;"Observation directe simple diurne (avec ou sans capture à vue)";"2";"T1005";1179;"Observation directe simple diurne (avec ou sans capture à vue)";;"Observation/prospection à vue";"Multi-groupes";"Observation directe, sans matériel particulier, avec ou sans capture (inclut l'utilisation de petit matériel : filet à papillons, aspirateur à bouche, pince à Mordelle). Peut être sélectif. Dérangement possible lié à la présence de l'observateur.";"Potentiellement tous groupes faune et flore, habitats.";"Active";"Dérangement";"Pas de prélèvement";;;;"true";"true";"a9be4690-fc49-4b73-8da5-6dfde29fbc69";"false"
1006;"Fumigation (fogging, thermonébulisation insecticide)";"2";"T1006";1192;"Fumigation (fogging, thermonébulisation insecticide)";"Fogging";"Capture/piégeage/prélèvement";"Insectes et araignées";"Pulvérisation d'insecticide (Pyréthrine). Toxique pour l'homme et l'environnement. Coûteux et complexe. Efficace sur les plantes de grande taille ; inefficace sur les insectes fixés à la plante.";"Tous les invertébrés non fixés sur la plante-hôte ou leur support";"Active";"Dérangement";"Prélèvement systématique";"Toute la communauté piégée est collectée.";;;"true";"false";"0d715c1f-cc4f-499d-836b-489d033d3f08";"false"
1007;"Capture par aspiration moteur type D-VAC (aspirateur à moteur)";"2";"T1007";1187;"Capture par aspiration moteur type D-VAC (aspirateur à moteur)";;"Capture/piégeage/prélèvement";"Insectes et araignées";"Aspiration verticalement au sol, durée et superficie prédéfinies. Permet d'estimer des abondances absolues. Efficacité qui dépend de l'observateur, de la puissance d'aspiration. Lourd et autonomie restreinte.";"Insectes phytophages, pollinisateurs, prédateurs etc. présents sur la végétation herbacée (Hémiptères Auchenorhyncha, Homoptères aphidiens, etc.)";"Active";"Dérangement";"Prélèvement systématique";"Non-sélectif. Dégâts sur les espèces les plus fragiles.";;;"true";"false";"8252c186-bd72-47b8-bae9-50163988a363";"false"
1008;"Observation photographique marine/aquatique (en plongée)";"2";"T1008";1181;"Observation photographique marine/aquatique (en plongée)";;"Prise de vue/imagerie";"Multi-groupes";"Observation en plongée avec prise de photographie. Dérangement possible lié à la présence de l'observateur.";"Tous les organismes marins et aquatiques (faune et flore)";"Active";"Dérangement";"Pas de prélèvement";;;;"true";"true";"cc64a3b4-d63a-4287-9c90-7793609828db";"false"
1009;"Capture par sélecteur de Chauvin";"2";"T1009";1192;"Capture par sélecteur de Chauvin";;"Capture/piégeage/prélèvement";"Insectes et araignées";"Caisson en 2 parties qui emprisonne plante/invertébrés. Permet d'estimer valeurs absolues et échantillonnage par strate et hauteur de végétation. Version à bord tranchant nécessite prélèvement de la végétation (destruction de l'habitat).";"Insectes phytophages, pollinisateurs, prédateurs etc. présents sur la végétation herbacée (Hémiptères Auchenorhyncha, Homoptères aphidiens, etc.)";"Active";"Dérangement";"Prélèvement systématique";;;;"true";"false";"92d4c267-0cec-48d9-9bde-87a1021f3746";"false"
1010;"Piégeage par piège-vitre bidirectionnel - variante ""bande noire"" mimant une cavité";"2";"T1010";1195;"Piégeage par piège-vitre bidirectionnel - variante ""bande noire"" mimant une cavité";;"Capture/piégeage/prélèvement";"Insectes et araignées";"Piège-vitre interceptant les insectes en vol avec deux plans (bidirectionnels) et une gouttière de récolte de type « jardinière » dans laquelle les insectes se laissent tomber. Ajout potentiel d'une bande noire sur la vitre (attraction de xylophages).";"Insectes volants lourds qui se laissent tomber lors d'un choc contre un obstacle. Saproxyliques, Coléoptères, Hyménoptères, Diptères, Homoptères, Hétéroptères";"Passive";"Dérangement";"Prélèvement systématique";;;;"true";"false";"6ae3d426-af8d-4a4e-908a-5a79b72b1381";"false"
1011;"Piégeage par piège-vitre multidirectionnel sans alcool (piège Polytrap, PIMUL)";"2";"T1011";1195;"Piégeage par piège-vitre multidirectionnel sans alcool (piège Polytrap, PIMUL)";;"Capture/piégeage/prélèvement";"Insectes et araignées";"Piège-vitre interceptant les insectes en vol formé de 2 panneaux croisés, assemblés perpendiculairement et placés au-dessus d'un large entonnoir plastique équipé d'un flacon de collecte. Variante du piège-vitre bidirectionnel (plan). Moins encombrant.";"Insectes volants lourds qui se laissent tomber lors d'un choc contre un obstacle. Saproxyliques, Coléoptères, Hyménoptères, Diptères, Homoptères, Hétéroptères";"Passive";"Dérangement";"Prélèvement systématique";;;;"true";"false";"d9f53d86-fc4b-4e15-ba25-ac0c9d9ed91c";"false"
1012;"Ecoute active directe";"2";"T1012";1185;"Ecoute directe, reconnaissance sonore directe, détection auditive, détection au chant";;"Son";"Multi-groupes";"Reconnaissance sonore sans appareil (écoute simple) et sans repasse, en prospection d'habitats propices/gîtes. Peu coûteux, nécessite connaissances solides. Très technique pour Orthoptères. Souvent nocturne ou à l'aube/en soirée. Dérangement possible.";"Orthoptères, Homoptères Cicadoidea, Amphibiens, Mammifères, Oiseaux";"Active";"Dérangement";"Pas de prélèvement";;;;"true";"false";"dda1130f-68be-4b08-82a9-ea6beefce8cd";"false"
1013;"Capture par chalutage aérien terrestre (capture au filet de toit - voiture)";"2";"T1013";1188;"Capture par chalutage aérien terrestre (capture au filet de toit - voiture)";;"Capture/piégeage/prélèvement";"Insectes et araignées";"Filet amarré à un véhicule (vélo, voiture) pour récolter les insectes volants sur un parcours. Permet d'échantillonner sans effort sur distances importantes, uniquement sur routes carrossables. Polluant (si voiture). Pas de lien évident avec l'habitat.";"Insectes volants";"Active";"Dérangement";"Prélèvement systématique";;;;"true";"false";"218cffbb-a430-44f6-b475-28b2cbbd87bd";"false"
1014;"Piégeage par piège-vitre bidirectionnel (piège fenêtre, piège-vitre plan)";"2";"T1014";1195;"Piégeage par piège-vitre bidirectionnel (piège fenêtre, piège-vitre plan)";;"Capture/piégeage/prélèvement";"Insectes et araignées";"Obstacle d'interruption plan (interception bidirectionnelle) en position verticale : interception au vol et collecte dans récipient. Espèces rares ou cryptiques capturées. Obstruction possible de l'entonnoir par débris végétaux.";"Insectes volants lourds qui se laissent tomber lors d'un choc contre un obstacle. Saproxyliques, Coléoptères, Hyménoptères, Diptères, Homoptères, Hétéroptères";"Passive";"Dérangement";"Prélèvement systématique";;;;"true";"false";"7172d9d4-6cef-4769-b4b2-de5adc3997b9";"false"
1015;"Piégeage Malaise (tente Malaise)";"2";"T1015";1194;"Piégeage Malaise (tente Malaise)";;"Capture/piégeage/prélèvement";"Insectes et araignées";"Piège d'interception constitué d'une fine maille en forme de tente, avec dispositif de récolte en haut (flacon avec liquide conservateur). Espèces capturées nombreuses. Dispositif très utilisé, standardisable. Possibilité de vandalisme.";"Imagos volants de Diptères, Hyménoptères, Homoptères, quelques Coléoptères, Lépidoptères, etc.";"Passive";"Dérangement";"Prélèvement systématique";;;;"true";"false";"001641bd-2a52-4bdd-b4ab-795b13429109";"false"
1016;"Piégeage adhésif (piège collant, piège gluant, piège à glu)";"2";"T1016";1192;"Piégeage adhésif (piège collant, piège gluant, piège à glu)";;"Capture/piégeage/prélèvement";"Insectes et araignées";"Dispositif en plaque ou feuille recouvert d'une substance collante qui retient les insectes qui s'y posent ou le percutent. Méthode simple et peu coûteuse. Variantes possibles (filet cryldé, stationnaire).";"Espèces saproxyliques, ravageuses etc. de Coléoptères, Diptères, Hyménoptères, Lépidoptères, etc.";"Passive";"Dérangement";"Prélèvement systématique";"Récolte difficile des individus collectés (spécimens brisés ou mutilés), en mauvais état (desséchés).";;;"true";"false";"c95e9e6d-a834-4c40-ac66-e5c543962c78";"false"
1017;"Piégeage par piège aérien rotatif";"2";"T1017";1192;"Piégeage par piège aérien rotatif";;"Capture/piégeage/prélèvement";"Insectes et araignées";"Interception par dispositif de filets montés perpendiculairement à un axe et entraînés en rotation sur un plan horizontal par un moteur. Calcul de densités. Encombrement, peu autonome en énergie, durée et coût. Efficacité variable selon vents.";"Petite faune aérienne : Homoptères aphidiens, Coléoptères Nitidulidae, Coléoptères Bostrychidae, Neuroptères Coniopterygidae, etc.";"Passive";"Dérangement";"Prélèvement systématique";;;;"true";"false";"c984cf2d-d039-441e-8bfb-515ea7be32c7";"false"
1018;"Piégeage par piège aérien à succion (aspirateur échantillonneur, piège à moustiques)";"2";"T1018";1187;"Piégeage par piège aérien à succion (aspirateur échantillonneur, piège à moustiques)";;"Capture/piégeage/prélèvement";"Insectes et araignées";"Interception par un aspirateur électrique fixe muni d'une toile conique et d'un récipient collecteur. Calcul de densités. Problèmes d'encombrement horizontal, d'autonomie en énergie, de durée et de coût. Efficacité variable selon les vents.";"Petite faune aérienne : Homoptères Aphidiens (pucerons), Coléoptères Nitidulidae, Coléoptères Bostrychidae, Neuroptères Coniopterygidae, thrips, microhyménoptères, etc.";"Passive";"Dérangement";"Prélèvement systématique";;;;"true";"false";"9e56c966-391c-426c-ba40-b0a9f09c937f";"false"
1019;"Capture au filet stationnaire (invertébrés)";"2";"T1019";1186;"Capture au filet stationnaire (invertébrés)";;"Capture/piégeage/prélèvement";"Insectes et araignées";"Filet tendu face vent dominant capturant les insectes transportés par le vent et en déplacement. Utile pour l'étude des migrateurs. Nécessite présence de l'opérateur.";"Plancton aérien : Aphidiens, Thysanoptères, micro-hyménoptères, etc. ; Insectes migrateurs : Diptères, Chironomidae, Lépidoptères, etc.";"Active";"Dérangement";"Prélèvement sélectif";;;;"true";"false";"242466f0-aaed-4373-b852-b27ab98624cd";"false"
1020;"Piégeage à fosse appâté (piège à fosse avec liquide conservateur, piège Barber, pot-piège)";"2";"T1020";1193;"Piégeage à fosse appâté (piège à fosse avec liquide conservateur, piège Barber, pot-piège)";"Pitfall trap";"Capture/piégeage/prélèvement";"Insectes et araignées";"Récipient enfoncé dans le sol interceptant les animaux mobiles qui y tombent. Simple et fréquent d'utilisation. Rendement élevé (nombre d'individus et d'espèces). Liquide conservateur à choisir, dégradation par les sangliers, débordement possible.";"Invertébrés épigés et mobiles";"Passive";"Dérangement";"Prélèvement systématique";"Capture d'espèces non cibles possible.";;;"true";"false";"f7e57cde-eee9-42f8-9ffc-8e86a9131a11";"false"
1021;"Piégeage par attraction sexuelle avec phéromones";"2";"T1021";1190;"Piégeage par attraction sexuelle avec phéromones";;"Capture/piégeage/prélèvement";"Insectes et araignées";"Attraction des individus par phéromones synthétiques, capture par dispositifs variés (entonnoirs, glue, etc.). Méthode sélective. Suivi des populations. Coût élevé des phéromones (10 à 25 € la recharge), faible lien avec l'habitat (attraction lointaine).";"Insectes ravageurs (Coléoptères et Lépidoptères surtout)";"Passive";"Dérangement";"Prélèvement systématique";"Sélectivité : adapté à la capture d'une seule espèce.";;;"true";"false";"f3efd68d-629d-4e2e-9551-fc1db7d24f07";"false"
1022;"Prélèvement de substrat par carottier à main (en plongée)";"2";"T1022";1201;"Prélèvement de substrat par carottier à main (en plongée)";;"Capture/piégeage/prélèvement";"Multi-groupes";"Cylindre rigide en acier inoxydable ou en plastique qui peut être muni de poignées afin de faciliter son enfoncement dans le sédiment en milieu marin par le plongeur. Permet d'extraire une carotte qui est ensuite placée sur un tamis.";"Endofaune (Annélides, Planaires turbellariés, Arthropodes, Mollusques bivalves, etc.)";"Active";"Dérangement";"Prélèvement systématique";;;;"true";"false";"844f6ad5-caeb-4590-b0a8-76c23a406e5f";"false"
1023;"Piégeage par piège bouteille (piège à vin, piège à appât fermenté, piège à cétoines)";"2";"T1023";1190;"Piégeage par piège bouteille (piège à vin, piège à appât fermenté, piège à cétoines)";;"Capture/piégeage/prélèvement";"Insectes et araignées";"Attraction par des substances alimentaires et capture par récipient suspendu avec entonnoir. Simple et standardisable. Plus efficace dans les régions chaudes. Intéressant pour les Coléoptères saproxyliques réputés rares.";"Selon appât : Diptères, Hyménoptères, Coléoptères Elatéridae, Cerambycidae, Bubrestidae, Cetoniidae, Lépidoptères Noctuides, etc.";"Passive";"Dérangement";"Prélèvement systématique";"Image biaisée de la communauté réelle car attractivité variable selon espèces (sélectivité) et le sexe.";;;"true";"false";"ef4a82a0-c979-4b6b-876e-ed7d1261a41e";"false"
1024;"Prélèvement de substrat par carottier à main (sans plongée - continental ou supra/médiolittoral)";"2";"T1024";1201;"Prélèvement de substrat par carottier à main (sans plongée - continental ou supra/médiolittoral)";;"Capture/piégeage/prélèvement";"Multi-groupes";"Cylindre rigide en acier inoxydable ou en plastique qui peut être muni de poignées afin de faciliter son enfoncement dans le sédiment en milieu intertidal ou sur le littoral. Permet d'extraire une carotte qui est ensuite placée sur un tamis.";"Arthropodes";"Active";"Dérangement";"Prélèvement systématique";;;;"true";"false";"5d72c3ad-393f-4dbd-9474-a60074ebd04a";"false"
1026;"Observation directe de macro-restes (cadavres, élytres…)";"2";"T1026";1179;"Observation directe de macro-restes (cadavres, élytres…)";;"Observation/prospection à vue";"Multi-groupes";"Observation d'individus morts entiers ou de restes dans le milieu (identification directe, sans récolte).";"Tous les groupes (faune et flore)";"Active";"sans objet";"sans objet";;;;"true";"false";"39f53c6b-15ff-4b50-bdce-faabb6387a11";"false"
1027;"Piégeage par microtube à fourmis";"2";"T1027";1190;"Piégeage par microtube à fourmis";;"Capture/piégeage/prélèvement";"Insectes et araignées";"Microtube rempli d'une solution sucrée et bouché, enterré dans le sol pour attirer des fourmis. Récolte une heure ou plus après en refermant les tubes pour identification en laboratoire. Surveillance régulière (pas de système automatique de capture).";"Fourmis";"Passive";"Dérangement";"Prélèvement systématique";"Sélectif pour les fourmis (toutes espèces)";;;"true";"false";"68e7f342-9c82-4fdf-bedb-40399c229145";"false"
1028;"Piégeage par enceinte à émergence terrestre ex situ (nasse à émergence terrestre, éclosoir)";"2";"T1028";1196;"Piégeage par enceinte à émergence terrestre ex situ (nasse à émergence terrestre, éclosoir)";;"Capture/piégeage/prélèvement";"Insectes et araignées";"Substrat colonisé par des larves que l'on entoure ou coiffe par des enceintes. Phototropisme positif des insectes vers les ouvertures équipées de récipients de collecte. Temps d'émergence variable ; standardisation difficile. Substrat déplacé ex situ.";"Coléoptères saproxyliques, Diptères";"Passive";"Dérangement";"Prélèvement systématique";;;;"true";"false";"60556ca9-7880-4073-bf8c-09f1313f6bfd";"false"
1030;"Piégeage par piège entomologique composite (PEC)";"2";"T1030";1192;"Piégeage par piège entomologique composite (PEC)";;"Capture/piégeage/prélèvement";"Insectes et araignées";"Combinaison de pièges à interception aériens (vitre et Malaise) et au sol (fosse) et attractifs (coloré). Dispositif conçu pour des suivis. Bonne capture, complémentarité. Peut être suspendu. Complexe, coûteux (financier, temps).";"Ensemble de la faune capturée par les pièges à fosse, vitre, colorés et Malaise";"Passive";"Dérangement";"Prélèvement systématique";;;;"true";"false";"f8977bc7-232b-460b-8b80-fd18700e33b0";"false"
1031;"Pêche au filet troubleau (capture au filet troubleau)";"2";"T1031";1189;"Pêche au filet troubleau (capture au filet troubleau)";;"Capture/piégeage/prélèvement";"Multi-groupes";"Filet à main immergé dans l'eau permettant de capturer les organismes aquatiques par un mouvement de va-et-vient (en huit). Facile, rapide. Difficile à standardiser (opérateur).";"Insectes (Trichoptères, Plécoptères, Ephéméroptères, Odonates, Diptères, Hétéroptères, Coléoptères aquatiques), Mollusques aquatiques, Amphibiens";"Active";"Dérangement";"Pas de prélèvement";;;;"true";"false";"da8a9645-bb9e-4b31-b6a6-9278a46a5445";"false"
1032;"Pêche au filet Surber (capture au filet Surber)";"2";"T1032";1189;"Pêche au filet Surber (capture au filet Surber)";;"Capture/piégeage/prélèvement";"Insectes et araignées";"Filet souvent lesté disposé sur le fond du cours d'eau utilisé pour la réalisation des IBGN (standardisé et normalisé ; sous-estime les espèces fixées aux cailloux (larves de Trichoptères et Plécoptères)) ou pour racler la végétation (amphibiens).";"Invertébrés benthiques (Plécoptères, Trichoptères, Ephéméroptères, Hétéroptères aquatiques, Coléoptères aquatiques, Diptères aquatiques, Odonates, Mégaloptères, Névroptères Planipennes), Amphibiens (larves et adultes)";"Active";"Dérangement";"Prélèvement systématique";;;;"true";"false";"5517cb32-19ab-449c-9fa5-342a60e20c53";"false"
1033;"Prélèvement de substrat par filet dragueur ou haveneau (drague Rallier du Baty, Charcot Picard…)";"2";"T1033";1201;"Prélèvement de substrat par filet dragueur ou haveneau (drague Rallier du Baty, Charcot Picard…)";;"Capture/piégeage/prélèvement";"Insectes et araignées";"Filet lesté ou haveneau permettant de récolter un échantillon de surface du substrat qui sera trié pour en extraire les invertébrés benthiques. Haveneau utilisé pour IBGN.";"Invertébrés benthiques (Coléoptères Dytiscidae, Hydrophilidae), Mollusques aquatiques";"Active";"Dérangement";"Prélèvement systématique";;;;"true";"false";"2c6c2f00-15f1-4ae1-bcdc-373b799c2ea6";"false"
1034;"Capture au filet Cryldé";"2";"T1034";1186;"Capture au filet Cryldé";;"Capture/piégeage/prélèvement";"Insectes et araignées";"Interception des insectes sur une toile aggripante synthétique de type ""Cryldé"" (agriculture). Surtout utilisé en zone néotropicale. Permet la capture d'espèces discrètes (buprestes, etc.). Nécessite la présence de l'opérateur";"Insectes circulants (Coléoptères et Hémiptères de plus de 6 mm)";"Active";"Dérangement";"Prélèvement sélectif";;;;"true";"false";"46bb5029-5b2a-443e-a1c7-f272c32bd219";"false"
1035;"Prélèvement de substrat par benne (Van Veen, Smith McIntyre, Hamon, Friedinger…)";"2";"T1035";1201;"Prélèvement de substrat par benne (Van Veen, Smith McIntyre, Hamon, Friedinger…)";;"Capture/piégeage/prélèvement";"Multi-groupes";"Benne à deux mâchoires ou cubique montée sur une embarcation permettant de prélever un certain volume de substrat, trié en laboratoire pour extraire les invertébrés benthiques.";"Invertébrés benthiques (Coléoptères Dytiscidae, Hydrophilidae), Mollusques aquatiques";"Active";"Dérangement";"Prélèvement systématique";;;;"true";"false";"62e9e984-aa90-41d0-827d-9f421cca0da0";"false"
1036;"Ecoute active avec hydrophone";"2";"T1036";1185;"Ecoute active avec hydrophone";;"Son";"Multi-groupes";"Ecoute à l'aide d'un micro adapté au milieu aquatique des espèces vocalisant sous l’eau, en présence de l'observateur (dérangement possible). En milieu marin, l'hydrophone est tracté à l'arrière d'un bateau ou fixé à un ""planeur"" sous-marin.";"Mammifères marins, Poissons, Crustacés, Amphibiens";"Active";"Dérangement";"Pas de prélèvement";;;;"true";"false";"46b5462d-db51-4065-ae89-dd38fed2a584";"false"
1037;"Détection passive par enregistrement avec hydrophone";"2";"T1037";1184;"Détection passive par enregistrement avec hydrophone";;"Son";"Multi-groupes";"Ecoute à l'aide d'un micro adapté au milieu aquatique des espèces vocalisant principalement ou exclusivement sous l’eau, laissé sur place (enregistrement en continu).";"Mammifères marins, Poissons, Crustacés, Amphibiens";"Passive";"Pas/peu de dérangement";"Pas de prélèvement";;;;"true";"false";"d1476c11-84b4-44f6-a726-2d34b759ddcb";"false"
1038;"Piégeage par enceinte à émergence aquatique (nasse à émergence aquatique)";"2";"T1038";1196;"Piégeage par enceinte à émergence aquatique (nasse à émergence aquatique)";;"Capture/piégeage/prélèvement";"Insectes et araignées";"Imagos piégés lors de l'envol après émergence dans une nasse posée sur l'eau. Peut être endommagé par les vagues, difficile à utiliser si le niveau de l'eau varie fortement.";"Trichoptères, Plécoptères, Ephéméroptères, Diptères aquatiques";"Passive";"Dérangement";"Prélèvement systématique";;;;"true";"false";"ba3949ac-17e7-4642-91a2-5f4773b56260";"false"
1039;"Piégeage par nasse à coléoptères hydrocanthares (piège appâté aquatique)";"2";"T1039";1197;"Piégeage par nasse à coléoptères hydrocanthares (piège appâté aquatique)";;"Capture/piégeage/prélèvement";"Insectes et araignées";"Nasse cylindrique en maille fine munie de 2 entonnoirs et d'un appât (viande), disposée sous la surface. Relevés fréquents nécessaires pour éviter le cannibalisme. Risque de capture d'amphibiens et reptiles.";"Coléoptères hydrocanthares prédateurs et carnassiers";"Passive";"Dérangement";"Prélèvement systématique";;;;"true";"false";"276e7ec5-fab8-4662-bf30-87ca12f34fb2";"false"
1040;"Fauchage marin au filet fauchoir (avec plongée)";"2";"T1040";1180;"Fauchage marin au filet fauchoir (avec plongée)";;"Capture/piégeage/prélèvement";"Multi-groupes";"Filet fauchoir (type filet à papillon) dont la poche est constituée de mailles très fines déplacé au-dessus du sédiment par un plongeur. Identification des échantillons en laboratoire.";"Epifaune (mollusques (bivalves, gastéropodes), coraux, crustacés, échinodermes, arthropodes, etc.)";"Active";"Dérangement";"Prélèvement systématique";;;;"true";"false";"985c537d-6b85-449c-9c6d-a4645e4d49de";"false"
1041;"Fauchage marin au filet fauchoir (sans plongée - supra/médiolittoral)";"2";"T1041";1180;"Fauchage marin au filet fauchoir (sans plongée - supra/médiolittoral)";;"Capture/piégeage/prélèvement";"Multi-groupes";"Filet fauchoir (type filet à papillon) dont la poche est constituée de mailles très fines déplacé au-dessus du sédiment par l'observateur en milieu supra/médiolittoral. Identification des échantillons en laboratoire.";"Epifaune (mollusques (bivalves, gastéropodes), coraux, crustacés, échinodermes, arthropodes, etc.)";"Active";"Dérangement";"Prélèvement systématique";;;;"true";"false";"3db04750-3baf-44c0-a280-b57378220680";"false"
1042;"Piégeage par piège-vitre multidirectionnel avec alcool (piège Polytrap, PIMUL)";"2";"T1042";1195;"Piégeage par piège-vitre multidirectionnel avec alcool (piège Polytrap, PIMUL)";;"Capture/piégeage/prélèvement";"Insectes et araignées";"Piège-vitre interceptant les insectes en vol formé de 2 panneaux croisés, assemblés perpendiculairement et placés au-dessus d'un large entonnoir plastique équipé d'un flacon de collecte avec alcool. Variante du piège-vitre bidirectionnel (plan).";"Insectes volants lourds qui se laissent tomber lors d'un choc contre un obstacle (Saproxyliques, Coléoptères, Hyménoptères, Diptères, Homoptères, Hétéroptères)";"Passive";"Dérangement";"Prélèvement systématique";;;;"true";"false";"d5c3e195-d104-4609-bb39-fa2936919ec2";"false"
1043;"Grattage, brossage du substrat marin";"2";"T1043";1180;"Grattage, brossage du substrat marin";;"Capture/piégeage/prélèvement";"Multi-groupes";"La surface d’une portion de substrat dur est grattée à la main afin de récolter l’ensemble des organismes fixés. Au grattoir ou au couteau, le grattage peut être aussi réalisé avec une brosse en plastique rigide (« brossage »).";"Epifaune (mollusques (bivalves, gastéropodes), coraux, crustacés, échinodermes, arthropodes, etc.)";"Active";"Dérangement";"Prélèvement systématique";;;;"true";"false";"490b2b61-d236-4547-9ad3-dfe9c26683e1";"false"
1044;"Observation de larves (recherche de larves)";"2";"T1044";1179;"Observation de larves (recherche de larves)";;"Observation/prospection à vue";"Multi-groupes";"Terrestre : recherche de chenilles par inspection de la végétation. Utile pour les espèces en faible effectifs à l'état adulte mais en nombre au stade larvaire. Aquatique : recherche de larves (amphibiens) dans l'eau. Dérangement possible.";"Lépidoptères, Amphibiens";"Active";"Dérangement";"Pas de prélèvement";;;;"true";"false";"9c891941-fcd6-4a50-884f-546ff72cd92d";"false"
1045;"Piégeage par attraction sexuelle avec femelles";"2";"T1045";1190;"Piégeage par attraction sexuelle avec femelles";;"Capture/piégeage/prélèvement";"Insectes et araignées";"Attraction des individus par des femelles non-fécondées dans une cage. Capture par dispositifs variés (entonnoirs, glue, etc.). Méthode sélective. Suivi des populations. Faible lien avec l'habitat (attraction lointaine).";"Insectes ravageurs (Coléoptères et Lépidoptères surtout)";"Passive";"Dérangement";"Prélèvement systématique";"Sélectivité : adapté à la capture d'une seule espèce.";;;"true";"false";"9a0df81c-690d-49f7-b822-134644625fe5";"false"
1046;"Observation de pontes (observation des œufs, recherche des pontes)";"2";"T1046";1179;"Observation de pontes (observation des œufs, recherche des pontes)";;"Observation/prospection à vue";"Multi-groupes";"Observation des pontes ou comptage exhaustif sur la plante-hôte (ex. Maculinea alcon). Amphibiens : noter les pontes observées en milieu aquatique. Bonnes connaissances nécessaires. Dérangement possible lié à la présence de l'observateur.";"Insectes : restreint à quelques espèces seulement, comme Maculinea alcon. Amphibiens : adapté aux espèces à période de reproduction courte comme la Grenouille rousse";"Active";"Dérangement";"Pas de prélèvement";;;;"true";"false";"c3383f4c-be63-4901-8bf5-217c45ff74ce";"false"
1047;"Observation de fourmilières/dômes";"2";"T1047";1060;"Observation de fourmilières/dômes";;"Indices de présence";"Insectes et araignées";"Comptage et caractérisation des dômes de Fourmis rousses à l'aide de prospections sur transects ou quadrats. En milieu forestier uniquement. Permet d'évaluer la qualité biologique des forêts. Coûteux en temps sur le terrain.";"Fourmis rousses (genre Formica)";"Active";"sans objet";"sans objet";;;;"true";"false";"f7147305-c966-45c4-b37c-10e08c38cd26";"false"
1049;"Observation aux lunettes polarisantes";"2";"T1049";1179;"Observation aux lunettes polarisantes";;"Observation/prospection à vue";"Poissons";"Utilisation de lunettes polarisantes pour s'affranchir des reflets sur l'eau dans le cas d'observations en milieu aquatique aérien. Utilisé notamment pour les comptages de frayères (poissons). Dérangement possible lié à la présence de l'observateur.";"Poissons";"Active";"Dérangement";"Pas de prélèvement";;;;"true";"false";"7a3f0047-2595-44c8-a328-b865b872e15c";"false"
1050;"Prospection de détritus d'inondation, débris et laisses de crues";"2";"T1050";1179;"Prospection de détritus d'inondation, débris et laisses de crues";;"Observation/prospection à vue";"Multi-groupes";"Examen attentif des dépôts de crue. Dérangement possible lié à la présence de l'observateur.";"Insectes, escargots et autres mollusques aquatiques";"Active";"Dérangement";"Pas de prélèvement";;;;"true";"false";"ed116e45-d79b-4007-83ba-6a55f13ac609";"false"
1051;"Observation à la moutarde/formol";"2";"T1051";1174;"Observation à la moutarde/formol";;"Autres techniques";"Autres";"Observation en provoquant la sortie de terre des vers de terre par l'application de moutarde / formol sur le substrat (effet irritant induisant leur migration vers la couche externe du sol). Collecte possible mais pas systématique.";"Vers de terre";"Active";"Dérangement";"Prélèvement sélectif";;;;"true";"false";"cb598541-7539-4ce8-85cf-f5132b7b28d0";"false"
1052;"Prélèvement de substrat marin : délitage de substrats durs";"2";"T1052";1201;"Prélèvement de substrat marin : délitage de substrats durs";;"Capture/piégeage/prélèvement";"Multi-groupes";"Un bloc ou une portion de substrat dur est prélevé et cassé au laboratoire afin d’échantillonner les espèces endogées cachées à l’intérieur.";"Endofaune (annélides, planaires turbellariés, Arthropodes, mollusques bivalves, etc.)";"Active";"Dérangement";"Prélèvement systématique";;;;"true";"false";"8bfee124-a792-41da-b7da-7a04aee5ca61";"false"
1053;"Capture par aspiration sous-marine à air comprimé";"2";"T1053";1187;"Capture par aspiration sous-marine à air comprimé";;"Capture/piégeage/prélèvement";"Multi-groupes";"Tube rigide relié, à son extrémité inférieure, à une bouteille d’air comprimé. Un filet de prélèvement est fixé à l’extrémité supérieure du tube. Applicable uniquement dans les milieux subtidaux.";"Endofaune (annélides, planaires turbellariés, Arthropodes, mollusques bivalves, etc.)";"Active";"Dérangement";"Prélèvement systématique";;;;"true";"false";"72676753-f577-49f1-9b48-e6a734dc6c07";"false"
1054;"Observation de trous de sortie, trous d'émergence";"2";"T1054";1060;"Observation de trous de sortie, trous d'émergence";;"Indices de présence";"Insectes et araignées";"Observation directe des trous de sortie ou d'émergence dans le bois et/ou les branches réalisés par les larves de Coléoptères saproxyliques.";"Coléoptères saproxyliques";"Active";"sans objet";"sans objet";;;;"true";"false";"45f5d481-9570-40c2-a9bc-f3e3c020b7f5";"false"
1055;"Capture au filet japonais";"2";"T1055";1186;"Capture au filet japonais";;"Capture/piégeage/prélèvement";"Multi-groupes";"Filet en polyester/nylon aux mailles très fines permettant de capturer des espèces de petite taille, puis éventuellement de les marquer (baguage, radiotracking) ou de faire des prélèvements biologiques. Assez traumatisant pour les individus.";"Oiseaux, Chiroptères";"Active";"Dérangement";"Pas de prélèvement";;;;"true";"false";"7a5493c2-b350-4c83-9662-80ae5add8183";"false"
1056;"Observation d'exuvies";"2";"T1056";1060;"Observation d'exuvies";;"Indices de présence";"Insectes et araignées";"Observation et éventuellement collecte de mues d'Odonates (exuvies) aux
périodes d'éclosion (métamorphose) des diverses espèces présumées vivre dans le biotope. Prospection des berges et des roselières dans l'eau (plantes, racines des arbres, etc.).";"Odonates";"Active";"sans objet";"sans objet";;;;"true";"false";"d1212136-38c1-4ceb-900c-fa64cbaa3b77";"false"
1057;"Capture par enceinte type biocénomètre";"2";"T1057";1192;"Capture par enceinte type biocénomètre";;"Capture/piégeage/prélèvement";"Insectes et araignées";"Une enceinte de 1 à 3 m² est lancée au sol, sur substrat plat homogène. Les orthoptères piégés sont identifiés et comptés. Nécessite bonnes connaissances. Grande efficacité de capture mais difficulté de mise en œuvre due à la végétation. Coûteux en temps.";"Orthoptères";"Active";"Dérangement";"Prélèvement systématique";;;;"true";"false";"49252a43-778b-46f7-b5cd-91673eb6bf5d";"false"
1058;"Observation photographique terrestre (et/ou affût)";"2";"T1058";1181;"Observation photographique terrestre (et/ou affût)";;"Prise de vue/imagerie";"Multi-groupes";"Observation des espèces avec prise de photographie et détermination ultérieure, éventuellement depuis un affût (pour limiter le dérangement). Dérangement possible lié à la présence de l'observateur (hors affût).";"Tous les groupes (faune et flore), Habitats";"Active";"Dérangement";"Pas de prélèvement";;;;"true";"true";"7c0406f7-c758-4624-a896-d9344281b109";"false"
1059;"Piégeage par pièges-barrières (pots-pièges associés à une barrière d'interception)";"2";"T1059";1193;"Piégeage par pièges-barrières (pots-pièges associés à une barrière d'interception)";;"Capture/piégeage/prélèvement";"Amphibiens et reptiles";"Des barrières sont placées sur le trajet des migrations des amphibiens (sur 100 m environ). Des pots sont placés le long de la barrière tous les 10 m environ. Variante : encercler le site de reproduction. Relevé des pots tous les jours.";"Amphibiens (anoures), certains reptiles (notamment le Lézard ocellé)";"Passive";"Dérangement";"Pas de prélèvement";;;;"true";"false";"5f084eb0-edd8-4915-88f1-b1d869b9826b";"false"
1060;"Observation directe d'indices de présence";"1";"T1060";1060;"Observation directe d'indices de présence";"Signs";"Indices de présence";"Multi-groupes";"Recherche active d'indices de présence divers : empreintes, coulées, restes de repas, fèces, terriers/gîtes/nids, marquages, et autres (ossements, poils, etc.). Souvent utilisée pour les espèces discrètes, comme les mammifères, mais pas uniquement.";"Tous les groupes (faune) pour lesquels des indices sont reconnaissables : Mammifères, Oiseaux, Invertébrés, Amphibiens, Reptiles, etc.";"Active";"sans objet";"sans objet";;;;"true";"false";"fc832fd4-c6df-49de-9feb-4c2837720f5a";"false"
1061;"Capture par nasses aquatiques ou filets verveux (appâtés)";"2";"T1061";1197;"Capture par nasses aquatiques ou filets verveux (appâtés)";;"Capture/piégeage/prélèvement";"Multi-groupes";"Après repérage de jour, nasse déposée le soir et relevée toutes les 2 heures ou au matin. Bonnes connaissances nécessaires. Possibilité d'utiliser le piège bouteille de Beguin & Maillet qui dispose d'une réserve d'air.";"Amphibiens, Tortues, Desman des Pyrénées, Poissons";"Active";"Dérangement";"Pas de prélèvement";;;;"true";"false";"b559affa-6b5b-4052-ac23-2c3e48178c16";"false"
1062;"Pêche à l'épuisette (capture par épuisette, chasse à l'épuisette)";"2";"T1062";1189;"Pêche à l'épuisette (capture par épuisette, chasse à l'épuisette)";;"Capture/piégeage/prélèvement";"Multi-groupes";"Capture des individus par des mouvements énergiques d'épuisette, depuis la berge ou dans l'eau. Modérer l'utilisation dans les herbiers (technique qui peut arracher les plantes aquatiques).";"Amphibiens, mollusques aquatiques, insectes aquatiques";"Active";"Dérangement";"Pas de prélèvement";;;;"true";"false";"28d69f71-e21a-4e3f-bb7b-3322124f70e4";"false"
1063;"Observation directe marine/aquatique en plongée";"2";"T1063";1179;"Observation directe marine/aquatique en plongée";;"Observation/prospection à vue";"Multi-groupes";"Observation aquatique ou sous-marine avec plongée. Dérangement possible lié à la présence de l'observateur.";"Tous les organismes marins et aquatiques (faune et flore), Habitats";"Active";"Dérangement";"Pas de prélèvement";;;;"true";"true";"6703e53b-2f4e-4216-b8b6-76fcf8fd1eaa";"false"
1064;"Observation nocturne au phare";"2";"T1064";1179;"Observation nocturne au phare";;"Observation/prospection à vue";"Mammifères";"Observation depuis un véhicule se déplaçant lentement le long d’un circuit déterminé à l’avance sur le territoire d’étude et doté d’un puissant projecteur (portée de 200 m). Dérangement possible lié à la présence de l'observateur.";"Ongulés, mésocarnivores, Lagomorphes";"Active";"Dérangement";"Pas de prélèvement";;;;"true";"false";"945a045f-9cd7-499a-85d9-b7338f0cbb3a";"false"
1065;"Prélèvement de substrat terrestre (sol/litière/sable) et observation directe et/ou tamisage";"2";"T1065";1201;"Prélèvement de substrat terrestre (sol/litière/sable) et observation directe et/ou tamisage";;"Capture/piégeage/prélèvement";"Multi-groupes";"Un échantillon de sol/litière/sable (surface et/ou volume prédéfini) est tamisé au-dessus d'une bâche blanche, puis les individus sont triés et recueillis à l'aide de pinces souples ou d'un aspirateur à bouche dans un pot contenant de l'alcool.";"Invertébrés";"Active";"Dérangement";"Prélèvement sélectif";"La méthode peut être sélective si les individus d'espèces non ciblées sont remis en place avec la terre extraite.";;;"true";"false";"89335bc0-439e-48a3-9ada-c16c422dcfe1";"false"
1066;"Prélèvement de substrat terrestre (sol/litière) et extraction par appareil de Berlèse-Tullgren, Winkler-Moczarski";"2";"T1066";1201;"Prélèvement de substrat terrestre (sol/litière) et extraction par appareil de Berlèse-Tullgren, Winkler-Moczarski";;"Capture/piégeage/prélèvement";"Multi-groupes";"Fraction de sol (litière + hauteur d'une pelle) placée dans un tamis éclairé par le haut : fuite des individus vers le pot collecteur (extracteur de Berlèse-Tullgren). Variante : extracteur de Winckler-Moczarski. Extraction indépendante de l'opérateur.";"Arthropodes";"Active";"Dérangement";"Prélèvement systématique";;;;"true";"false";"6d9e11e1-47fb-47a6-99ef-ad90887ac212";"false"
1067;"Prélèvement de substrat terrestre (sol/litière) et extraction par flottaison (extraction par densité)";"2";"T1067";1201;"Prélèvement de substrat terrestre (sol/litière) et extraction par flottaison (extraction par densité)";;"Capture/piégeage/prélèvement";"Multi-groupes";"Séparation de la macrofaune hypogée du sol par différence de densité : fraction de sol remuée dans une solution de densité adaptée. Récolte avec pince, y compris des stades inactifs (possibilité de stockage). Coûteux en temps.";"Invertébrés";"Active";"Dérangement";"Prélèvement systématique";;;;"true";"false";"3d340002-8db8-4fd6-8604-7d1a46af67fa";"false"
1068;"Observation marine par caméra suspendue";"2";"T1068";1181;"Observation marine par caméra suspendue";;"Prise de vue/imagerie";"Multi-groupes";"Système avec châssis tubulaire rigide où vient se loger le caisson étanche qui contient la caméra, descendu à l'aplomb du bateau jusqu'au-dessus du fond. Prise de vue ponctuelle ou sur transect. Dérangement potentiel lié au dispositif.";"Tous les organismes marins  (macro-organismes facilement identifiables), Habitats";"Active";"Dérangement";"Pas de prélèvement";;;;"true";"true";"7991fd8e-a8fd-49da-92cb-824d59a253d4";"false"
1069;"Observation marine par traîneau vidéo";"2";"T1069";1181;"Observation marine par traîneau vidéo";;"Prise de vue/imagerie";"Multi-groupes";"Traîneau métallique robuste portant une caméra vidéo et un système d'éclairage. Système traîné sur le fond sur une distance définie. Images enregistrées à bord du navire le long du transect en continu ou ponctuellement. Dérangement lié au dispositif.";"Tous les organismes marins (macro-organismes facilement identifiables), habitats";"Active";"Dérangement";"Pas de prélèvement";;;;"true";"true";"cd081140-948a-4702-8550-0b669c066dbf";"false"
1070;"Observation marine par véhicule téléguidé (ROV)";"2";"T1070";1181;"Observation marine par véhicule téléguidé (ROV)";"Remotely Operated Vehicle";"Prise de vue/imagerie";"Multi-groupes";"Véhicule autopropulsé et téléguidé (ou ROV, ""Remotely Operated Vehicle"") qui embarque une caméra vidéo et un système d'éclairage utilisé en milieu marin. Permet parfois de prélever des organismes benthiques (bras articulé). Dérangement lié au dispositif.";"Organismes marins moyens (1-5 cm) et gros (> 5 cm) facilement identifiables";"Active";"Dérangement";"Pas de prélèvement";;;;"true";"true";"d671cd8a-71f7-4d23-8f6c-95fe7d7c0c70";"false"
1072;"Observation directe simple nocturne (avec ou sans lampe torche)";"2";"T1072";1179;"Observation directe simple nocturne (avec ou sans lampe torche)";;"Observation/prospection à vue";"Multi-groupes";"Reconnaissance à vue des espèces. Possibilité de prospection d'habitats favorables. Rendement faible, nécessite bonnes connaissances. Risque de dérangement possible, par exemple chiroptères. Possibilité d'affût. Peut être sélectif.";"Tous les groupes (faune et flore) observables de nuit";"Active";"Dérangement";"Pas de prélèvement";;;;"true";"false";"c0c0aeb0-821c-41f7-98b4-c7da659ea08d";"false"
1075;"Ecoute active directe avec repasse";"2";"T1075";1185;"Ecoute active directe avec repasse";;"Son";"Multi-groupes";"Diffusion de chants, cris de l'espèce cible ou de prédateurs pour susciter une réaction ; puis reconnaissance sonore sans appareil d'enregistrement (écoute simple). Nécessite connaissances solides. Dérangement potentiel.";"Amphibiens, Mammifères, Oiseaux";"Active";"Dérangement";"Pas de prélèvement";;;;"true";"false";"695a42c8-f6c2-4a64-ae11-806cca4e7f5a";"false"
1076;"Observation diurne aux jumelles, à la longue-vue";"2";"T1076";1179;"Observation diurne aux jumelles, à la longue-vue";;"Observation/prospection à vue";"Multi-groupes";"Observation en utilisant un outil amplificateur : jumelles, longue-vue. Dérangement potentiel lié à la présence de l'observateur même si l'observation se fait à distance.";"Faune identifiable uniquement à vue sans capture";"Active";"Dérangement";"Pas de prélèvement";;;;"true";"false";"062648dc-b68e-47ff-8b06-01d7784afc22";"false"
1077;"Détection passive par enregistrement sonore simple";"2";"T1077";1184;"Détection passive par enregistrement sonore simple";;"Son";"Multi-groupes";"Enregistrement sonore (dans le spectre audible) sur un site fixe, sans présence de l'observateur, et détermination ultérieure des espèces contactées.";"Orthoptères, Homoptères Cicadoidea, Amphibiens, Mammifères, Oiseaux";"Passive";"Pas/peu de dérangement";"Pas de prélèvement";;;;"true";"false";"19b954e3-7f76-457e-9de9-d5697af56002";"false"
1078;"Piégeage à appât type Plantrou (piège à Charaxes)";"2";"T1078";1190;"Piégeage à appât type Plantrou (piège à Charaxes)";;"Capture/piégeage/prélèvement";"Insectes et araignées";"Piège aérien appâté (banane fermentée, excréments). Nécessite un suivi quotidien pour que les individus ne s'abîment pas.";"Nymphalidae, et particulièrement Charaxinae ainsi que Satyridae";"Passive";"Dérangement";"Prélèvement sélectif";;;;"true";"false";"a763b57c-4bf0-4df2-8240-de89aca8e2b6";"false"
1079;"Piégeage Marris House Net (tente Malaise type Marris House Net)";"2";"T1079";1194;"Piégeage Marris House Net (tente Malaise type Marris House Net)";;"Capture/piégeage/prélèvement";"Insectes et araignées";"Piège d'interception. Variante du piège Malaise (décrit au n°1015 de ce catalogue).";"Insectes";"Passive";"Dérangement";"Prélèvement systématique";;;;"true";"false";"678ff5e4-3ff8-431d-b966-6b0cb227e31e";"false"
1080;"Piégeage à fosse non appâté (piège à fosse sans liquide conservateur)";"2";"T1080";1193;"Piégeage à fosse non appâté (piège à fosse sans liquide conservateur)";"Pitfall trap";"Capture/piégeage/prélèvement";"Multi-groupes";"Récipient enfoncé dans le sol interceptant les animaux mobiles qui y tombent. Simple et fréquent d'utilisation. Rendement élevé (en nombre d'individus et d'espèces). Dégradation par les sangliers courante, débordement possible.";"Invertébrés épigés et mobiles";"Passive";"Dérangement";"Prélèvement systématique";"Capture d'espèces non cibles possible (micromammifères).";;;"true";"false";"4ecb40ab-ae5e-4d61-93e4-1d27cc689cce";"false"
1081;"Piégeage à fosse à nécrophages";"2";"T1081";1193;"Piégeage à fosse à nécrophages";;"Capture/piégeage/prélèvement";"Insectes et araignées";"Piège d’interception avec un contenant (gobelet enterré) permettant de capturer la faune circulante des invertébrés épigés nécrophages, avec appât (charogne). Ajout possible de liquide de conservation.";"Coléoptères nécrophages";"Passive";"Dérangement";"Prélèvement systématique";;;;"true";"false";"ebfc5574-b51e-4171-a447-83c9e9a00b6e";"false"
1082;"Piégeage à fosse à coprophages, piège de chute à excréments (type CSR)";"2";"T1082";1193;"Piégeage à fosse à coprophages, piège de chute à excréments (type CSR)";;"Capture/piégeage/prélèvement";"Insectes et araignées";"Piège d’interception avec un contenant (gobelet enterré) permettant de capturer la faune circulante des invertébrés épigés coprophages, avec appât (excrément d'animaux). Ajout possible de liquide de conservation.";"Coléoptères coprophages";"Passive";"Dérangement";"Prélèvement systématique";;;;"true";"false";"0c29168e-5912-49ca-9328-0c087dc9da9a";"false"
1083;"Création d'habitat refuge : couverture du sol (plaques, bâches)";"2";"T1083";1183;"Création d'habitat refuge : couverture du sol (plaques, bâches)";;"Capture/piégeage/prélèvement";"Multi-groupes";"Pose d'un dispositif (plaque, bâche) pour attirer les individus qui s'en servent d'abris artificiels (mollusques) ou pour leur thermorégulation (reptiles) en se plaçant dessous. Dérangement au moment du relevé.";"Reptiles, Escargots et mollusques";"Passive";"Dérangement";"Pas de prélèvement";;;;"true";"false";"b6c60041-36f4-4913-8971-40c8226f3f73";"false"
1084;"Création d'habitat refuge : dévitalisation de plantes, mutilation";"2";"T1084";1183;"Création d'habitat refuge : dévitalisation de plantes, mutilation";;"Capture/piégeage/prélèvement";"Insectes et araignées";"Création de dendro-microhabitats attractifs sous la forme d'entailles longitudinales de 50 cm à hauteur d’homme dans l'écorce d'un tronc pour
créer une lanière de 20 à 25 cm de large, maintenues ouvertes par des morceaux de bois. Dérangement au relevé.";"Coléoptères saproxyliques, en particulier Stephanopachys spp.";"Passive";"Dérangement";"Prélèvement sélectif";;;;"true";"false";"5cc49344-a4d0-4b98-be10-1341cd9ae8ae";"false"
1085;"Création d'habitat refuge : hôtels à insectes, gîtes, nichoirs";"2";"T1085";1183;"Création d'habitat refuge : hôtels à insectes, gîtes, nichoirs";;"Capture/piégeage/prélèvement";"Multi-groupes";"Pour inventorier en présence/absence des espèces souvent arboricoles. Particulièrement coûteux car la pose de très nombreux nichoirs est nécessaire pour que quelques-uns soient occupés. Dérangement lors du relevé et ""perturbation"" du comportement.";"Espèces souvent arboricoles : Oiseaux, Mammifères, Insectes";"Passive";"Dérangement";"Pas de prélèvement";;;;"true";"false";"c4035b80-7e72-4205-96c8-4340e84ed597";"false"
1086;"Création d'habitat refuge : substrat artificiel aquatique";"2";"T1086";1183;"Création d'habitat refuge : substrat artificiel aquatique";;"Capture/piégeage/prélèvement";"Insectes et araignées";"Capture des larves du macro-benthos par attraction et colonisation d’une cage métallique contenant un substrat artificiel (pierres et corde épaisse) posée au fond d'une pièce d'eau. Nécessite nettoyage du substrat, tri et conservation des individus.";"Ephémères, Plécoptères, Trichoptères, Odonates";"Passive";"Dérangement";"Prélèvement systématique";;;;"true";"false";"b30f487b-7105-472c-a38b-301b663d4fee";"false"
1087;"Création d'habitat refuge : autres techniques";"2";"T1087";1183;"Création d'habitat refuge : autres techniques";;"Capture/piégeage/prélèvement";"Multi-groupes";"Toute autre technique de mise en place d'habitat refuge qui ne rentrerait pas dans la définition des techniques n°1083 à 1086. Par exemple : Paniers à vers de terre. Dérangement lors du relevé.";"Vers de terre, insectes, etc.";"Passive";"Dérangement";"Pas de prélèvement";;;;"true";"false";"b8a11100-181d-4ec9-ae24-32d19ad92912";"false"
1088;"Piégeage par enceinte à émergence terrestre in situ (nasse à émergence terrestre, éclosoir)";"2";"T1088";1196;"Piégeage par enceinte à émergence terrestre in situ (nasse à émergence terrestre, éclosoir)";;"Capture/piégeage/prélèvement";"Insectes et araignées";"Substrat colonisé par des larves, que l'on entoure ou coiffe par des enceintes. Phototropisme positif des insectes vers des ouvertures équipées de récipients de collecte. Temps d'émergence variable ; standardisation difficile. Substrat conservé in situ.";"Coléoptères saproxyliques, Diptères";"Passive";"Dérangement";"Prélèvement systématique";;;;"true";"false";"1693b2dd-8b04-489d-b2be-e89afdc532a4";"false"
1090;"Capture par piège lumineux aquatique à fluorescence";"2";"T1090";1191;"Capture par piège lumineux aquatique à fluorescence";;"Capture/piégeage/prélèvement";"Insectes et araignées";"Nasse immergée transparente de grande dimension munie d'un dispositif
lumineux étanche (tube fluorescent de 15 watts émettant de la lumière ultraviolette) et alimenté par une batterie d'automobile fonctionnant la nuit.";"Insectes aquatiques : Hémiptères, Coléoptères, Odonates, Plécoptères, Trichoptères, Ephémèroptères";"Active";"Dérangement";"Prélèvement sélectif";;;;"true";"false";"fc782177-2e95-4f02-a3c0-83318f9ddfc7";"false"
1091;"Capture par piège lumineux aquatique à incandescence";"2";"T1091";1191;"Capture par piège lumineux aquatique à incandescence";;"Capture/piégeage/prélèvement";"Insectes et araignées";"Nasse immergée transparente de grande dimension munie d'un dispositif
lumineux étanche (A COMPLETER) alimenté par une batterie d'automobile fonctionnant la nuit.";"Insectes aquatiques : Hémiptères, Coléoptères, Odonates, Plécoptères, Trichoptères, Ephémèroptères";"Active";"Dérangement";"Prélèvement sélectif";;;;"true";"false";"64dc6445-3e45-41c3-893a-ad6270a4cd52";"false"
1092;"Capture par piège lumineux aquatique à LED";"2";"T1092";1191;"Capture par piège lumineux aquatique à LED";;"Capture/piégeage/prélèvement";"Insectes et araignées";"Nasse immergée transparente de grande dimension munie d'un dispositif
lumineux étanche (A COMPLETER) alimenté par une batterie d'automobile fonctionnant la nuit.";"Insectes aquatiques : Hémiptères, Coléoptères, Odonates, Plécoptères, Trichoptères, Ephémèroptères";"Active";"Dérangement";"Prélèvement sélectif";;;;"true";"false";"13ff6149-275d-4d9c-8f9f-4ebf2749b396";"false"
1093;"Piégeage lumineux automatique à fluorescence (piège lumineux)";"2";"T1093";1191;"Piégeage lumineux automatique à fluorescence (piège lumineux)";;"Capture/piégeage/prélèvement";"Insectes et araignées";"Dispositif d’attraction par la lumière (tube lumineux émettant dans les
rayonnements ultra-violets avec déclenchement automatique par programmation ou par cellule photosensible) combiné à un dispositif d’interception.";"Insectes volants attirés par la lumière : divers Lépidoptères Hétérocères, Trichoptères, divers Diptères, Coléoptères, Hétéroptères, etc.";"Passive";"Dérangement";"Prélèvement systématique";;;;"true";"false";"432c3165-7f95-46bb-bb74-cbe8cfd178ae";"false"
1094;"Piégeage lumineux automatique à incandescence (piège lumineux)";"2";"T1094";1191;"Piégeage lumineux automatique à incandescence (piège lumineux)";;"Capture/piégeage/prélèvement";"Insectes et araignées";"Dispositif d’attraction par la lumière (tube lumineux émettant dans les
rayonnements ultra-violets avec déclenchement automatique par programmation ou par cellule photosensible) combiné à un dispositif d’interception.";"Insectes volants attirés par la lumière : divers Lépidoptères Hétérocères, Trichoptères, divers Diptères, Coléoptères, Hétéroptères, etc.";"Passive";"Dérangement";"Prélèvement systématique";;;;"true";"false";"8f896d7e-349a-42c9-8d76-3cc595d95a3c";"false"
1095;"Piégeage lumineux automatique à LED (piège lumineux)";"2";"T1095";1191;"Piégeage lumineux automatique à LED (piège lumineux)";;"Capture/piégeage/prélèvement";"Insectes et araignées";"Dispositif d’attraction par la lumière (tube lumineux émettant dans les
rayonnements ultra-violets avec déclenchement automatique par programmation ou par cellule photosensible) combiné à un dispositif d’interception.";"Insectes volants attirés par la lumière : divers Lépidoptères Hétérocères, Trichoptères, divers Diptères, Coléoptères, Hétéroptères, etc.";"Passive";"Dérangement";"Prélèvement systématique";;;;"true";"false";"dfc94328-8c26-47bc-995a-24af43091b08";"false"
1096;"Capture par piège lumineux manuel à fluorescence";"2";"T1096";1191;"Capture par piège lumineux manuel à fluorescence";;"Capture/piégeage/prélèvement";"Insectes et araignées";"Attraction par la lumière de certains insectes sur un drap blanc tendu et éclairé par une lampe émettant dans les faibles longueurs d'ondes (ultraviolet). Détermination sur place ou en laboratoire après conservation. Piège passif mais présence nécessaire.";"Insectes volants attirés par la lumière : divers Lépidoptères Hétérocères, Trichoptères, divers Diptères, Coléoptères, Hétéroptères, etc.";"Active";"Dérangement";"Prélèvement sélectif";;;;"true";"false";"e1582556-8202-45de-8757-59ce7bd31e0a";"false"
1097;"Capture par piège lumineux manuel à incandescence";"2";"T1097";1191;"Capture par piège lumineux manuel à incandescence";;"Capture/piégeage/prélèvement";"Insectes et araignées";"Attraction par la lumière de certains insectes sur un drap blanc tendu et éclairé par une lampe émettant dans les faibles longueurs d'ondes (ultraviolet). Détermination sur place ou en laboratoire après conservation. Piège passif mais présence nécessaire.";"Insectes volants attirés par la lumière : divers Lépidoptères Hétérocères, Trichoptères, divers Diptères, Coléoptères, Hétéroptères, etc.";"Active";"Dérangement";"Prélèvement sélectif";;;;"true";"false";"bc111bce-57a3-476b-bd79-9750cc68728f";"false"
1098;"Capture par piège lumineux manuel à LED";"2";"T1098";1191;"Capture par piège lumineux manuel à LED";;"Capture/piégeage/prélèvement";"Insectes et araignées";"Attraction par la lumière de certains insectes sur un drap blanc tendu et éclairé par une lampe émettant dans les faibles longueurs d'ondes (ultraviolet). Détermination sur place ou en laboratoire après conservation. Piège passif mais présence nécessaire.";"Insectes volants attirés par la lumière : divers Lépidoptères Hétérocères, Trichoptères, divers Diptères, Coléoptères, Hétéroptères, etc.";"Active";"Dérangement";"Prélèvement sélectif";;;;"true";"false";"d61742a2-6ea4-4635-9806-ad85332b8028";"false"
1099;"Piégeage à cornet (piège à cornet unidirectionnel)";"2";"T1099";1192;"Piégeage à cornet (piège à cornet unidirectionnel)";;"Capture/piégeage/prélèvement";"Insectes et araignées";"Piège d'interception en tulle fort de type filet « insect-proof », à partir d’un rectangle de 125 × 68 cm² et d’une petite bande de 16 × 8 cm² limitant la quantité d'individus capturés comparé à une tente Malaise.";"Insectes volants (Diptères, Lépidoptères, Hyménoptères, Coléoptères, Orthoptères, Hémiptères, Mécoptères, Odonates, Blattoptères, Mantoptères, Dermaptères, Plécoptères, Trichoptères, etc.)";"Passive";"Dérangement";"Prélèvement systématique";;;;"true";"false";"0ca970f9-fe79-4840-81f9-e9cde77f16cb";"false"
1100;"Capture par nasses aquatiques ou filets verveux (non appâtés)";"2";"T1100";1197;"Capture par nasses aquatiques ou filets verveux (non appâtés)";;"Capture/piégeage/prélèvement";"Multi-groupes";"Repérage de jour, puis nasse déposée le soir et relevée toutes les 2 heures ou au matin. Bonnes connaissances nécessaires. Possibilité d'utiliser le piège bouteille de Beguin & Maillet qui dispose d'une réserve d'air.";"Amphibiens, Tortues, Desman des Pyrénées, Poissons";"Active";"Dérangement";"Pas de prélèvement";;;;"true";"false";"b4faf77f-59f0-4dba-a702-f3d0f70b3495";"false"
1103;"Piégeage par tissu imbibé d'insecticide";"2";"T1103";1192;"Piégeage par tissu imbibé d'insecticide";;"Capture/piégeage/prélèvement";"Insectes et araignées";"Tissu imbibé d'insecticide couplé à un dispositif de récolte.";"Insectes, araignées";"Passive";"Dérangement";"Prélèvement systématique";;;;"true";"false";"23bb01e5-01b2-4fd2-907f-79cd819bcd78";"false"
1104;"Piégeage SLAM (Sand Land and Air Malaise)";"2";"T1104";1194;"Piégeage SLAM (Sand Land and Air Malaise)";"Sand Land and Air Malaise";"Capture/piégeage/prélèvement";"Insectes et araignées";"Piège d'interception constitué d'une fine maille en forme de tente (ici autoportante), avec dispositif de récolte en haut (flacon avec liquide conservateur). Variante du piège Malaise (décrit au n°1015 de ce catalogue).";"Imagos volants de Diptères, Hyménoptères, Homoptères, quelques Coléoptères, Lépidoptères, etc.";"Passive";"Dérangement";"Prélèvement systématique";;;;"true";"false";"32a557e3-c1a6-41bd-abdd-3624982ae0e2";"false"
1106;"Prospection dans filtres de piscines, skimmer";"2";"T1106";1179;"Prospection dans filtres de piscines, skimmer";;"Observation/prospection à vue";"Insectes et araignées";"Contrôle et récupération des insectes pris dans les filtres de piscines, qui peuvent être considérés comme des pièges passifs.";"Insectes, araignées";"Passive";"sans objet";"sans objet";;;;"true";"false";"5faf9ecd-3e5a-4e7f-9f0e-1bdc55d5c906";"false"
1107;"Collecte et analyse d'indices de présence issus de restes de prédation (pelotes de réjection, restes de repas de carnivores, excréments, analyses stomacales)";"2";"T1107";1203;"Collecte et analyse d'indices de présence issus de restes de prédation (pelotes de réjection, restes de repas de carnivores, excréments, analyses stomacales)";;"Indices de présence";"Multi-groupes";"Etude d'indices (crânes, ossements, élytres, arêtes de poisson, poils, etc.) dans des restes de prédation (pelotes de réjection, restes de repas, fèces, analyses stomacale) pour identifier prédateur et proie. Fastidieux, bonnes connaissances nécessaires.";"Micromammifères, Oiseaux (rapaces, goélands), Coléoptères, Poissons, Amphibiens, Chiroptères";"Active";"sans objet";"sans objet";;;;"true";"false";"7fda20cd-fad5-4c2b-b221-be3d4d21f32a";"false"
1108;"Récolte de crottes par tubes capteurs";"2";"T1108";1203;"Récolte de crottes par tubes capteurs";;"Indices de présence";"Mammifères";"Pose de tubes collecteurs de crottes éventuellement appâtés (larves de Calliphora sp) utilisés pour détecter la présence de crossopes (aquatique et de Miller). Basée sur un effet tunnel/refuge pour inciter l'individu à marquer.";"Musaraignes aquatiques (Neomys sp)";"Passive";"sans objet";"sans objet";;;;"true";"false";"add43e22-147d-4f50-ad50-447adc2bea0e";"false"
1109;"Récolte de poils par tubes capteurs";"2";"T1109";1203;"Récolte de poils par tubes capteurs";"Hair tubes";"Indices de présence";"Mammifères";"Pose de tubes capteurs de poils, éventuellement appâtés, avec de l'adhésif ou autre dispositif collant pour récolter les poils. Identification des poils au genre ou à l'espèce fastidieuse, à réaliser au microscope, ou via des analyses génétiques.";"Micromammifères, Mustélidés";"Passive";"Pas/peu de dérangement";"Pas de prélèvement";;;;"true";"false";"ab507dd2-c98f-4553-a14b-798930013898";"false"
1110;"Récolte de poils par frottement sur un support";"2";"T1110";1203;"Récolte de poils par frottement sur un support";;"Indices de présence";"Mammifères";"Dispositif collecteur de poils (paillasson, arbre, barbelé), éventuellement avec un appât olfactif (valériane pour le Chat forestier) visant les carnivores. Identification à l'espèce fastidieuse nécessitant un microscope ou une analyse génétique.";"Carnivores terrestres (Ursidés, Félidés, Mustélidés)";"Passive";"Pas/peu de dérangement";"Pas de prélèvement";;;;"true";"false";"5091837e-166c-4648-a5f0-e04c68a00f84";"false"
1112;"Capture au collet à arrêtoir (usage restreint)";"2";"T1112";1198;"Capture au collet à arrêtoir (usage restreint)";;"Capture/piégeage/prélèvement";"Mammifères";"Piégeage non vulnérant via un câble en acier souple muni de deux arrêtoirs : un limitant l’ouverture maximale pour empêcher la capture d’animaux de grande taille, l’autre limitant la fermeture minimale de la boucle pour prévenir tout risque d’étouffement.";"Carnivores terrestres";"Active";"Dérangement";"Pas de prélèvement";"Capture non vulnérante mais qui représente un dérangement.";;;"true";"false";"93f3667f-8956-4bda-ac82-c5ea5b93c6a5";"false"
1113;"Détection active des ultrasons";"2";"T1113";1185;"Détection active des ultrasons";;"Son";"Multi-groupes";"Détecteur permettant une identification instantanée des chiroptères présents par l’observateur ; des compétences en acoustique et sur l'écologie des chiroptères sont requises. Possibilité d'enregistrement. Dérangement potentiel (présence observateur).";"Chiroptères, Orthoptères";"Active";"Dérangement";"Pas de prélèvement";;;;"true";"false";"ac7538f4-f63b-4813-b729-0a3e09c96098";"false"
1116;"Capture au filet ""harp-trap""";"2";"T1116";1186;"Capture au filet ""harp-trap""";;"Capture/piégeage/prélèvement";"Mammifères";"Système de fils noirs tendus dans lesquels les individus en vol se prennent, puis glissent pour être conditionnés dans une poche de réception. Facile d’utilisation et peu stressant (pas de démaillage) ; souvent utilisé en sortie de cavité.";"Chiroptères";"Active";"Dérangement";"Pas de prélèvement";"Moins stressant que la capture par filet japonais (les individus s'emmêlent dans les mailles).";;;"true";"false";"1e04bd41-f906-4c9f-8615-3376ad734378";"false"
1120;"Capture par pièges terrestres monocaptures non vulnérants (type cage) - vertébrés";"2";"T1120";1198;"Capture par pièges terrestres monocaptures non vulnérants (type cage) - vertébrés";"live trap";"Capture/piégeage/prélèvement";"Multi-groupes";"Cage grillagée reposant sur un socle : la porte se referme lorsque l'animal touche les appâts placés sur le mécanisme déclencheur. Plusieurs modèles adaptés à la taille des espèces visées. Type Ugglan, Tomahawk,  boîte à fauves (chatière), etc.";"Petits à moyens mammifères (des musaraignes aux gros rongeurs et petits carnivores), Reptiles, Oiseaux";"Active";"Dérangement";"Pas de prélèvement";;;;"true";"false";"42178544-01b0-433a-8f31-10eb6e9732bb";"false"
1124;"Piégeage de traces : autres types de pièges à traces, empreintes";"2";"T1124";1203;"Piégeage de traces : autres types de pièges à traces, empreintes";"tracking plate, tunnel";"Indices de présence";"Mammifères";"Cadre rempli d’argile très humide, ou tunnel en bois (ou autre matériau) contenant un tampon encreur et des supports de part et d'autre pour relever les empreintes. Bonnes connaissances nécessaires. Détermination parfois limitée au genre.";"Mammifères";"Passive";"sans objet";"sans objet";;;;"true";"false";"000e06c4-c0c7-44f1-a0d5-6393e5298a17";"false"
1125;"Piégeage de traces avec radeau à empreintes";"2";"T1125";1203;"Piégeage de traces avec radeau à empreintes";"tracking raft, floating raft";"Indices de présence";"Mammifères";"Plateforme de 120 x 60 cm flottante munie en son centre d'un capteur d'empreintes à argile, et surmontée d'un tunnel.";"Vison d'Amérique, Vison d'Europe, Putois d'Europe, Desman des Pyrénées";"Passive";"sans objet";"sans objet";;;;"true";"false";"b4df24db-b8f7-4489-a20b-64fad0f4fe65";"false"
1126;"Prospection en cavité arboricole avec ou sans endoscope";"2";"T1126";1179;"Contrôle de gîte potentiel en cavité arboricole avec ou sans endoscope";;"Observation/prospection à vue";"Multi-groupes";"Contrôle des cavités potentielles occupées par les chiroptères dans les arbres. Extrêmement lourd à mettre en place car nécessité de grimpe par un spécialiste et si nécessaire, d'un matériel très spécifique (endoscope). Limiter la visite au strict minimum";"Chiroptères, Oiseaux";"Active";"Dérangement";"Pas de prélèvement";"Technique dérangeante pour les animaux si ces derniers sont dans les gîtes au moment de la visite.";;;"true";"false";"28e7620e-74b7-4314-bafa-bf1aa3d6e691";"false"
1127;"Détection passive par enregistrement ultrasonore";"2";"T1127";1184;"Détection passive par enregistrement ultrasonore";;"Son";"Multi-groupes";"Enregistrement en continu du signal émis (chauve-souris, orthoptères) et restitution différente selon les réglages de l'appareil (expansion de temps, etc.) pour le rendre audible. Analyse fine des signaux à l'aide d'un logiciel informatique.";"Chiroptères, Orthoptères";"Passive";"Pas/peu de dérangement";"Pas de prélèvement";;;;"true";"false";"3ae72836-8827-4838-a60a-5f3a6f3ed0da";"false"
1131;"ADN environnemental : approche multispécifique (""metabarcoding"")";"2";"T1131";1178;"ADN environnemental : approche multispécifique (""metabarcoding"")";"environmental DNA metabarcoding, eDNA";"Indices de présence";"Multi-groupes";"Collecte d'échantillons environnementaux (sol, eau, fèces) et extraction d'ADN. Approche multispécifique qui permet de rechercher plusieurs espèces dans l'échantillon sur la base d'amorces universelles.";"Tous les groupes (faune et flore)";"Active";"sans objet";"sans objet";"Technicité forte pour les analyses ADN (séquençage), pas lors du prélèvement qui peut être effectué sans compétences spécifiques.";;;"true";"false";"93907fa9-e197-4690-b14c-45c212daab1e";"false"
1132;"ADN environnemental : approche spécifique (""barcoding"")";"2";"T1132";1178;"ADN environnemental : approche spécifique (""barcoding"")";"environmental DNA barcoding, eDNA";"Indices de présence";"Multi-groupes";"Collecte d'échantillons environnementaux (sol, eau, fèces) et extraction d'ADN. Permet de vérifier la présence ou l'absence d'une espèce cible dans un milieu à partir d'amorces spécifiques.";"Tous les groupes (faune et flore)";"Active";"sans objet";"sans objet";"Technicité forte pour les analyses ADN (séquençage), pas lors du prélèvement qui peut être effectué sans compétences spécifiques.";;;"true";"false";"6dd90d81-8c0f-4b40-9a35-a0c295fd13a7";"false"
1133;"ADN environnemental : séquençage direct (métagénomique ou multispécifique)";"2";"T1133";1178;"ADN environnemental : séquençage direct (métagénomique ou multispécifique)";"environmental DNA, eDNA";"Indices de présence";"Multi-groupes";"Collecte d'échantillons environnementaux (sol, eau, fèces) et extraction d'ADN. Permet d'identifier les espèces présentes. Persistance variable de l'ADN dans le milieu, bien plus élevée dans le sol (mois, années) que dans l'eau (jours).";"Tous les groupes (faune et flore)";"Active";"sans objet";"sans objet";"Technicité forte pour les analyses ADN (séquençage), pas lors du prélèvement qui peut être effectué sans compétences spécifiques.";;;"true";"false";"62dc8c54-2fdc-42e2-bc7a-be90b09a6a91";"false"
1134;"Observation nocturne aux jumelles (amplification visuelle)";"2";"T1134";1179;"Observation nocturne aux jumelles (amplification visuelle)";;"Observation/prospection à vue";"Multi-groupes";"Jumelles à vision nocturne (à amplificateur de lumière, éclairant la scène avec un faisceau infrarouge ou à vision thermique) notamment utilisées pour les comptages en sortie de gîte ou d'observation de colonies de chauves-souris. Dérangement potentiel.";"Chiroptères";"Active";"Dérangement";"Pas de prélèvement";;;;"true";"false";"bb3e1df0-4ac1-426c-bd0a-445a58145844";"false"
1135;"Observation directe marine/aquatique sans plongée (ex. masque-tuba)";"2";"T1135";1179;"Observation directe marine/aquatique sans plongée (ex. masque-tuba)";"snorkeling";"Observation/prospection à vue";"Multi-groupes";"Observation sous l'eau par le biais de courtes plongées, à proximité de la surface ou à faible profondeur (masque/tuba). Dérangement possible lié à la présence de l'observateur.";"Tous les organismes marins et aquatiques (faune et flore) de surface et de faible profondeur, habitats";"Active";"Dérangement";"Pas de prélèvement";;;;"true";"true";"04e72fcc-51c5-4b23-aba1-397929d3f466";"false"
1136;"Détection par appareil photo/vidéo (piège photographique) à déclenchement séquentiel (""Time lapse"")";"2";"T1136";1181;"Détection par appareil photo/vidéo (piège photographique) à déclenchement séquentiel (""Time lapse"")";"remote camera trapping ""time lapse""";"Prise de vue/imagerie";"Multi-groupes";"Prise d'une photographie ou d'une vidéo à intervalle de temps régulier (fixé par l'utilisateur) permettant d’effectuer des comptages et d’identifier les espèces présentes. Assez coûteux, long à mettre en œuvre (relevés réguliers) et à analyser.";"Espèces de relativement grande taille pouvant être détectées par l'appareil : Mammifères, Oiseaux, Reptiles, Amphibiens";"Passive";"Pas/peu de dérangement";"Pas de prélèvement";;;;"true";"false";"808040bd-b563-407b-905a-2a4df9189b57";"false"
1137;"Détection par appareil photo/vidéo (piège photographique) ultrasensible";"2";"T1137";1181;"Détection par appareil photo/vidéo (piège photographique) ultrasensible";"remote camera trapping";"Prise de vue/imagerie";"Multi-groupes";"Capteurs photos / vidéos très sensibles, au delà du seuil de visibilité de l'oeil humain. Permettent de photographier et filmer avec très peu de lumière (un ciel étoilé ou un clair de lune suffisent à capturer des images).";"Espèces nocturnes et discrètes : Mammifères, Oiseaux, Amphibiens, Reptiles, etc.";"Passive";"Pas/peu de dérangement";"Pas de prélèvement";;;;"true";"false";"e98df395-5698-4591-afcb-999ce2eed40f";"false"
1138;"Détection par caméra thermique";"2";"T1138";1181;"Détection par caméra thermique";;"Prise de vue/imagerie";"Multi-groupes";"Caméra avec capteur thermique enregistrant l'intensité du rayonnement dans la partie infrarouge du spectre électromagnétique (ondes de chaleur,""lointain"" infrarouge, jusqu'à 13 000 nm), et la convertissant en image visible, de jour comme de nuit.";"Mammifères, notamment Chiroptères";"Passive";"Pas/peu de dérangement";"Pas de prélèvement";;;;"true";"false";"af4f12f2-124c-4304-af5f-62cff96d20d1";"false"
1139;"Détection par appareil photo/vidéo (piège photographique) à détection infra-rouge";"2";"T1139";1181;"Détection par appareil photo/vidéo (piège photographique) à détection infra-rouge";"remote camera trapping";"Prise de vue/imagerie";"Multi-groupes";"Système de détection passif (faisceau infrarouge) couplé à un appareil photographique ou une caméra permettent d’effectuer des comptages et d’identifier les espèces. Assez coûteux, long à mettre en œuvre (relevés réguliers) et à analyser.";"Vertébrés terrestres";"Passive";"Pas/peu de dérangement";"Pas de prélèvement";"Dispositif particulier pour les chiroptères (émetteur et récepteur infrarouge) avec flashs qui peuvent provoquer un dérangement.";;;"true";"false";"54508921-016c-4132-9d23-01b284228233";"false"
1140;"Observation directe aérienne";"2";"T1140";1179;"Observation directe aérienne";;"Observation/prospection à vue";"Multi-groupes";"Observation et comptage effectué à partir d'engins volant à basse altitude (ULM, avion, hélicoptères, etc) pour les oiseaux marins nichant en falaise, les espèces en pleine mer, mais aussi les ongulés terrestres. Dérangement possible (malgré la distance).";"Oiseaux marins, Mammifères marins, Tortues marines, Ongulés en montagne, etc.";"Active";"Dérangement";"Pas de prélèvement";;;;"true";"false";"7d305eed-358e-4dc5-9fb0-f458e81b27e4";"false"
1141;"Télédétection par laser, LiDAR";"2";"T1141";1182;"Télédétection par laser, LiDAR";;"Prise de vue/imagerie";"Habitats";"Technique de mesure à distance fondée sur l'analyse des propriétés d'un faisceau de lumière renvoyé vers son émetteur. Utilise la lumière (laser).";"Habitats";"Passive";"Pas/peu de dérangement";"Pas de prélèvement";;;;"false";"true";"2da75db6-ffcc-4104-b599-89aa7dcc5094";"false"
1142;"Télédétection par radar au sol";"2";"T1142";1182;"Télédétection par radar au sol";;"Prise de vue/imagerie";"Multi-groupes";"Radar utilisant des impulsions d'énergie électromagnétique émises vers une cible qui renvoie un ""écho"" sous forme d'énergie réfléchie. Fixe sur remorque ou laissé à demeure plusieurs mois sur un site (acquisition en continu).";"Habitats, Oiseaux";;"Pas/peu de dérangement";"Pas de prélèvement";;;;"true";"true";"df2716f8-f2bd-4171-a757-16a43aaa1c15";"false"
1143;"Télédétection par radar aérien";"2";"T1143";1182;"Télédétection par radar aérien";;"Prise de vue/imagerie";"Habitats";"Radar utilisant des impulsions d'énergie électromagnétique émises vers une cible qui renvoie un ""écho"" sous forme d'énergie réfléchie. Utilisation de système aéroporté. Très coûteux.";"Habitats";"Active";"Pas/peu de dérangement";"Pas de prélèvement";;;;"false";"true";"8337fde4-eee6-475b-a1ee-96cf7c1e5d5e";"false"
1144;"Télédétection par sonar";"2";"T1144";1182;"Télédétection par sonar";;"Prise de vue/imagerie";"Multi-groupes";"Appareil utilisant les propriétés particulières de la propagation du son dans l'eau pour localiser les objets sous l'eau en indiquant leur direction et leur distance. Soit actif (panoramique de pêche), soit passif (pour détecter les mammifères marins).";"Habitats, mammifères marins";;"Dérangement";"Pas de prélèvement";;;;"true";"true";"c57ee798-4b9d-45f0-b18c-bce4cee35242";"false"
1145;"Piégeage par assiettes colorées (piège coloré, plaque colorée adhésive) - jaune";"2";"T1145";1151;"Piégeage par assiettes colorées (piège coloré, plaque colorée adhésive) - jaune";;"Capture/piégeage/prélèvement";"Insectes et araignées";"Piège reposant sur l'attraction visuelle par les couleurs (mimétique fleurs),  avec liquide conservateur. Faible rayon d'action. Espèces cryptiques. Entretien régulier nécessaire, risques de détérioration et de consommation des insectes par les oiseaux.";"Diptères et Hyménoptères (jaune)";"Passive";"Dérangement";"Prélèvement systématique";;;;"true";"false";"1813daf1-3ca1-4983-8f92-aaed4972757f";"false"
1146;"Piégeage par assiettes colorées (piège coloré, plaque colorée adhésive) - bleu";"2";"T1146";1151;"Piégeage par assiettes colorées (piège coloré, plaque colorée adhésive) - bleu";;"Capture/piégeage/prélèvement";"Insectes et araignées";"Piège reposant sur l'attraction visuelle par les couleurs (mimétique fleurs), avec liquide conservateur. Faible rayon d'action. Espèces cryptiques. Entretien régulier nécessaire, risques de détérioration et de consommation des insectes par les oiseaux.";"Coléoptères saproxyliques (bleu et blanc)";"Passive";"Dérangement";"Prélèvement systématique";;;;"true";"false";"4ede8de4-91f0-4801-ac04-dee5f0393ef6";"false"
1147;"Piégeage par assiettes colorées (piège coloré, plaque colorée adhésive) - blanc";"2";"T1147";1151;"Piégeage par assiettes colorées (piège coloré, plaque colorée adhésive) - blanc";;"Capture/piégeage/prélèvement";"Insectes et araignées";"Piège reposant sur l'attraction visuelle par les couleurs (mimétique fleurs), avec liquide conservateur. Faible rayon d'action. Espèces cryptiques. Entretien régulier nécessaire, risques de détérioration et de consommation des insectes par les oiseaux.";"Coléoptères saproxyliques (bleu et blanc)";"Passive";"Dérangement";"Prélèvement systématique";;;;"true";"false";"63d3eccf-44d1-4ee1-bab4-e8200745c9eb";"false"
1148;"Piégeage par assiettes colorées (piège coloré, plaque colorée adhésive) - rouge";"2";"T1148";1151;"Piégeage par assiettes colorées (piège coloré, plaque colorée adhésive) - rouge";;"Capture/piégeage/prélèvement";"Insectes et araignées";"Piège reposant sur l'attraction visuelle par les couleurs (mimétique fleurs), avec liquide conservateur. Faible rayon d'action. Espèces cryptiques. Entretien régulier nécessaire, risques de détérioration et de consommation des insectes par les oiseaux.";"Hémiptères, Collemboles, Thysanoptères";"Passive";"Dérangement";"Prélèvement systématique";;;;"true";"false";"7c493e7b-49ab-4e2c-b3cf-b526d662e66c";"false"
1149;"Piégeage par assiettes colorées (piège coloré, plaque colorée adhésive) - vert";"2";"T1149";1151;"Piégeage par assiettes colorées (piège coloré, plaque colorée adhésive) - vert";;"Capture/piégeage/prélèvement";"Insectes et araignées";"Piège reposant sur l'attraction visuelle par les couleurs (mimétique fleurs), avec liquide conservateur. Faible rayon d'action. Espèces cryptiques. Entretien régulier nécessaire, risques de détérioration et de consommation par les oiseaux.";"Hémiptères, Collemboles, Thysanoptères";"Passive";"Dérangement";"Prélèvement systématique";;;;"true";"false";"93dad097-19eb-4d20-85f8-9c42cc9a8339";"false"
1150;"Piégeage par assiettes colorées (piège coloré, plaque colorée adhésive) - autre couleur";"2";"T1150";1151;"Piégeage par assiettes colorées (piège coloré, plaque colorée adhésive) - autre couleur";;"Capture/piégeage/prélèvement";"Insectes et araignées";"Piège reposant sur l'attraction visuelle par les couleurs (mimétique fleurs), avec liquide conservateur. Faible rayon d'action. Espèces cryptiques. Entretien régulier nécessaire, risques de détérioration et de consommation par les oiseaux.";"Insectes volants non ciblés spécifiquement par les autres couleurs";"Passive";"Dérangement";"Prélèvement systématique";;;;"true";"false";"c5e2c302-925f-4dc1-bf57-b1f460d8b7d6";"false"
1151;"Piégeage par assiettes colorées (piège coloré, plaque colorée adhésive)";"1";"T1151";1151;"Piégeage par assiettes colorées (piège coloré, plaque colorée adhésive)";;"Capture/piégeage/prélèvement";"Insectes et araignées";"Piège reposant sur l'attraction visuelle par les couleurs (mimétique fleurs), avec liquide conservateur. Faible rayon d'action. Espèces cryptiques. Entretien régulier nécessaire, risques de détérioration et de consommation par les oiseaux.";"Insectes volants";"Passive";"Dérangement";"Prélèvement systématique";;;;"true";"false";"c8750390-94ee-4d00-bfad-e77dddbda4e1";"false"
1152;"Capture par pièges terrestres monocaptures non vulnérants (Sherman, Longworth, etc.) - micromammifères";"2";"T1152";1198;"Capture par pièges terrestres monocaptures non vulnérants (Sherman, Longworth, etc.) - micromammifères";;"Capture/piégeage/prélèvement";"Mammifères";"Piège de différentes natures (Sherman, Longworth, ""trip trap"", INRA, ratière, etc.) permettant la capture d'un spécimen à la fois de micromammifères.";"Micromammifères";"Active";"Dérangement";"Pas de prélèvement";;;;"true";"false";"a3adf720-eb31-4755-81d8-6c2d1a27c622";"false"
1153;"Capture par pièges terrestres multicaptures non vulnérants de type UGGLAN - micromammifères";"2";"T1153";1198;"Capture par pièges terrestres multicaptures non vulnérants de type UGGLAN - micromammifères";;"Capture/piégeage/prélèvement";"Mammifères";"Piège de type Ugglan avec une bascule permettant de capturer plusieurs individus, les uns après les autres, de micromammifères.";"Micromammifères";"Active";"Dérangement";"Pas de prélèvement";;;;"true";"false";"205f6820-3d44-4177-a96e-04392b3f8f52";"false"
1154;"Piégeage de traces avec revoir";"2";"T1154";1203;"Piégeage de traces avec revoir";;"Indices de présence";"Mammifères";"Surface de terre dégagée pour faciliter le recueil d’empreintes (utilisé en particulier pour le suivi de l'Ours brun) placée sur une coulée ou un site stratégique de passage de l'espèce visée.";"Ours brun (Ursus arctos)";"Passive";"sans objet";"sans objet";;;;"true";"false";"1e717007-4b24-4064-b49a-f61239b087cd";"false"
1156;"Capture par chalutage aérien en mer (plancton aérien - bateau)";"2";"T1156";1188;"Capture par chalutage aérien en mer (plancton aérien - bateau)";;"Capture/piégeage/prélèvement";"Insectes et araignées";"Filet de large diamètre, amarré à un bateau circulant sur une distance donnée, permettant de collecter des insectes volants, par exemple le long d’un transect effectué en mer.";"Insectes volants";"Active";"Dérangement";"Prélèvement systématique";;;;"true";"false";"5e746ad0-2036-4daa-8e73-d680ff2c49f6";"false"
1157;"Détection au chien (individus, indices de présence)";"2";"T1157";1202;"Détection au chien (individus, indices de présence)";;"Indices de présence";"Multi-groupes";"Chien dressé pour la détection de fèces, autres indices de présence ou  d’espèces animales sauvages (surtout mammifères carnivores mais aussi de très nombreux animaux, bactéries, champignons et même des plantes). Dérangement potentiel (chien).";"Mammifères, Oiseaux, Reptiles, Amphibiens, Insectes, Araignées, Poissons, Bivavles, Gastéropodes, Nématodes, bactéries, Champignons, Plantes";"Active";"Dérangement";"sans objet";;;;"true";"false";"bebf9539-f8c4-4bf6-8e21-0dfcc3cbfcc7";"false"
1159;"Observation par drone";"2";"T1159";1181;"Observation par drone";"drone, Unmanned Aerial Vehicle (UAV)";"Prise de vue/imagerie";"Multi-groupes";"Utilisation d'un drone ou UAV (""Unmanned Aerial Vehicle""), un aéronef inhabité, piloté à distance, semi-autonome ou autonome, de moins de 25 kg capable d'embarquer des appareils photos, des caméras ou autre matériel d'acquisition de données. Dérangement.";"Habitats, faune (Oiseaux en colonies principalement, potentiellement d'autres groupes mais risque de dérangement, déjà mis en évidence chez les mammifères)";"Active";"Dérangement";"Pas de prélèvement";;;;"true";"true";"4cde4c94-54ee-43d4-b3a7-4b570a58d9bd";"false"
1160;"Capture au filet tombant (ongulés)";"2";"T1160";1186;"Capture au filet tombant (ongulés)";;"Capture/piégeage/prélèvement";"Mammifères";"Filet maintenu par une armature métallique de 10 m x 10 m, relevé à 2 m de hauteur avec un mât central ou un câble tendu entre deux arbres. Déclenchement mécanique ou électronique à distance. Souvent appât au sel (ongulés). Nécessite présence sur place.";"Ongulés";"Active";"Dérangement";"Pas de prélèvement";;;;"true";"false";"b960afa7-d0dd-4163-a9f6-0900bdf93491";"false"
1161;"Capture au lacet à patte (usage restreint)";"2";"T1161";1198;"Capture au lacet à patte (usage restreint)";;"Capture/piégeage/prélèvement";"Mammifères";"Système de 2 lacets ouverts sur le sol reliés à un sandow tendu le long d’un arbre. En passant les animaux libèrent les lacets qui se resserrent autour
d’une (ou plusieurs) patte. Sur les coulées en milieu forestier. Nécessite une intervention rapide.";"Ongulés (surtout Chevreuil), carnivores";"Active";"Dérangement";"Pas de prélèvement";;;;"true";"false";"65092679-90e6-4fc3-8a20-9c46035468c3";"false"
1162;"Capture aux filets verticaux (ongulés)";"2";"T1162";1186;"Capture aux filets verticaux (ongulés)";;"Capture/piégeage/prélèvement";"Mammifères";"Système de câbles tendus à environ 2 m de hauteur relié à un filet à cerfs de 3 m de hauteur et 100 m de longueur. Chute du filet au passage de l'animal (appâté au sel), formant alors un enclos. Utilisé en clairière (ongulés).";"Ongulés";"Active";"Dérangement";"Pas de prélèvement";;;;"true";"false";"48c317ba-d97d-407f-b326-e4b57ba860e2";"false"
1163;"Piégeage par cross-trap à galloprotect avec diffuseur";"2";"T1163";1190;"Piégeage par cross-trap à galloprotect avec diffuseur";;"Capture/piégeage/prélèvement";"Insectes et araignées";"Piège d’interception de type Crosstrap® couplé à des attractifs Galloprotect® (phéromone, terpènes, etc.). Bol de récolte à fond grillagé avec insecticide. Souvent pour capturer les insectes du genre Monochamus vecteurs du nématode du pin (sylviculture).";"Insectes du genre Monochamus";"Passive";"Dérangement";"Prélèvement systématique";;;;"true";"false";"6e12bd7a-d36f-415d-ad5b-a908e89623a6";"false"
1164;"Capture par enclos coulissant (ongulés)";"2";"T1164";1186;"Capture par enclos coulissant (ongulés)";;"Capture/piégeage/prélèvement";"Mammifères";"Enceinte carrée de 50 m de côté à base de bâche de 2,50 m de hauteur. 2 côtés situés en courbe de niveau fixes (palissades en bâche) et 2 côtés en rideaux en bâche coulissant dans le sens de la pente, reliés à des câbles. Déclenchement par opérateur.";"Ongulés";"Active";"Dérangement";"Pas de prélèvement";;;;"true";"false";"6564036e-1344-432b-93e2-3517eb4c258e";"false"
1165;"Capture par enclos-piège (ongulés)";"2";"T1165";1186;"Capture par enclos-piège (ongulés)";;"Capture/piégeage/prélèvement";"Mammifères";"Enclos grillagés (2 m de hauteur pour le Chevreuil et 2,50 m pour le
Cerf) avec différents systèmes de portes possibles (guillotine, coulissante). Souvent appâté avec du sel. Nécessite la présence de l'observateur.";"Ongulés";"Active";"Dérangement";"Pas de prélèvement";;;;"true";"false";"8ed4d55c-bed4-4259-9c8e-fb60499ce138";"false"
1166;"Capture par panneautage (filets avec rabatteurs) (ongulés)";"2";"T1166";1186;"Capture par panneautage (filets avec rabatteurs) (ongulés)";;"Capture/piégeage/prélèvement";"Mammifères";"Lignes de filets disposées en utilisant le relief et les éléments fixes du paysage, avec bâches opaques à hauteur qui dirigent les animaux vers des passages obligés. Rabat effectué par des traqueurs (avec ou sans chiens). Manipulation rapide et sur place.";"Ongulés";"Active";"Dérangement";"Pas de prélèvement";;;;"true";"false";"01b64477-8927-4765-9a61-a99f1d1c61ac";"false"
1167;"Piégeage par piège à migration verticale";"2";"T1167";1192;"Piégeage par piège à migration verticale";;"Capture/piégeage/prélèvement";"Insectes et araignées";"Planchette mince d’environ 40 cm par 1,20 m de haut, avec pont en grillage moustiquaire rigide qui se termine par une toile cônique fixée à un tube dirigeant l’insecte vers le flacon de récolte contenant le liquide de conservation.";"Hyménoptères, Coléoptères, etc.";"Passive";"Dérangement";"Prélèvement systématique";;;;"true";"false";"786fe13a-a214-48e3-99b6-602a32f02185";"false"
1168;"Piégeage lumineux automatique Polyvie bleu (PVB) (piège lumineux)";"2";"T1168";1191;"Piégeage lumineux automatique Polyvie bleu (piège lumineux)";;"Capture/piégeage/prélèvement";"Insectes et araignées";"Couplage d'un dispositif d'attraction lumineuse (rampe de LED bleues) à un dispositif d'interception de type Polytrap (référencé au n°1011 et 1042 de ce catalogue).";"Coléoptères, divers ordres (Orthoptères, Hemiptères, etc.)";"Passive";"Dérangement";"Prélèvement systématique";;;;"true";"false";"28377b11-361a-4b63-9490-1790c08648d1";"false"
1169;"Piégeage lumineux automatique Polyvie rose (piège lumineux)";"2";"T1169";1191;"Piégeage lumineux automatique Polyvie rose (piège lumineux)";;"Capture/piégeage/prélèvement";"Insectes et araignées";"Couplage d'un dispositif d'attraction lumineuse (rampe de LED roses) à un dispositif d'interception de type Polytrap (référencé au n°1011 et 1042 de ce catalogue).";"Insectes";"Passive";"Dérangement";"Prélèvement systématique";;;;"true";"false";"fe13136a-3cda-4483-ada1-7f1128c89360";"false"
1170;"Prélèvement par grappin ou râteau (macrophytes)";"2";"T1170";1174;"Prélèvement par grappin ou râteau (macrophytes)";;"Autres techniques";"Plantes, mousses et fougères";"Prélèvement avec grappin ou râteau de certaines plantes en milieu aquatique pour favoriser l'identification ultérieure en laboratoire.";"Macrophytes";"Active";"Dérangement";"Prélèvement sélectif";;;;"true";"false";"85aece09-91f6-48b5-8d92-25e99fec9d8d";"false"
1171;"Prospection dans bouteilles/canettes vides";"2";"T1171";1179;"Prospection dans bouteilles/canettes vides";;"Observation/prospection à vue";"Mammifères";"Recherche de restes et/ou de cadavres entiers de micromammifères dans les déchets de bouteilles et canettes vides trouvées dans le milieu (font office de pièges passifs).";"Micromammifères";"Active";"sans objet";"sans objet";;;;"true";"false";"b14582f1-868c-4594-9379-9c296037f092";"false"
1172;"Prospection dans les collections naturalistes (nécrophages)";"2";"T1172";1179;"Prospection dans les collections naturalistes (nécrophages)";;"Observation/prospection à vue";"Insectes et araignées";"Recherche d'insectes nécrophages dans les collections naturalistes, avec collecte éventuelle (mais non systématique) en vue de l'identification.";"Insectes nécrophages";"Active";"Dérangement";"Prélèvement sélectif";;;;"true";"false";"92d7299b-431f-46b2-a904-667d9a5ef2fd";"false"
1173;"Combinaison de plusieurs techniques";"1";"T1173";;"Combinaison de plusieurs techniques";;"Autres techniques";"Multi-groupes";;;;;;;;;"true";"true";"d17e407d-1413-47d7-ac58-ed4ed0b1b807";"false"
1174;"Autre technique";"1";"T1174";1174;;;"Autres techniques";"Multi-groupes";"Regroupe les techniques à part, non classées dans les autres catégories.";"Tous les groupes (faune et flore)";;;;;;;"true";"true";"bab136fe-2227-4076-850f-38bf3a678d28";"false"
1175;"Technique non précisée, pas d'information sur la technique utilisée";"1";"T1175";;"Technique non précisée, pas d'information sur la technique utilisée";;"Autres techniques";"Multi-groupes";;;;;;;;;;;"01612521-0b7b-46aa-9302-9a9d83bf495c";"false"
1176;"Contact olfactif";"2";"T1176";1202;"Contact olfactif";;"Indices de présence";"Multi-groupes";"Détection d'un individu par une odeur caractéristique.";"Certains mammifères (Castor d'Europe), insectes";"Active";"sans objet";"sans objet";;;;"true";"false";"868df3bf-823c-4ddc-8af9-3a2ec5cb9cd4";"false"
1177;"Photo-interprétation à partir d'une imagerie aérienne";"2";"T1177";1181;"Photo-interprétation à partir d'une imagerie aérienne";;"Prise de vue/imagerie";"Habitats";"Détermination à partir d'images aériennes satellites.";"Habitats";"Passive";"Pas/peu de dérangement";"Pas de prélèvement";;;;"false";"true";"528b552f-9200-4f67-aa3e-b00059d29a72";"false"
1178;"ADN environnemental";"1";"T1178";1178;"ADN environnemental";;"Indices de présence";"Multi-groupes";"Technique de niveau supérieur. Regroupe les techniques de collecte d'échantillons environnementaux (sol, eau, fèces) et extraction d'ADN.";"Tous les groupes (faune et flore)";;;;;;;"true";"false";"820a92c6-1b41-4a0f-8c58-99914715235d";"false"
1179;"Observation directe, chasse à vue, prospection ciblée";"1";"T1179";1179;"Observation directe, chasse à vue, prospection ciblée";;"Observation/prospection à vue";"Multi-groupes";"Technique de niveau supérieur. Regroupe les techniques d'observation et de reconnaissance à vue, incluant la capture directe d'individus et la prospection ciblée dans certains habitats spécifiques.";"Faune, flore, habitats.";;;;;;;"true";"true";"223ea38c-2954-478c-808f-4391201606cb";"false"
1180;"Recherche active dans l'habitat naturel (battage, fauchage, brossage, …)";"1";"T1180";1180;"Recherche active dans l'habitat naturel (battage, fauchage, brossage, …)";;"Capture/piégeage/prélèvement";"Multi-groupes";"Technique de niveau supérieur. Regroupe les techniques de recherche active d'une ou plusieurs espèces à l'aide de matériel de prospection dans l'habitat (filet fauchoir, brosse à substrat, etc.).";"Invertébrés terrestres et épifaune marine.";;;;;;;"true";"true";"10e8053e-d072-433e-a28f-e9c1f273f6cc";"false"
1181;"Observation ou détection par un système photo/vidéo";"1";"T1181";1181;"Observation ou détection par un système photo/vidéo";;"Prise de vue/imagerie";"Multi-groupes";"Technique de niveau supérieur. Regroupe les techniques impliquant un appareil photographique ou vidéo.";"Tous les groupes (faune et flore)";;;;;;;"true";"true";"6717e72c-97b5-4eb8-bb42-fea46c121eff";"false"
1182;"Télédétection";"1";"T1182";1182;"Télédétection";"Remote sensis";"Prise de vue/imagerie";"Multi-groupes";"Technique de niveau supérieur. Regroupe les techniques incluant la télédétection (moyen d’acquérir de l’information sur un objet ou un site sans y être physiquement). Inclut les photographies aériennes ou satellitaires.";"Habitats, oiseaux, mammifères";;;;;;;"true";"true";"c8e0f800-4697-4e26-ad3c-e25ef61b90ca";"false"
1183;"Création d'habitat refuge";"1";"T1183";1183;"Création d'habitat refuge";;"Capture/piégeage/prélèvement";"Multi-groupes";"Technique de niveau supérieur. Regroupe les techniques incluant la pose d'un dispositif servant de refuge / gîte pour attirer les individus.";"Mammifères, Oiseaux, Insectes, Mollusques, etc.";;;;;;;"true";"false";"dd6a2ad8-2cef-4588-a935-b99a87cb137e";"false"
1184;"Détection sonore passive avec enregistrement";"1";"T1184";1184;"Détection sonore passive avec enregistrement";;"Son";"Multi-groupes";"Technique de niveau supérieur. Regroupe les techniques incluant la pose d'un détecteur enregistrant en continu les sons émis en dehors du spectre audible (ultrasons, sons sous-marins, etc.).";"Chiroptères, Mammifères marins, Poissons, Crustacés, Amphibiens, etc.";;;;;;;"true";"false";"624e0e1b-19f5-44ea-aca2-878e44374b30";"false"
1185;"Ecoute ou détection sonore active";"1";"T1185";1185;"Ecoute ou détection sonore active";;"Son";"Multi-groupes";"Technique de niveau supérieur. Regroupe les techniques actives liées aux sons, avec ou sans détecteur permettant de rendre audibles les sons non perceptibles par l'oreille humaine.";"Oiseaux, Chiroptères, Mammifères marins, Insectes, etc.";;;;;;;"true";"false";"d60d1ec2-b048-437b-8e84-8d5fe2caf8b9";"false"
1186;"Capture au filet fixe/par enclos";"1";"T1186";1186;"Capture au filet fixe/par enclos";;"Capture/piégeage/prélèvement";"Multi-groupes";"Technique de niveau supérieur. Regroupe les techniques de capture impliquant tous types de filets fixes ou enclos.";"Oiseaux, Insectes, Mammifères (Ongulés, Chiroptères)";;;;;;;"true";"false";"fb0f059d-6f55-4248-8602-343ac1da3377";"false"
1187;"Capture/piégeage par aspiration";"1";"T1187";1187;"Capture/piégeage par aspiration";;"Capture/piégeage/prélèvement";"Multi-groupes";"Technique de niveau supérieur. Regroupe les techniques impliquant un piège à aspiration / succion.";"Insectes, Endofaune marine (annélides, planaires turbellariés, Arthropodes, mollusques bivalves, etc.)";;;;;;;"true";"false";"55a3b320-fc14-4399-b005-9c4e32f8930b";"false"
1188;"Capture par chalutage aérien";"1";"T1188";1188;"Capture par chalutage aérien";;"Capture/piégeage/prélèvement";"Insectes et araignées";"Technique de niveau supérieur. Regroupe les techniques à base de filet amarré à un véhicule (terrestre ou aquatique) permettant de récolter les insectes volants sur un parcours.";"Insectes volants";;;;;;;"true";"false";"4c9c9932-fa48-47ab-b1b1-da46879e30c4";"false"
1189;"Pêche";"1";"T1189";1189;"Pêche";;"Capture/piégeage/prélèvement";"Multi-groupes";"Technique de niveau supérieur. Regroupe les techniques de pêche.";"Tous les organismes marins et aquatiques (faune)";;;;;;;"true";"false";"cd6072c2-be47-4ec8-850d-f08c79f3338d";"false"
1190;"Piégeage attractif chimique ou alimentaire";"1";"T1190";1190;"Piégeage attractif chimique ou alimentaire";;"Capture/piégeage/prélèvement";"Insectes et araignées";"Technique de niveau supérieur. Regroupe les pièges d'attraction destinés aux insectes utilisant des appâts alimentaires ou sexuels (phéromones).";"Insectes";;;;;;;"true";"false";"8de6e86f-18a8-4813-a1d7-27f474cadd1e";"false"
1191;"Capture/piégeage lumineux";"1";"T1191";1191;"Capture/piégeage lumineux";;"Capture/piégeage/prélèvement";"Multi-groupes";"Technique de niveau supérieur. Regroupe les techniques utilisant l'attraction de la lumière pour piéger les individus.";"Insectes, Tortues";;;;;;;"true";"false";"b3e7cf13-1085-446e-8235-cae68b894b19";"false"
1192;"Autres pièges à insectes";"1";"T1192";1192;"Autres pièges à insectes";;"Capture/piégeage/prélèvement";"Insectes et araignées";"Technique de niveau supérieur. Regroupe les pièges à insectes qui n'entrent dans aucune des autres catégories listées.";"Insectes";;;;;;;"true";"false";"ee59d1d3-85b5-436b-8582-75885637fea4";"false"
1193;"Piégeage à fosse, pièges-barrières";"1";"T1193";1193;"Piégeage à fosse, pièges-barrières";;"Capture/piégeage/prélèvement";"Multi-groupes";"Technique de niveau supérieur. Regroupe les techniques incluant des pièges enterrés dans le sol interceptant les animaux mobiles qui y tombent avec ou sans barrières les orientant vers ces pièges.";"Insectes, Amphibiens, Reptiles, micro-mammifères";;;;;;;"true";"false";"d3b66818-8ad8-44b6-99fc-61a5d84f85c2";"false"
1194;"Piégeage de type Malaise";"1";"T1194";1194;"Piégeage de type Malaise";;"Capture/piégeage/prélèvement";"Insectes et araignées";"Technique de niveau supérieur. Regroupe les pièges d'interception constitués d'une fine maille en forme de tente, avec des côtés ouverts et un plan central vertical orientant les insectes vers un toit conique avec un dispositif de récolte en haut.";"Insectes volants";;;;;;;"true";"false";"586336b7-61e6-4a12-8e0f-55e1aecfc862";"false"
1195;"Piégeage par piège-vitre";"1";"T1195";1195;"Piégeage par piège-vitre";;"Capture/piégeage/prélèvement";"Insectes et araignées";"Technique de niveau supérieur. Regroupe les pièges-vitre à partir de récipient de collecte disposé sous un obstacle d’interception plan (interception bidirectionnelle), ou croisé (interception multidirectionnelle) en position verticale.";"Coléoptères saproxyliques, Hyménoptères, Diptères, Homoptères, Hétéroptères";;;;;;;"true";"false";"a530c5bc-1dfe-44b8-b2ce-2c7d45bf06c7";"false"
1196;"Piégeage par enceinte d'émergence";"1";"T1196";1196;"Piégeage par enceinte d'émergence";;"Capture/piégeage/prélèvement";"Insectes et araignées";"Technique de niveau supérieur. Regroupe les pièges via un substrat colonisé par les larves que l'on entoure ou coiffe par des enceintes (nasse terrestre ou aquatique). Phototropisme positif des insectes vers ouvertures équipées de récipients de collecte.";"Coléoptères saproxyliques, Trichoptères, Plécoptères, Ephéméroptères, Diptères aquatiques";;;;;;;"true";"false";"b8f56649-81bf-46bf-99e2-ab3e23d05053";"false"
1197;"Capture/piégeage par nasse ou cage aquatique, verveux";"1";"T1197";1197;"Capture/piégeage par nasse ou cage aquatique, verveux";;"Capture/piégeage/prélèvement";"Multi-groupes";"Technique de niveau supérieur. Regroupe les pièges à base d'une nasse ou d'un filet verveux disposés sous la surface de l'eau avec ou sans appât.";"Coléoptères hydrocanthares prédateurs et carnassiers, Amphibiens, Tortues, Desman des Pyrénées, Poissons";;;;;;;"true";"false";"f1040722-bfe2-4a62-967f-d7b4e2b9516a";"false"
1198;"Capture par pièges terrestres non vulnérants";"1";"T1198";1198;"Capture par pièges terrestres non vulnérants";;"Capture/piégeage/prélèvement";"Multi-groupes";"Technique de niveau supérieur. Regroupe les pièges terrestres non vulnérants de différentes natures (cage, lacet, collet) pour vertébrés, nécessitant la présence de l'observateur pour relâcher les individus.";"Mammifères, Reptiles, Oiseaux";;;;;;;"true";"false";"71fcdc23-4292-4fa7-a60e-7d970b4c7b08";"false"
1199;"Capture par cages aquatiques flottantes";"2";"T1199";1199;"Capture par cages aquatiques flottantes";;"Capture/piégeage/prélèvement";"Amphibiens et reptiles";"Cages flottantes immergées utilisées pour les tortues d'eau, nécessitant la présence de l'observateur pour relâcher les individus. Souvent appâtées, et laissées partiellement hors de l'eau.";"Tortues aquatiques";"Active";"Dérangement";"Pas de prélèvement";;;;"true";"false";"6258f48a-05e6-41dc-8f98-6c3cf3d80c5b";"false"
1201;"Prélèvement de substrat et extraction";"1";"T1201";1201;"Prélèvement de substrat et extraction";;"Capture/piégeage/prélèvement";"Multi-groupes";"Technique de niveau supérieur. Regroupe les techniques terrestres et aquatiques de prélèvements du substrat à partir duquel une extraction des individus est réalisée.";"Invertébrés divers (insectes, annélides, planaires turbellariés, Arthropodes, mollusques bivalves, etc.";;;;;;;"true";"false";"25db8542-dc4e-4268-b8ed-00199e969725";"false"
1202;"Contact olfactif, recherche par détection d'odeurs";"1";"T1202";1202;"Contact olfactif, recherche par détection d'odeurs";;"Indices de présence";"Multi-groupes";"Technique de niveau supérieur. Regroupe les techniques de détection d'un individu par une odeur caractéristique.";"Toutes les espèces dégageant une odeur spécifique";;;;;;;"true";"false";"0e189a8c-a4b4-416b-85fc-b113d0b9631d";"false"
1203;"Récolte d'indices de présence";"1";"T1203";1203;"Récolte d'indices de présence";;"Indices de présence";"Multi-groupes";"Technique de niveau supérieur. Regroupe les techniques de collecte (directe ou via un dispositif particulier) puis d'analyse d'indices de présence.";"Principalement les Vertébrés (Mammifères, Oiseaux, Amphibiens et Reptiles)";;;;;;;"true";"false";"c520fa39-57cd-4726-957a-0460d1fae466";"false"
